inn,year,region,okved,PL_revenue,PL_net_profit,B_assets,B_total_equity,B_shortterm_liab,CF_balance_operating,age,eligible,filed,outlier,B_noncurrent_assets,B_current_assets,B_cash_equivalents,B_longterm_debt,PL_cost_of_sales,PL_profit_from_sales,PL_before_tax,CF_balance_invest,CF_balance_fin,CF_balance
2310211630,2022,krasnodar,46.48.20,,,,,,,4.0,1.0,0.0,0.0,,,,,,,,,,
7453339789,2022,chelyabinsk,46.69.90,1101.0,162.0,200.0,183.0,17.0,,1.0,1.0,1.0,0.0,,200.0,23.0,,-883.0,218.0,202.0,,,
7300008395,2022,ulyanovsk,49.41,455.0,0.0,49056.0,10.0,1545.0,,0.0,1.0,1.0,0.0,48789.0,267.0,20.0,,-452.0,3.0,2.0,,,
9718191767,2022,moscow city,73.11,,,,,,,0.0,1.0,0.0,0.0,,,,,,,,,,
5257122909,2022,nizhni novgorod,68.32.10,,,,,,,11.0,1.0,0.0,0.0,,,,,,,,,,
6154157193,2022,rostov,28.21.10,150838.0,12004.0,10927.0,7071.0,3856.0,,2.0,1.0,1.0,0.0,,10927.0,390.0,,-137308.0,13530.0,13382.0,,,
7022013648,2022,tomsk,75,233.0,-249.0,1319.0,1291.0,28.0,,17.0,1.0,1.0,0.0,,1319.0,0.0,,-465.0,-232.0,-249.0,,,
7730232367,2022,moscow city,64.30,,,,,,,5.0,1.0,0.0,0.0,,,,,,,,,,
7718703179,2022,moscow city,73.11,,,,,,,14.0,1.0,0.0,0.0,,,,,,,,,,
7727838623,2022,moscow city,77.40,163296.0,62630.0,117714.0,43000.0,52448.0,,8.0,1.0,1.0,0.0,26949.0,90764.0,8059.0,,-95141.0,68155.0,67518.0,,,
7604104654,2022,yaroslavl,33.12,0.0,0.0,82.0,19.0,63.0,,15.0,1.0,1.0,0.0,,82.0,,,0.0,,0.0,,,
7724396818,2022,moscow city,64.99,,,,,,,5.0,1.0,0.0,0.0,,,,,,,,,,
6686146080,2022,sverdlovsk,41.20,,0.0,0.0,,,,0.0,0.0,0.0,0.0,,,,,,,,,,
9709076260,2022,moscow city,85.42,,,,,,,1.0,1.0,0.0,0.0,,,,,,,,,,
7203298882,2022,tyumen,46.69.10,31825.0,248.0,3558.0,1796.0,1762.0,,9.0,1.0,1.0,0.0,334.0,3224.0,474.0,,-31421.0,404.0,327.0,,,
5262352513,2022,nizhni novgorod,68.10,,-3106.0,21663.0,-7687.0,,,5.0,1.0,1.0,0.0,21438.0,226.0,67.0,29350.0,-2985.0,-2985.0,-3106.0,,,
5022054369,2022,moscow reg.,66.19,,,,,,,5.0,1.0,0.0,0.0,,,,,,,,,,
5036133469,2022,moscow reg.,43.11,,,,,,,9.0,1.0,0.0,0.0,,,,,,,,,,
7448231388,2022,chelyabinsk,46.31,,,,,,,1.0,1.0,0.0,0.0,,,,,,,,,,
2320103545,2022,krasnodar,45.20.20,,,,,,,19.0,1.0,0.0,0.0,,,,,,,,,,
7720871741,2022,moscow city,95.11,4164.0,7.0,546.0,82.0,464.0,,0.0,1.0,1.0,0.0,,546.0,17.0,,-4149.0,15.0,9.0,,,
7743207953,2022,moscow city,33.12,12635.0,531.0,1660.0,1306.0,354.0,,5.0,1.0,1.0,0.0,,1660.0,2.0,,-11907.0,728.0,664.0,,,
8609019348,2022,khanty-mansijsk,85.42.10,5556.0,-2743.0,1779.0,-5774.0,7553.0,,6.0,1.0,1.0,0.0,793.0,986.0,201.0,,-6565.0,-1009.0,-2701.0,,,
3702198886,2022,ivanovo,46.41,,,8268.0,8268.0,0.0,,4.0,1.0,1.0,0.0,0.0,8268.0,52.0,0.0,,,,,,
9724082685,2022,moscow city,43.29,26046.0,283.0,98.0,30.0,68.0,,0.0,1.0,1.0,0.0,,98.0,,,-25343.0,703.0,351.0,,,
6164300332,2022,rostov,41.20,,,,,,,12.0,1.0,0.0,0.0,,,,,,,,,,
2312306929,2022,krasnodar,86.90,115.0,-904.0,420.0,-894.0,1314.0,,1.0,1.0,1.0,0.0,136.0,284.0,33.0,,-996.0,-881.0,-901.0,,,
7609026664,2022,yaroslavl,08.12,,-10.0,289.0,19.0,270.0,,10.0,1.0,1.0,0.0,,289.0,76.0,,,,-10.0,,,
1686000980,2022,tatarstan,46.36.20,71487.0,6445.0,10310.0,6824.0,3486.0,,1.0,1.0,1.0,0.0,,10310.0,0.0,,-64110.0,7377.0,7161.0,,,
5027230890,2022,moscow reg.,68.32,,,10.0,10.0,,,7.0,1.0,1.0,0.0,,10.0,10.0,,,,,,,
7801266100,2022,sankt-petersburg,36.00.10,41486.0,-7209.0,8805.0,8037.0,768.0,,18.0,1.0,1.0,0.0,267.0,8538.0,7641.0,,-34326.0,7160.0,6084.0,,,
5032244880,2022,moscow reg.,69.20,,,,,,,6.0,1.0,0.0,0.0,,,,,,,,,,
4725483095,2022,leningrad,43.12.30,59112.0,3779.0,40742.0,1210.0,37806.0,49.0,10.0,1.0,1.0,0.0,29760.0,10982.0,49.0,330.0,-81941.0,-28220.0,4743.0,0.0,0.0,49.0
2221233720,2022,altai terr.,46.73,2782.0,-944.0,10296.0,4314.0,5982.0,,5.0,1.0,1.0,0.0,,10296.0,96.0,,-3652.0,-870.0,-926.0,,,
6316265822,2022,samara,49.42,,,,,,,2.0,1.0,0.0,0.0,,,,,,,,,,
2373009761,2022,krasnodar,94.11,0.0,0.0,0.0,0.0,0.0,,7.0,1.0,1.0,0.0,0.0,0.0,0.0,0.0,0.0,0.0,0.0,,,
7731315577,2022,moscow city,43.22,68272.0,81.0,28077.0,91.0,27986.0,,6.0,1.0,1.0,0.0,,28077.0,441.0,,-63263.0,5009.0,101.0,,,
5074058149,2022,moscow reg.,46.73,9040.0,41.0,3635.0,50.0,3585.0,,5.0,1.0,1.0,0.0,,3635.0,337.0,,-8943.0,97.0,51.0,,,
7743373453,2022,moscow city,43.39,,,,,,,0.0,1.0,0.0,0.0,,,,,,,,,,
6382088799,2022,samara,41.20,,,,,,,0.0,1.0,0.0,0.0,,,,,,,,,,
6143096365,2022,rostov,47.52.73,1373.0,116.0,1633.0,416.0,13.0,,4.0,1.0,1.0,0.0,,1633.0,110.0,1204.0,-1238.0,135.0,130.0,,,
6685175842,2022,sverdlovsk,69.20,343.0,67.0,10.0,10.0,,,2.0,1.0,1.0,0.0,,10.0,,,-271.0,72.0,72.0,,,
2312193496,2022,krasnodar,71.11.10,,,,,,,10.0,1.0,0.0,0.0,,,,,,,,,,
5834057839,2022,penza,46.90,5448.0,-173.0,153.0,-413.0,566.0,,9.0,1.0,1.0,0.0,,153.0,0.0,,-5234.0,-234.0,-173.0,,,
5032294458,2022,moscow reg.,68.20,84469.0,-51953.0,835002.0,201485.0,633517.0,,4.0,1.0,1.0,0.0,3083.0,831919.0,3637.0,,-76062.0,-29445.0,-51610.0,,,
1832129569,2022,udmurtia,77.32,1306.0,-347.0,5417.0,-1203.0,351.0,,7.0,1.0,1.0,0.0,1801.0,3616.0,6.0,6269.0,-1592.0,-286.0,-280.0,,,
7807148181,2022,sankt-petersburg,69.10,,,,,,,6.0,1.0,0.0,0.0,,,,,,,,,,
3665073639,2022,voronezh,47.52.70,87033.0,18.0,18062.0,7179.0,9221.0,,13.0,1.0,1.0,0.0,2627.0,15435.0,701.0,1662.0,-54382.0,1063.0,870.0,,,
0274926876,2022,bashkortostan,27.11,,,,,,,5.0,1.0,0.0,0.0,,,,,,,,,,
6623090821,2022,sverdlovsk,71.12.10,783.0,129.0,382.0,382.0,0.0,,10.0,1.0,1.0,0.0,,382.0,382.0,,-654.0,129.0,129.0,,,
7719049784,2022,moscow city,68.32.10,,65.0,2454.0,,2453.0,,27.0,1.0,1.0,0.0,,2454.0,2272.0,,,,65.0,,,
5009054507,2022,moscow reg.,49.31,139334.0,40099.0,45555.0,534.0,35244.0,,16.0,1.0,1.0,0.0,277.0,45278.0,909.0,9777.0,-125599.0,13735.0,41593.0,,,
9721163368,2022,moscow city,43.29,8293.0,126.0,1537.0,176.0,1361.0,,0.0,1.0,1.0,0.0,,1537.0,,,-8126.0,167.0,157.0,,,
7220005631,2022,tyumen,68.32.10,19008.0,3971.0,6396.0,3890.0,2506.0,,8.0,1.0,1.0,0.0,0.0,6396.0,501.0,,-7092.0,4803.0,4131.0,,,
5030035754,2022,moscow reg.,28.92,20683.0,146.0,6544.0,2232.0,4313.0,,23.0,1.0,1.0,0.0,23.0,6521.0,2678.0,,-19846.0,837.0,374.0,,,
7736329260,2022,moscow city,46.73,,,,,,,2.0,1.0,0.0,0.0,,,,,,,,,,
5031141508,2022,moscow reg.,47.91,,,,,,,1.0,1.0,0.0,0.0,,,,,,,,,,
6658519237,2022,sverdlovsk,41.20,,-3418.0,70849.0,-5576.0,17864.0,,4.0,1.0,1.0,0.0,1403.0,69445.0,3.0,58561.0,-1358.0,-1358.0,-2848.0,,,
6168117360,2022,rostov,56.30,,,,,,,0.0,1.0,0.0,0.0,,,,,,,,,,
7447292282,2022,chelyabinsk,46.69.80,110060.0,29130.0,53099.0,32676.0,20423.0,,3.0,1.0,1.0,0.0,,53099.0,4287.0,,-78794.0,31266.0,32020.0,,,
7722368124,2022,moscow city,41.20,110.0,6.0,765.0,149.0,616.0,,6.0,1.0,1.0,0.0,,765.0,24.0,,-32.0,78.0,6.0,,,0.0
5047219164,2022,moscow reg.,86.10,4045.0,1941.0,3422.0,1952.0,1455.0,,4.0,1.0,1.0,0.0,,3422.0,1464.0,15.0,-1922.0,2123.0,2097.0,,,
7704145527,2022,moscow city,,,,,,,,26.0,1.0,0.0,0.0,,,,,,,,,,
6168042280,2022,rostov,,,,,,,,22.0,1.0,0.0,0.0,,,,,,,,,,
2632113570,2022,stavropol,73.11,,,,,,,3.0,1.0,0.0,0.0,,,,,,,,,,
7816328624,2022,sankt-petersburg,52.29,16991.0,2500.0,13221.0,3358.0,9743.0,,6.0,1.0,1.0,0.0,14.0,13207.0,579.0,120.0,-14265.0,2726.0,2691.0,,,
7451432648,2022,chelyabinsk,46.72,,,,,,,4.0,1.0,0.0,0.0,,,,,,,,,,
1215167682,2022,marij el,18.12,892577.0,164091.0,332487.0,260055.0,71843.0,184393.0,10.0,1.0,1.0,0.0,113751.0,218736.0,56073.0,0.0,-604204.0,226289.0,206251.0,12040.0,-131081.0,65352.0
0534075718,2022,dagestan,19.20,,,,,,,17.0,1.0,0.0,0.0,,,,,,,,,,
1657259097,2022,tatarstan,41.20,,,,,,,2.0,1.0,0.0,0.0,,,,,,,,,,
4345274225,2022,kirov,62.09,211.0,-30.0,164.0,32.0,132.0,,12.0,1.0,1.0,0.0,,164.0,0.0,,-219.0,-8.0,-17.0,,,
7716853147,2022,moscow reg.,46.72.20,320505.0,26802.0,77584.0,45521.0,30471.0,,5.0,1.0,1.0,0.0,2465.0,75119.0,4581.0,,-288802.0,31703.0,33798.0,,,
7714346247,2022,moscow city,49.40,,0.0,30846.0,1407.0,26814.0,,7.0,1.0,1.0,0.0,4780.0,26065.0,270.0,,,,0.0,,,
9721061366,2022,moscow city,86.23,32350.0,2149.0,16323.0,11591.0,2781.0,,4.0,1.0,1.0,0.0,4793.0,11530.0,3454.0,0.0,-29582.0,2768.0,2510.0,,,
1659197470,2022,tatarstan,46.73,77898.0,4600.0,43068.0,5637.0,17146.0,,3.0,1.0,1.0,0.0,,43068.0,372.0,20285.0,-71686.0,6212.0,5750.0,,,
2348020916,2022,krasnodar,68.32.20,,,0.0,0.0,,,20.0,1.0,1.0,0.0,,,,,,,,,,
9303031580,2022,donetsk,,,,,,,,3.0,1.0,0.0,0.0,,,,,,,,,,
5410059053,2022,novosibirsk,49.40,,,30.0,30.0,0.0,,6.0,1.0,1.0,0.0,,30.0,0.0,,,,,,,
4702008329,2022,leningrad,68.32.10,,,5133.0,,580.0,,18.0,1.0,1.0,0.0,193.0,4940.0,4061.0,,,,,,,
7422046239,2022,chelyabinsk,46.90,36181.0,384.0,91855.0,53844.0,36060.0,,12.0,1.0,1.0,0.0,526.0,91329.0,1370.0,1944.0,-34104.0,656.0,462.0,,,0.0
7813662363,2022,sankt-petersburg,46.90,1189.0,3.0,900.0,3.0,897.0,,0.0,1.0,1.0,0.0,,900.0,109.0,,-1008.0,22.0,4.0,,,0.0
0278090381,2022,bashkortostan,68.10,,,,,,,20.0,1.0,0.0,0.0,,,,,,,,,,
5725002893,2022,oryol,68.32.20,,,0.0,,,,35.0,1.0,1.0,0.0,,,,,,,,,,
4816007350,2022,lipetzk,84.11.30,,,0.0,,,,17.0,0.0,1.0,0.0,,0.0,,,,,,,,0.0
7711006517,2022,moscow city,96.01,37362.0,9429.0,31001.0,23746.0,7254.0,-236.0,27.0,1.0,1.0,0.0,15942.0,15059.0,926.0,,-46184.0,-8822.0,7985.0,0.0,400.0,164.0
2463214123,2022,krasnoyarsk,46.46.10,12345.0,232.0,11281.0,2872.0,8409.0,,13.0,1.0,1.0,0.0,460.0,10821.0,0.0,,-12387.0,-42.0,349.0,,,
4027012843,2022,kaluga,64.99.10,35.0,3.0,121.0,79.0,42.0,4.0,30.0,1.0,1.0,0.0,2.0,119.0,8.0,,-5.0,-2.0,3.0,-4.0,,0.0
6321300712,2022,samara,45.30,,-8.0,98.0,-18.0,116.0,,10.0,1.0,1.0,0.0,13.0,85.0,,,-8.0,-8.0,-8.0,,,
5614006684,2022,orenburg,68.32.20,0.0,0.0,0.0,,,,27.0,1.0,1.0,0.0,,,,,,0.0,0.0,,,
4501122769,2022,kurgan,68.32.10,4.0,36.0,2764.0,2334.0,430.0,,16.0,1.0,1.0,0.0,,2764.0,2219.0,,,4.0,39.0,,,
5260009580,2022,nizhni novgorod,47.73,56969.0,-4471.0,13306.0,-1344.0,14650.0,,31.0,1.0,1.0,0.0,187.0,13119.0,5118.0,,-39649.0,-3196.0,-3898.0,,,
5044113811,2022,moscow reg.,86.10,,317.0,61203.0,60171.0,1032.0,,4.0,1.0,1.0,0.0,39547.0,21656.0,3559.0,,,,337.0,,,
6512002918,2022,sakhalin,03.11,867677.0,263721.0,963214.0,887929.0,75285.0,,25.0,1.0,1.0,0.0,97472.0,865742.0,299416.0,0.0,-510443.0,357234.0,263721.0,,,
7811753657,2022,sankt-petersburg,46.75,363600.0,6844.0,139780.0,8049.0,131731.0,,2.0,1.0,1.0,0.0,4742.0,135039.0,39844.0,,-354335.0,9265.0,8564.0,,,
3525468323,2022,vologda,41.20,227.0,23.0,1116.0,210.0,906.0,,1.0,1.0,1.0,0.0,,1116.0,0.0,,-183.0,44.0,38.0,,,
3308001066,2022,vladimir,41.20,40457.0,57.0,17246.0,1842.0,15395.0,,23.0,1.0,1.0,0.0,142.0,17105.0,39.0,,-40242.0,215.0,72.0,,,
7727285217,2022,moscow city,46.90,,,,,,,6.0,1.0,0.0,0.0,,,,,,,,,,
9703051573,2022,moscow city,41.20,,,,,,,1.0,1.0,0.0,0.0,,,,,,,,,,
9311016391,2022,donetsk,,,,,,,,7.0,1.0,0.0,0.0,,,,,,,,,,
7839436270,2022,sankt-petersburg,72.19,33097.0,1345.0,52534.0,11147.0,41387.0,,12.0,1.0,1.0,0.0,15167.0,37367.0,12085.0,,-1771.0,585.0,1453.0,,,
7720661590,2022,moscow city,46.73,,-680.0,479.0,-1817.0,1497.0,,13.0,1.0,1.0,0.0,0.0,479.0,9.0,799.0,,,-680.0,,,
5835107095,2022,penza,56.10,2754.0,-1138.0,5222.0,3109.0,2113.0,,8.0,1.0,1.0,0.0,148.0,5074.0,391.0,,-2180.0,-1186.0,-1102.0,,,
5403038736,2022,novosibirsk,49.42,,,,,,,4.0,1.0,0.0,0.0,,,,,,,,,,
3801083389,2022,irkutsk,55.10,0.0,-432.0,119.0,102.0,17.0,,16.0,1.0,1.0,0.0,31.0,88.0,68.0,0.0,0.0,-407.0,-432.0,,,
3819015238,2022,irkutsk,46.73.10,10390.0,331.0,90234.0,49318.0,40916.0,,17.0,1.0,1.0,0.0,0.0,90234.0,221.0,,-3369.0,-563.0,414.0,,,
7743185450,2022,moscow city,68.20,,,,,,,6.0,1.0,0.0,0.0,,,,,,,,,,
7449034343,2022,chelyabinsk,46.90,0.0,-596.0,11092.0,1221.0,9871.0,,21.0,1.0,1.0,0.0,109.0,10984.0,0.0,0.0,-551.0,-551.0,-497.0,,,
5257186250,2022,nizhni novgorod,93.12,,,,,,,4.0,1.0,0.0,0.0,,,,,,,,,,
6663000158,2022,sverdlovsk,47.11,,,,,,,30.0,1.0,0.0,0.0,,,,,,,,,,
5022056091,2022,moscow reg.,46.73.60,23790.0,165.0,7658.0,3106.0,4552.0,,4.0,1.0,1.0,0.0,0.0,7658.0,3.0,,-10767.0,96.0,210.0,,,
6908012900,2022,tver,80.10,,,,,,,11.0,1.0,0.0,0.0,,,,,,,,,,
5809005770,2022,penza,46.31,,,,,,,0.0,1.0,0.0,0.0,,,,,,,,,,
6321453620,2022,samara,69.20,4512.0,443.0,1047.0,905.0,141.0,,4.0,1.0,0.0,0.0,,1046.0,504.0,,-3232.0,1280.0,1235.0,,,
3801009466,2022,irkutsk,19.20,,,,,,,29.0,1.0,0.0,0.0,,,,,,,,,,
3328027471,2022,vladimir,41.20,,-98.0,46.0,-88.0,134.0,,1.0,1.0,1.0,0.0,,46.0,4.0,0.0,-98.0,-98.0,-98.0,,,
1421009755,2022,yakutia,68.32.10,123938.0,11930.0,118733.0,14331.0,104402.0,,8.0,1.0,1.0,0.0,25388.0,93345.0,17807.0,,-94040.0,12754.0,13256.0,,,
7720329313,2022,moscow city,46.71,3478286.0,39882.0,206151.0,66139.0,116512.0,57033.0,6.0,1.0,1.0,0.0,47.0,206104.0,330.0,23500.0,-3301173.0,67664.0,49865.0,,-57765.0,-732.0
3301026664,2022,vladimir,35.12,0.0,0.0,0.0,,0.0,,12.0,1.0,0.0,0.0,,0.0,0.0,,0.0,,,,,
9715401920,2022,moscow city,42.22,,,,,,,1.0,1.0,0.0,0.0,,,,,,,,,,
0265043306,2022,bashkortostan,79.11,100.0,-1089.0,198.0,-4047.0,3712.0,,6.0,1.0,1.0,0.0,,198.0,95.0,533.0,-1148.0,-1048.0,-1076.0,,,
2311102009,2022,krasnodar,41.20,,,0.0,,,,15.0,1.0,0.0,0.0,,,,,,,,,,
9703004037,2022,moscow city,70.22,,-911.0,199560.0,191050.0,8510.0,,3.0,1.0,1.0,0.0,194850.0,4710.0,1697.0,,,-809.0,-911.0,,,0.0
2301094359,2022,krasnodar,56.10.10,,,,,,,5.0,1.0,0.0,0.0,,,,,,,,,,
3525112221,2022,vologda,68.20,51227.0,8297.0,122586.0,13781.0,108805.0,,21.0,1.0,1.0,0.0,111076.0,11510.0,658.0,,-30660.0,20567.0,10785.0,,,
6229037080,2022,ryazan,96.09,0.0,0.0,0.0,0.0,,,18.0,1.0,1.0,0.0,,0.0,,,,0.0,0.0,,,
9701161161,2022,moscow city,68.31,,-3.0,0.0,0.0,,,2.0,1.0,1.0,0.0,,0.0,0.0,,,,-3.0,,,
7708706124,2022,moscow city,78.30,,,10.0,10.0,,,13.0,1.0,1.0,0.0,0.0,10.0,10.0,,,,,,,
6952322274,2022,tver,68.32,3650.0,2.0,1637.0,-18.0,1655.0,,1.0,1.0,1.0,0.0,,1637.0,0.0,,-2558.0,1092.0,2.0,,,
1400002170,2022,yakutia,02.40,,,10.0,10.0,,,1.0,1.0,1.0,0.0,,10.0,,,,,,,,
1821016475,2022,udmurtia,47.11,167863.0,11804.0,24275.0,12545.0,11730.0,,1.0,1.0,1.0,0.0,,24275.0,7087.0,,-152733.0,15130.0,13764.0,,,
3123387995,2022,belgorod,46.46.20,814277.0,158762.0,219214.0,206993.0,114.0,,6.0,1.0,1.0,0.0,13651.0,205563.0,92231.0,,-600553.0,201864.0,199006.0,,,
7721502105,2022,moscow reg.,68.20,3088.0,7.0,54782.0,4662.0,428.0,,19.0,1.0,1.0,0.0,46688.0,8094.0,31.0,49691.0,-3023.0,65.0,10.0,,,
8603237639,2022,khanty-mansijsk,25.62,8554.0,476.0,9188.0,730.0,8458.0,,3.0,1.0,1.0,0.0,,9188.0,583.0,0.0,-7918.0,636.0,533.0,,,
7724883995,2022,moscow city,46.38.10,0.0,-1273.0,18048.0,14800.0,1238.0,,9.0,1.0,1.0,0.0,0.0,18048.0,1.0,2010.0,-1265.0,-1265.0,-1273.0,,,
7706165840,2022,moscow city,69.10,5490.0,102.0,643.0,495.0,148.0,,24.0,1.0,1.0,0.0,,643.0,537.0,,-5336.0,154.0,129.0,,,
1808300416,2022,udmurtia,52.20,,,20.0,,20.0,20.0,21.0,1.0,1.0,0.0,,20.0,20.0,,,,,,,20.0
7707619052,2022,moscow city,93.20,699.0,-4519.0,4860.0,4799.0,61.0,,15.0,1.0,1.0,0.0,,4861.0,4562.0,,-5551.0,-4852.0,-4223.0,,,
7727769105,2022,moscow city,46.40,,,,,,,11.0,1.0,0.0,0.0,,,,,,,,,,
1655465217,2022,tatarstan,41.10,,,10.0,10.0,,,1.0,1.0,1.0,0.0,,10.0,,,,,,,,
5902173233,2022,perm,46.74.20,,,,,,,12.0,1.0,0.0,0.0,,,,,,,,,,
2105004461,2022,chuvashia,43.21,149.0,35.0,12.0,10.0,2.0,,16.0,1.0,1.0,0.0,0.0,12.0,12.0,0.0,-114.0,35.0,35.0,,,
7702458130,2022,moscow city,94.12,,,23.0,21.0,2.0,,4.0,1.0,1.0,0.0,,23.0,1.0,,,,,,,
7729498299,2022,moscow city,73.11,,,,,,,6.0,1.0,0.0,0.0,,,,,,,,,,
7705169175,2022,tver,01.70,3102.0,-2.0,292.0,-25191.0,,,25.0,1.0,1.0,0.0,88.0,204.0,204.0,25483.0,,-2.0,-2.0,,,
7311005660,2022,ulyanovsk,01.11.10,29013.0,13549.0,61968.0,58969.0,2999.0,-769.0,17.0,1.0,1.0,0.0,37714.0,24254.0,130.0,,-15927.0,13086.0,13549.0,,,-769.0
5042072736,2022,moscow reg.,10.13,0.0,0.0,89503.0,89503.0,,,19.0,1.0,0.0,0.0,89500.0,3.0,,,0.0,,0.0,,,
1326201160,2022,mordovia,69.20,,,158.0,8.0,150.0,,15.0,1.0,1.0,0.0,8.0,150.0,5.0,,,,,,,0.0
3201002204,2022,bryansk,68.20,30488.0,3212.0,66107.0,59300.0,6807.0,,29.0,1.0,1.0,0.0,29313.0,36794.0,6536.0,,-2.0,4968.0,4102.0,,,
1838019266,2022,udmurtia,16.10,46571.0,1441.0,64774.0,12061.0,25853.0,,6.0,1.0,1.0,0.0,25018.0,39756.0,53.0,13982.0,-40895.0,5676.0,2063.0,,,
6658362579,2022,sverdlovsk,52.29,14135.0,2480.0,3009.0,2489.0,520.0,,12.0,1.0,1.0,0.0,,3009.0,2688.0,,-11377.0,2758.0,2711.0,,,
8602296857,2022,khanty-mansijsk,46.71,,,,,,,2.0,1.0,0.0,0.0,,,,,,,,,,
2365024607,2022,krasnodar,52.29,,,0.0,,,,7.0,1.0,1.0,0.0,,,,,,,,,,
5258148353,2022,nizhni novgorod,46.72.20,18939.0,488.0,9415.0,375.0,9040.0,,2.0,1.0,1.0,0.0,,9415.0,442.0,,-14928.0,638.0,610.0,,,
9731004705,2022,moscow city,62.01,,,-5.0,16.0,23.0,,4.0,1.0,1.0,0.0,,-5.0,32.0,,,,,,,
3627031927,2022,voronezh,33.12,,,,,,,8.0,1.0,0.0,0.0,,,,,,,,,,
9703019499,2022,moscow city,61.10,999.0,865.0,952.0,892.0,60.0,,2.0,1.0,1.0,0.0,,952.0,952.0,,-64.0,935.0,925.0,,,
4345474062,2022,kirov,41.20,3574.0,152.0,2181.0,1407.0,774.0,,5.0,1.0,1.0,0.0,,2181.0,738.0,,-3330.0,244.0,217.0,,,
6381003922,2022,samara,70.22,1409.0,-4290.0,45753.0,35435.0,10317.0,,21.0,1.0,1.0,0.0,44695.0,1058.0,18.0,,-583.0,-7315.0,-4094.0,,,0.0
5248039877,2022,nizhni novgorod,69.20,,,1.0,-4.0,5.0,,7.0,1.0,1.0,0.0,,1.0,1.0,,,,,,,
7609029489,2022,yaroslavl,68.32,2121.0,-5.0,384.0,287.0,97.0,,7.0,1.0,1.0,0.0,,384.0,85.0,,-2021.0,100.0,16.0,,,
7202237686,2022,tyumen,72.10,,,,,,,10.0,1.0,0.0,0.0,,,,,,,,,,
5612049347,2022,orenburg,84.23,2397.0,-678.0,625.0,618.0,7.0,,11.0,1.0,1.0,0.0,0.0,625.0,245.0,,-3052.0,-655.0,-655.0,,,
7606070023,2022,yaroslavl,71.20.70,,,,,,,14.0,1.0,0.0,0.0,,,,,,,,,,
2721194885,2022,khabarovsk,46.46,,,,,,,10.0,1.0,0.0,0.0,,,,,,,,,,
3108000241,2022,belgorod,42.99,13166.0,968.0,27888.0,27682.0,206.0,,22.0,1.0,1.0,0.0,1889.0,26000.0,2407.0,,-12984.0,182.0,1623.0,,,
4345224922,2022,kirov,46.77,1128621.0,8340.0,109957.0,81216.0,28741.0,4490.0,14.0,1.0,1.0,0.0,21811.0,88146.0,41.0,,-1106050.0,13968.0,10504.0,-14164.0,,-9674.0
5259147828,2022,nizhni novgorod,43.29,,,,,,,3.0,1.0,0.0,0.0,,,,,,,,,,
6916014884,2022,tver,94.99,,,45.0,45.0,,,15.0,1.0,1.0,0.0,,45.0,11.0,,,,,,,
7807395078,2022,sankt-petersburg,70.22,114.0,105.0,215.0,215.0,,,8.0,1.0,1.0,0.0,,215.0,2.0,,,114.0,112.0,,,
7806489213,2022,sankt-petersburg,52.20,,-67.0,635.0,527.0,108.0,,10.0,1.0,1.0,0.0,,635.0,2.0,,,-67.0,-67.0,,,0.0
7807060875,2022,sankt-petersburg,49.40,613.0,74.0,16817.0,14360.0,2457.0,,18.0,1.0,1.0,0.0,3.0,16814.0,1.0,0.0,-37.0,-202.0,120.0,,,
7805740191,2022,sankt-petersburg,68.20,12280.0,172.0,4825.0,4359.0,466.0,,4.0,1.0,1.0,0.0,788.0,4037.0,394.0,,-12162.0,118.0,215.0,,,
5948065417,2022,perm,41.20,,,0.0,0.0,0.0,0.0,0.0,1.0,1.0,0.0,0.0,0.0,0.0,0.0,,,,0.0,0.0,0.0
7736684909,2022,moscow city,73.20.10,31105.0,-1863.0,4112.0,83.0,3629.0,,8.0,1.0,1.0,0.0,166.0,3946.0,187.0,400.0,-31918.0,-813.0,-896.0,,,
2540011113,2022,primorsky terr.,46.90,668.0,208.0,2645.0,2486.0,159.0,,24.0,1.0,1.0,0.0,,2645.0,89.0,,-414.0,254.0,231.0,,,
3123325861,2022,belgorod,45.10,74268.0,2190.0,72602.0,15435.0,56948.0,,9.0,1.0,1.0,0.0,2580.0,70022.0,81.0,0.0,-71162.0,3106.0,2828.0,,,
9728012008,2022,moscow city,46.90,,,10000.0,10000.0,,,2.0,1.0,1.0,0.0,,10000.0,10000.0,,,,,,,
7703732498,2022,moscow city,68.32,28079.0,5738.0,234060.0,232256.0,1804.0,,12.0,1.0,1.0,0.0,213631.0,20429.0,823.0,,-22009.0,6070.0,6573.0,,,
5024221801,2022,moscow reg.,47.19,,-288.0,9041.0,12.0,29.0,,0.0,1.0,1.0,0.0,,9041.0,30.0,9000.0,-157.0,-157.0,-288.0,,,
7723896409,2022,sverdlovsk,46.46.20,89595.0,36616.0,159299.0,146657.0,12642.0,,8.0,1.0,1.0,0.0,7852.0,151447.0,992.0,,-56684.0,32911.0,37202.0,,,
3523010094,2022,vologda,,,,,,,,23.0,1.0,0.0,0.0,,,,,,,,,,
2901294141,2022,arkhangelsk,68.31,,,,,,,4.0,1.0,0.0,0.0,,,,,,,,,,
6453105524,2022,saratov,58,17054.0,998.0,34983.0,12715.0,1774.0,,13.0,1.0,1.0,0.0,23027.0,11955.0,312.0,20493.0,-33149.0,-16095.0,1493.0,,,
1101085820,2022,komi,43.20,,,,,,,11.0,1.0,0.0,0.0,,,,,,,,,,
3702269537,2022,ivanovo,46.38.10,57403.0,2953.0,6120.0,2963.0,3157.0,,0.0,1.0,1.0,0.0,,6120.0,71.0,,-53796.0,3607.0,3584.0,,,
6357981060,2022,samara,68.32,,,0.0,,,,13.0,1.0,1.0,0.0,,,,,,,,,,0.0
7734417552,2022,moscow city,46.90,,,,,,,4.0,1.0,0.0,0.0,,,,,,,,,,
0277122111,2022,bashkortostan,46.14.10,6149.0,177.0,737.0,632.0,105.0,147.0,10.0,1.0,1.0,0.0,,737.0,251.0,,-3698.0,323.0,198.0,,,147.0
1001296112,2022,karelia,47.76.20,,,,,,,7.0,1.0,0.0,0.0,,,,,,,,,,
5028106888,2022,moscow reg.,47.10,,,147.0,147.0,,,12.0,1.0,1.0,0.0,,147.0,,,,,,,,
4705061088,2022,leningrad,68.20.20,33209.0,37635.0,6033155.0,80101.0,1793736.0,-983432.0,9.0,1.0,1.0,0.0,1191280.0,4841875.0,486876.0,4120285.0,-33144.0,-624.0,47072.0,1687102.0,-600616.0,103054.0
7842129953,2022,sankt-petersburg,46.69.90,1763.0,-365.0,11918.0,-2064.0,5808.0,,5.0,1.0,1.0,0.0,,11917.0,354.0,8173.0,-2172.0,-409.0,-365.0,,,
0201015663,2022,bashkortostan,93.21,,,20.0,20.0,,,0.0,0.0,1.0,0.0,0.0,20.0,,,,,,,,
7810938782,2022,sankt-petersburg,80.10,1076.0,936.0,1243.0,1046.0,197.0,,0.0,1.0,1.0,0.0,,1243.0,250.0,,-63.0,1013.0,1005.0,,,
5405038330,2022,novosibirsk,95.29,,,,,,,3.0,1.0,0.0,0.0,,,,,,,,,,
9701025634,2022,moscow reg.,43.99,538.0,16.0,801.0,453.0,348.0,,7.0,1.0,1.0,0.0,,801.0,156.0,,-417.0,121.0,35.0,,,
7842387680,2022,sankt-petersburg,69.10,11468.0,6.0,6464.0,4463.0,2002.0,,14.0,1.0,1.0,0.0,1808.0,4656.0,666.0,,,130.0,130.0,,,
5835128828,2022,penza,47.72,622.0,3.0,86.0,86.0,,,4.0,1.0,1.0,0.0,,86.0,11.0,,-561.0,61.0,40.0,,,
9721113102,2022,moscow city,43.21,,,,,,,2.0,1.0,0.0,0.0,,,,,,,,,,
7724402860,2022,moscow city,46.52.10,15798.0,569.0,585.0,544.0,41.0,,5.0,1.0,1.0,0.0,78.0,507.0,248.0,0.0,-14585.0,1213.0,726.0,,,
5009113135,2022,moscow reg.,61.10.30,,,,,,,5.0,1.0,0.0,0.0,,,,,,,,,,
7705945357,2022,moscow city,69.10,,,1830.0,276.0,1554.0,,11.0,1.0,1.0,0.0,,1830.0,,,,,,,,0.0
2464251664,2022,krasnoyarsk,68.31.11,1108.0,383.0,1830.0,1795.0,35.0,,9.0,1.0,0.0,0.0,,1830.0,143.0,,,422.0,416.0,,,
2463115838,2022,krasnoyarsk,45.11.20,575668.0,22254.0,107950.0,24073.0,47877.0,44474.0,4.0,1.0,1.0,0.0,37879.0,70071.0,642.0,0.0,-519455.0,27403.0,27809.0,,-44108.0,366.0
7453314093,2022,chelyabinsk,46.69,0.0,0.0,8392.0,8144.0,248.0,,5.0,1.0,1.0,0.0,,8392.0,85.0,,0.0,,0.0,,,
5504082763,2022,omsk,69.10,,21.0,46686.0,14141.0,32545.0,10151.0,19.0,1.0,1.0,0.0,11262.0,35424.0,35424.0,,,,21.0,21.0,,10172.0
7722276900,2022,moscow city,80.10,660.0,154.0,3911.0,502.0,3409.0,,20.0,1.0,0.0,0.0,,3911.0,137.0,,-469.0,191.0,174.0,,,
5190046779,2022,murmansk,46.13,6083.0,1134.0,8302.0,6246.0,2056.0,,7.0,1.0,1.0,0.0,0.0,8302.0,2726.0,0.0,-4790.0,1293.0,1192.0,,,
6163221938,2022,rostov,69.10,747.0,585.0,630.0,10.0,620.0,,1.0,1.0,1.0,0.0,,630.0,630.0,,,747.0,630.0,,,
7727665709,2022,moscow city,68.32.10,,,,,,,14.0,1.0,0.0,0.0,,,,,,,,,,
4703178210,2022,leningrad,46.13,,,,,,,2.0,1.0,0.0,0.0,,,,,,,,,,
7202252660,2022,tyumen,46.73,57971.0,353.0,55289.0,2340.0,29683.0,,9.0,1.0,1.0,0.0,30830.0,24459.0,13718.0,,-50407.0,683.0,441.0,,,
7718696370,2022,moscow city,41.20,41392.0,301.0,20149.0,1846.0,18303.0,,14.0,1.0,1.0,0.0,1238.0,18911.0,1438.0,,-40873.0,519.0,382.0,,,
8616012865,2022,khanty-mansijsk,42.11,3427.0,2807.0,3427.0,3427.0,0.0,,4.0,1.0,1.0,0.0,,3427.0,3427.0,,-298.0,3129.0,2807.0,,,
6234084198,2022,ryazan,93.13,57663.0,17415.0,46790.0,28098.0,16582.0,,12.0,1.0,1.0,0.0,168.0,46622.0,1423.0,2110.0,,20295.0,18867.0,,,
3917504237,2022,kaliningrad,41.20,,,,,,,13.0,1.0,0.0,0.0,,,,,,,,,,
6155054384,2022,rostov,47.78,,,,,,,18.0,1.0,0.0,0.0,,,,,,,,,,
3808002847,2022,irkutsk,95.29.10,6449.0,2217.0,6263.0,6091.0,172.0,,29.0,1.0,1.0,0.0,438.0,5826.0,114.0,,-4134.0,2315.0,2412.0,,,
7801090344,2022,sankt-petersburg,63.11.10,11192.0,29.0,1761.0,487.0,1200.0,,25.0,1.0,1.0,0.0,,1761.0,322.0,74.0,-11020.0,172.0,146.0,,,
5406258641,2022,novosibirsk,68.32,41735.0,-197.0,8779.0,2552.0,6227.0,,19.0,1.0,1.0,0.0,1333.0,7446.0,252.0,,-41777.0,-42.0,224.0,,,
7825454449,2022,sankt-petersburg,47.50,,,1659.0,1659.0,,,21.0,1.0,1.0,0.0,,1659.0,,,,,,,,
0274946640,2022,bashkortostan,46.47,,,,,,,3.0,1.0,0.0,0.0,,,,,,,,,,
7717800109,2022,moscow city,59.11,124197.0,23172.0,93632.0,83031.0,7681.0,,8.0,1.0,1.0,0.0,20949.0,72683.0,45374.0,,-108885.0,15312.0,28265.0,,,
5217000559,2022,nizhni novgorod,56.10,4646.0,399.0,633.0,-627.0,1260.0,-14.0,16.0,1.0,1.0,0.0,408.0,225.0,4.0,,-2495.0,399.0,399.0,,,-14.0
3245012680,2022,bryansk,41.20,10030.0,1353.0,1734.0,1359.0,375.0,,5.0,1.0,1.0,0.0,1.0,1733.0,1024.0,,-6082.0,3948.0,1946.0,,,
7813123192,2022,sankt-petersburg,68.20,19927.0,-8549.0,157429.0,153330.0,3600.0,,23.0,1.0,1.0,0.0,138793.0,18637.0,17481.0,500.0,-28461.0,-8534.0,-7709.0,,,
7726456702,2022,moscow reg.,46.15,25945.0,374.0,5500.0,2474.0,2569.0,,3.0,1.0,1.0,0.0,76.0,5424.0,2010.0,457.0,-10624.0,1069.0,594.0,,,
7736305710,2022,moscow city,45.20,,,50.0,50.0,,,5.0,1.0,1.0,0.0,,50.0,,,,,,,,
6317141957,2022,samara,86.90,,,,,,,3.0,1.0,0.0,0.0,,,,,,,,,,
3128046861,2022,belgorod,80.10,27796.0,1457.0,8468.0,5655.0,2813.0,,18.0,1.0,1.0,0.0,250.0,8218.0,4607.0,,-25825.0,1971.0,1776.0,,,
7602111085,2022,yaroslavl,45.31.10,,,2148.0,-126.0,2274.0,,8.0,1.0,1.0,0.0,,2148.0,,,,,,,,
6732185921,2022,smolensk,41.20,,,,,,,3.0,1.0,0.0,0.0,,,,,,,,,,
4632266718,2022,kursk,20.15,,,0.0,0.0,,,2.0,1.0,0.0,0.0,,,,,,,,,,
2308108995,2022,krasnodar,70.22,,,,,,,17.0,1.0,0.0,0.0,,,,,,,,,,
5404167607,2022,novosibirsk,81.10,,,,,,,2.0,1.0,0.0,0.0,,,,,,,,,,
1103025400,2022,komi,61.10,522.0,-632.0,459.0,-742.0,1201.0,,21.0,1.0,1.0,0.0,,459.0,36.0,,-686.0,-598.0,-632.0,,,
4345316612,2022,kirov,46.69,32346.0,-2623.0,147181.0,69507.0,77674.0,,11.0,1.0,1.0,0.0,19148.0,128033.0,3038.0,,-9561.0,77.0,-2444.0,,,
2311296065,2022,krasnodar,72.19,782.0,351.0,418.0,176.0,56.0,,3.0,1.0,1.0,0.0,,418.0,60.0,186.0,-387.0,395.0,379.0,,,
2224207990,2022,altai terr.,71.11,25313.0,16459.0,11759.0,11132.0,627.0,,1.0,1.0,1.0,0.0,,11759.0,139.0,,-8435.0,16878.0,17159.0,,,
1435114076,2022,yakutia,68.31.51,4516.0,1073.0,7023.0,7023.0,0.0,,22.0,1.0,1.0,0.0,,7023.0,295.0,0.0,-3387.0,1129.0,1129.0,,,
9725052490,2022,moscow city,41.20,,,,,,,1.0,1.0,0.0,0.0,,,,,,,,,,
9728053131,2022,moscow city,46.73,,,,,,,1.0,1.0,0.0,0.0,,,,,,,,,,
2366008407,2022,krasnodar,41.20,,,0.0,0.0,,,4.0,1.0,0.0,0.0,,,,,,,,,,
5032295701,2022,moscow reg.,23.99.60,,,0.0,0.0,,,4.0,1.0,1.0,0.0,,0.0,0.0,,,,,,,
3123401054,2022,belgorod,46.73,29495.0,781.0,9738.0,3224.0,6514.0,,6.0,1.0,1.0,0.0,,9738.0,1452.0,,-28490.0,1005.0,976.0,,,
5308003733,2022,novgorod,02.20,12046.0,158.0,9267.0,9225.0,42.0,,7.0,1.0,1.0,0.0,6623.0,2644.0,981.0,,-11888.0,158.0,158.0,,,
7727335348,2022,moscow city,46.37,,,,,,,5.0,1.0,0.0,0.0,,,,,,,,,,
3619007085,2022,voronezh,68.20.20,13.0,-1392.0,1275.0,1232.0,42.0,,21.0,1.0,1.0,0.0,62.0,1212.0,5.0,,-1892.0,-1879.0,-1372.0,,,
7802186169,2022,sankt-petersburg,46.71.20,1453488.0,11406.0,455630.0,146280.0,209350.0,-24845.0,20.0,1.0,1.0,0.0,17735.0,437895.0,39678.0,100000.0,-1304870.0,54194.0,14393.0,-1837.0,41588.0,14906.0
7810345831,2022,sankt-petersburg,41.20,1325.0,6.0,1875.0,115.0,1760.0,-18.0,7.0,1.0,1.0,0.0,,1875.0,0.0,,-1217.0,13.0,7.0,,0.0,-18.0
2906001705,2022,arkhangelsk,94.20,,,0.0,,,,25.0,1.0,1.0,0.0,,0.0,0.0,0.0,,,,,,
7321308390,2022,ulyanovsk,16.23.10,,,,,,,17.0,1.0,0.0,0.0,,,,,,,,,,
7720450310,2022,moscow city,46.90,856.0,91.0,652.0,191.0,461.0,,4.0,1.0,0.0,0.0,,652.0,,,-436.0,116.0,107.0,,,
7733384103,2022,moscow city,46.74.30,15625.0,618.0,3269.0,817.0,2452.0,,0.0,1.0,1.0,0.0,,3270.0,253.0,,-14819.0,806.0,772.0,,,
7801375572,2022,sankt-petersburg,68.32,,,,,,,17.0,1.0,0.0,0.0,,,,,,,,,,
5261063318,2022,nizhni novgorod,68.32.10,7.0,7.0,158.0,,158.0,,14.0,1.0,1.0,0.0,,158.0,98.0,,,7.0,7.0,,,0.0
5907017037,2022,perm,96.04,6781.0,48.0,253.0,-1685.0,607.0,,7.0,1.0,1.0,0.0,,253.0,253.0,1331.0,-6625.0,156.0,116.0,,,
5406301760,2022,novosibirsk,62.01,10789.0,1671.0,6973.0,5799.0,1174.0,,17.0,1.0,1.0,0.0,,6973.0,1278.0,,-8799.0,1990.0,1906.0,,,
5612172492,2022,orenburg,43.21,8187.0,-84.0,3316.0,429.0,2887.0,,3.0,1.0,1.0,0.0,21.0,3295.0,1320.0,,-6600.0,-86.0,-105.0,,,
4501163966,2022,kurgan,41.20,,,0.0,,,,12.0,1.0,1.0,0.0,,,,,,,,,,
5911077543,2022,perm,46.73,,,,,,,5.0,1.0,0.0,0.0,,,,,,,,,,
7842200187,2022,sankt-petersburg,22.22,,,,,,,0.0,1.0,0.0,0.0,,,,,,,,,,
2724233003,2022,khabarovsk,86.10,2684.0,220.0,943.0,230.0,578.0,,3.0,1.0,1.0,0.0,,943.0,943.0,135.0,-1974.0,220.0,220.0,,,
0260002715,2022,bashkortostan,41.20,,,,,,,6.0,1.0,0.0,0.0,,,,,,,,,,
2902057464,2022,arkhangelsk,33.12,10971.0,1028.0,9129.0,5111.0,4018.0,,15.0,1.0,1.0,0.0,3699.0,5430.0,1895.0,,-9783.0,1188.0,1172.0,,,
7802131040,2022,sankt-petersburg,45.20,0.0,-24.0,2.0,-58.0,0.0,,20.0,1.0,1.0,0.0,,2.0,2.0,60.0,-6.0,-6.0,-24.0,,,
6376027734,2022,samara,46.38,,,0.0,0.0,,,5.0,1.0,1.0,0.0,,0.0,,,,,,,,
9722020972,2022,moscow city,47.52.70,,,,,,,0.0,1.0,0.0,0.0,,,,,,,,,,
6229063072,2022,ryazan,68.20,6574.0,395.0,22130.0,11694.0,5045.0,,14.0,1.0,1.0,0.0,14148.0,7982.0,1163.0,5370.0,-6051.0,523.0,494.0,,,
7713520319,2022,moscow city,73.11,9846.0,229.0,399819.0,5623.0,394197.0,,18.0,1.0,1.0,0.0,,399819.0,1951.0,,-855.0,333.0,293.0,,,
7805026741,2022,sankt-petersburg,64.99,,,0.0,0.0,0.0,,8.0,1.0,1.0,0.0,,0.0,0.0,0.0,,,,,,
7802806574,2022,sankt-petersburg,79.11,,,,,,,10.0,1.0,0.0,0.0,,,,,,,,,,
6311046400,2022,samara,79.10,,,3030.0,18.0,3012.0,,23.0,1.0,1.0,0.0,,3030.0,,,,,,,,
7817078198,2022,sankt-petersburg,22.29.20,1976465.0,239580.0,1531817.0,1435326.0,83298.0,444075.0,4.0,1.0,1.0,0.0,479888.0,1051929.0,96904.0,,-1436486.0,388818.0,303155.0,-42647.0,,401428.0
6027999503,2022,pskov,94.99,,,,,,,8.0,1.0,0.0,0.0,,,,,,,,,,
7804603097,2022,sankt-petersburg,82.30,,0.0,5.0,-15.0,,,5.0,1.0,1.0,0.0,,5.0,5.0,20.0,,,0.0,,,
7702413690,2022,moscow city,33.20,624898.0,56889.0,302301.0,84359.0,216011.0,-30533.0,5.0,1.0,1.0,0.0,9367.0,292934.0,9272.0,,-484017.0,85500.0,73618.0,35022.0,0.0,4489.0
7839027711,2022,sankt-petersburg,71.11.10,18800.0,298.0,20075.0,3226.0,16850.0,,7.0,1.0,1.0,0.0,1.0,20074.0,2499.0,,-6114.0,2442.0,707.0,,,
7447298936,2022,chelyabinsk,14.19,,,30.0,30.0,,,1.0,1.0,1.0,0.0,,30.0,,,,,,,,
7701100983,2022,moscow city,69.20,12148.0,609.0,3880.0,2473.0,1407.0,,7.0,1.0,1.0,0.0,,3880.0,174.0,,-11149.0,999.0,757.0,,,
2336018479,2022,krasnodar,10.72,,-90.0,532.0,-1725.0,,,16.0,1.0,1.0,0.0,532.0,,,2257.0,-90.0,-90.0,-90.0,,,
7801559555,2022,sankt-petersburg,70.22,15111.0,219.0,35877.0,-2033.0,37910.0,,11.0,1.0,1.0,0.0,623.0,35254.0,8.0,,-15105.0,6.0,272.0,,,
7446057399,2022,chelyabinsk,85.41,14.0,1271.0,2307.0,673.0,141.0,,13.0,1.0,1.0,0.0,,2307.0,1995.0,,-4273.0,-4259.0,1271.0,,,
4825141708,2022,lipetzk,69.20,952.0,8.0,149.0,18.0,98.0,,2.0,1.0,1.0,0.0,,149.0,54.0,33.0,-933.0,19.0,17.0,,,
0273020790,2022,bashkortostan,85.14,675.0,0.0,0.0,0.0,,,29.0,0.0,1.0,0.0,,,,,-675.0,0.0,0.0,,,
0601022930,2022,ingushetia,45.20,,,,,,,10.0,1.0,0.0,0.0,,,,,,,,,,
6325047669,2022,samara,68.32,,,2.0,2.0,0.0,,14.0,1.0,1.0,0.0,,2.0,0.0,,,,,,,
7806325455,2022,sankt-petersburg,41.20,24342.0,57.0,17205.0,3982.0,13223.0,,17.0,1.0,1.0,0.0,2139.0,15067.0,58.0,,-22514.0,1828.0,75.0,,,
5027312214,2022,moscow reg.,86.23,,0.0,0.0,0.0,0.0,,0.0,0.0,0.0,0.0,0.0,0.0,,,,,0.0,,,
2317079282,2022,krasnodar,69.10,,,,,,,7.0,1.0,0.0,0.0,,,,,,,,,,
6732141480,2022,smolensk,78.10,28.0,-206.0,230.0,-4827.0,349.0,,5.0,1.0,1.0,0.0,,230.0,0.0,4708.0,-138.0,-110.0,-206.0,,,
7804352686,2022,sankt-petersburg,41.20,1080.0,284.0,882.0,-1424.0,2307.0,,16.0,1.0,1.0,0.0,,882.0,91.0,,-711.0,369.0,349.0,,,
0229010753,2022,bashkortostan,56.30,1971.0,142.0,375.0,375.0,,,16.0,1.0,1.0,0.0,375.0,0.0,,,-1829.0,142.0,142.0,,,
6451013980,2022,saratov,46.73,22765.0,949.0,2799.0,711.0,2088.0,,4.0,1.0,1.0,0.0,736.0,2063.0,427.0,,-21501.0,1186.0,1186.0,,,
7802880835,2022,sankt-petersburg,43.99.40,119514.0,2020.0,107400.0,11872.0,94788.0,,8.0,1.0,1.0,0.0,,107400.0,1835.0,740.0,-129286.0,-9772.0,2525.0,,,
1656088314,2022,tatarstan,22.23,,,,,,,7.0,1.0,0.0,0.0,,,,,,,,,,
7326046719,2022,ulyanovsk,46.21,,,11.0,10.0,1.0,,8.0,1.0,1.0,0.0,,11.0,,,,,,,,0.0
3811159164,2022,irkutsk,70.22,,,0.0,0.0,0.0,,10.0,1.0,1.0,0.0,0.0,0.0,0.0,0.0,,,,,,
7709638452,2022,moscow reg.,46.31,,,,,,,17.0,1.0,0.0,0.0,,,,,,,,,,
6164136940,2022,rostov,86.23,16611.0,8935.0,12269.0,10939.0,999.0,,0.0,1.0,1.0,0.0,3359.0,8909.0,3968.0,331.0,-7067.0,9544.0,9358.0,,,
1435162023,2022,yakutia,86.23,83163.0,6304.0,37145.0,30055.0,0.0,,17.0,1.0,1.0,0.0,32007.0,5138.0,459.0,7090.0,,8927.0,6304.0,,,
7735102139,2022,moscow city,46.10,,,,,,,21.0,1.0,0.0,0.0,,,,,,,,,,
5038018430,2022,moscow reg.,33.13,12194.0,11252.0,68365.0,66769.0,1596.0,,28.0,1.0,1.0,0.0,6380.0,61985.0,3349.0,,-3244.0,8950.0,11838.0,,,
7707463077,2022,moscow city,43.29,,,,,,,0.0,1.0,0.0,0.0,,,,,,,,,,
7456042948,2022,chelyabinsk,47.42,,,242.0,189.0,53.0,,3.0,1.0,1.0,0.0,,242.0,51.0,,,,,,,
9102286299,2022,crimea,41.20,,0.0,0.0,0.0,0.0,,0.0,0.0,0.0,0.0,,0.0,,,,,0.0,,,
5034034776,2022,moscow reg.,01.41,13066.0,0.0,59329.0,1236.0,58093.0,,14.0,1.0,1.0,0.0,54.0,59276.0,56.0,,-13050.0,16.0,0.0,,,
5404029156,2022,novosibirsk,52.29,,,44.0,29.0,15.0,,6.0,1.0,1.0,0.0,,44.0,21.0,,,,,,,
6109005784,2022,rostov,46.75,1723827.0,57661.0,310570.0,152405.0,157182.0,-32588.0,7.0,1.0,1.0,0.0,48668.0,261902.0,209.0,,-1581430.0,81648.0,72815.0,0.0,4000.0,-28588.0
6601010163,2022,sverdlovsk,47.25.10,,,,,,,16.0,1.0,0.0,0.0,,,,,,,,,,
7743365830,2022,moscow city,71.20,5093.0,122.0,1508.0,257.0,1251.0,,1.0,1.0,1.0,0.0,,1509.0,731.0,,-4892.0,201.0,152.0,,,
6671447863,2022,sverdlovsk,46.73,,,,,,,8.0,1.0,0.0,0.0,,,,,,,,,,
7801698862,2022,sankt-petersburg,70.10.20,69000.0,-94380.0,26339.0,-136959.0,92700.0,,1.0,1.0,1.0,0.0,1607.0,24732.0,252.0,70598.0,-162247.0,-93247.0,-93512.0,,,
2721188338,2022,khabarovsk,81.21,,0.0,0.0,0.0,,,11.0,1.0,1.0,0.0,,0.0,0.0,,,0.0,0.0,,,
6659190428,2022,sverdlovsk,52.21.24,,,,,,,13.0,1.0,0.0,0.0,,,,,,,,,,
9704101259,2022,moscow city,46.47,4251.0,334.0,347.0,344.0,3.0,,1.0,1.0,1.0,0.0,,347.0,1.0,,-3661.0,590.0,557.0,,,
2306028744,2022,krasnodar,56.10,571.0,8.0,532.0,524.0,8.0,,16.0,1.0,1.0,0.0,,532.0,24.0,,-534.0,37.0,25.0,,,
0326600885,2022,buryatia,73.20,,,,,,,1.0,1.0,0.0,0.0,,,,,,,,,,
5047160697,2022,moscow reg.,41.20,,,,,,,8.0,1.0,0.0,0.0,,,,,,,,,,
7627001655,2022,yaroslavl,01.41,32889.0,-3858.0,31939.0,27970.0,3585.0,104.0,20.0,1.0,1.0,0.0,18653.0,13286.0,28.0,,-37207.0,-5677.0,-3858.0,,-544.0,-440.0
1001285382,2022,karelia,46.73.60,,,,,,,8.0,1.0,0.0,0.0,,,,,,,,,,
7704865638,2022,moscow city,58.11,29866.0,1627.0,30115.0,13497.0,14289.0,,8.0,1.0,1.0,0.0,9.0,30106.0,1125.0,2329.0,-27450.0,2416.0,1627.0,,,
2634102503,2022,stavropol,46.75.10,,,,,,,4.0,1.0,0.0,0.0,,,,,,,,,,
4001011210,2022,kaluga,45.31,26274.0,55.0,9453.0,106.0,5903.0,-1607.0,3.0,1.0,1.0,0.0,,9453.0,26.0,3444.0,-21649.0,217.0,69.0,,444.0,-1163.0
5237001984,2022,nizhni novgorod,46.71.20,73035.0,9075.0,16291.0,16090.0,201.0,,26.0,1.0,1.0,0.0,774.0,15517.0,5803.0,,-55545.0,10930.0,10432.0,,,
0608054842,2022,ingushetia,41.20,,,,,,,3.0,1.0,0.0,0.0,,,,,,,,,,
3922001969,2022,kaliningrad,94.99,,,0.0,,,,21.0,1.0,0.0,0.0,,,,,,,,,,
7805776085,2022,sankt-petersburg,47.53,245.0,-441.0,657.0,-723.0,15.0,,1.0,1.0,1.0,0.0,,657.0,24.0,1365.0,-676.0,-431.0,-434.0,,,
4826100038,2022,lipetzk,43.21,2416.0,295.0,3034.0,2183.0,851.0,,9.0,1.0,1.0,0.0,,3034.0,54.0,,-2076.0,340.0,336.0,,,
7444200413,2022,chelyabinsk,68.32.20,0.0,0.0,1547.0,,1547.0,,23.0,1.0,1.0,0.0,51.0,1496.0,1496.0,,0.0,,0.0,,,
6829012792,2022,tambov,80.10,17755.0,9248.0,12204.0,11458.0,746.0,,17.0,1.0,1.0,0.0,2715.0,9489.0,962.0,,-8351.0,9404.0,9780.0,,,
7714624494,2022,moscow city,46.19,15020.0,14119.0,39023.0,39023.0,,,17.0,1.0,1.0,0.0,11214.0,27809.0,295.0,,0.0,15020.0,15020.0,,,
1650006241,2022,tatarstan,68.20,51772.0,-6659.0,278834.0,246449.0,29404.0,-1614.0,23.0,1.0,1.0,0.0,174420.0,104414.0,10708.0,,-13549.0,-14328.0,7906.0,565.0,9341.0,8292.0
9702005447,2022,moscow city,41.10,,-1288.0,496.0,456.0,40.0,,3.0,1.0,1.0,0.0,300.0,196.0,50.0,,-895.0,-895.0,-1288.0,,,
4703168332,2022,leningrad,68.32,,,0.0,,,,3.0,1.0,1.0,0.0,,,,,,,,,,
5022013387,2022,moscow reg.,68.20.20,42080.0,524.0,48830.0,21419.0,27411.0,6603.0,22.0,1.0,1.0,0.0,19152.0,29678.0,14984.0,,-46260.0,-4180.0,656.0,500.0,0.0,7103.0
7727229692,2022,moscow city,,,,,,,,20.0,1.0,0.0,0.0,,,,,,,,,,
6168092130,2022,rostov,43.21,64651.0,263.0,24226.0,344.0,23753.0,2614.0,5.0,1.0,1.0,0.0,929.0,23297.0,1646.0,,-58676.0,4317.0,329.0,0.0,-1360.0,1254.0
7107071208,2022,tula,49.40,38488.0,-2558.0,18349.0,12455.0,5194.0,,19.0,1.0,1.0,0.0,63.0,18287.0,2732.0,700.0,0.0,-656.0,-2558.0,,,0.0
7806603423,2022,sankt-petersburg,46.90,3983.0,18.0,725.0,28.0,697.0,,0.0,0.0,1.0,0.0,,725.0,158.0,,-3942.0,41.0,23.0,,,
6501160486,2022,sakhalin,82.99,0.0,-2.0,52.0,-3.0,6.0,0.0,17.0,1.0,1.0,0.0,17.0,35.0,35.0,49.0,0.0,0.0,-2.0,,0.0,0.0
1686022046,2022,tatarstan,64.20,,,10.0,10.0,,,0.0,0.0,1.0,0.0,,10.0,10.0,,,,,,,
6319221157,2022,samara,41.20,102493.0,600.0,12936.0,3342.0,9594.0,,5.0,1.0,1.0,0.0,2011.0,10925.0,480.0,0.0,0.0,1163.0,1015.0,,,0.0
5906129612,2022,perm,71.20.20,,,0.0,,,,7.0,1.0,0.0,0.0,,,,,,,,,,
5042130018,2022,moscow reg.,46.49,,,,,,,9.0,1.0,0.0,0.0,,,,,,,,,,
7811569760,2022,sankt-petersburg,96.02,,,,,,,8.0,1.0,0.0,0.0,,,,,,,,,,
5024076488,2022,moscow reg.,41.20,,,,,,,16.0,1.0,0.0,0.0,,,,,,,,,,
7459001530,2022,chelyabinsk,47.50,,-2.0,198.0,198.0,0.0,,9.0,1.0,1.0,0.0,,198.0,4.0,,0.0,0.0,-2.0,,,
2723053865,2022,khabarovsk,50.40,56191.0,-24147.0,111908.0,49224.0,49635.0,,20.0,1.0,1.0,0.0,85477.0,26431.0,35.0,,-64315.0,-8124.0,-8573.0,,,
6318067858,2022,samara,49.42,2148.0,-144.0,651.0,-134.0,785.0,,0.0,1.0,1.0,0.0,,651.0,,,-2065.0,83.0,-134.0,,,
8604058375,2022,khanty-mansijsk,46.71,274.0,114.0,1364.0,-840.0,2204.0,,8.0,1.0,1.0,0.0,220.0,1144.0,76.0,,-140.0,134.0,127.0,,,
7536108577,2022,zabaikalsk terr.,43.13,,,,,,,12.0,1.0,0.0,0.0,,,,,,,,,,
6453169687,2022,saratov,43.31,3166.0,-1.0,2648.0,,134.0,,0.0,1.0,1.0,0.0,,2648.0,,2514.0,-3165.0,1.0,-1.0,,,
6207000520,2022,ryazan,95.29,300.0,-195.0,10.0,-14.0,24.0,-99.0,23.0,1.0,1.0,0.0,,10.0,1.0,,-298.0,2.0,-195.0,,,-99.0
6680009810,2022,sverdlovsk,16.10,,,,,,,1.0,1.0,0.0,0.0,,,,,,,,,,
0264016966,2022,bashkortostan,01.70,,,13.0,13.0,,,22.0,1.0,1.0,0.0,,13.0,,,,,,,,
5310011876,2022,novgorod,41.20,,,,,,,18.0,1.0,0.0,0.0,,,,,,,,,,
7734438680,2022,moscow city,46.90,9781.0,-376.0,625.0,392.0,233.0,,2.0,1.0,1.0,0.0,,626.0,30.0,,-10164.0,-383.0,-376.0,,,
5506135770,2022,omsk,68.20.20,2449.0,10.0,885.0,37.0,848.0,,6.0,1.0,1.0,0.0,640.0,245.0,0.0,0.0,-1144.0,108.0,39.0,,,
5410026065,2022,novosibirsk,41.20,,0.0,155.0,148.0,7.0,,13.0,1.0,1.0,0.0,,155.0,0.0,,,,0.0,,,
4205255984,2022,kemerovo,46.40,4676.0,294.0,4939.0,1933.0,2385.0,,10.0,1.0,1.0,0.0,,4939.0,138.0,621.0,-4412.0,264.0,327.0,,,
7730265235,2022,moscow city,47.19,,,,,,,1.0,1.0,0.0,0.0,,,,,,,,,,
2225213795,2022,altai terr.,45.32,,,0.0,,,,2.0,1.0,0.0,0.0,,,,,,,,,,
6234077120,2022,ryazan,28.41.20,1396.0,52.0,1818.0,229.0,1589.0,,12.0,1.0,1.0,0.0,,1818.0,4.0,,-458.0,89.0,65.0,,,
5035027235,2022,moscow reg.,23.19.90,32152.0,4432.0,26790.0,21513.0,4491.0,,7.0,1.0,1.0,0.0,743.0,26047.0,12535.0,786.0,-26754.0,5398.0,4755.0,,,
5407468835,2022,novosibirsk,22.23,40071.0,1415.0,2391.0,1425.0,966.0,,11.0,1.0,1.0,0.0,,2391.0,343.0,,-38656.0,1415.0,1415.0,,,
4703143480,2022,leningrad,47.73,209618.0,2311.0,46310.0,5055.0,40969.0,,6.0,1.0,1.0,0.0,3808.0,42502.0,2429.0,,-153482.0,-4059.0,4038.0,,,
6311144623,2022,samara,46.66,14463.0,485.0,22519.0,1267.0,21791.0,,9.0,1.0,1.0,0.0,0.0,22519.0,2596.0,-583.0,-9760.0,1923.0,610.0,,,0.0
7609038405,2022,yaroslavl,41.20,1836.0,4.0,1091.0,-18.0,1109.0,119.0,4.0,1.0,1.0,0.0,101.0,990.0,119.0,,-1775.0,61.0,5.0,,,119.0
7701553126,2022,moscow city,52.29,,,,,,,18.0,1.0,0.0,0.0,,,,,,,,,,
7727390243,2022,moscow city,47.53,5466.0,241.0,358.0,-1204.0,81.0,,4.0,1.0,1.0,0.0,,358.0,349.0,1481.0,-5170.0,296.0,296.0,,,
7606121535,2022,yaroslavl,46.51,,,,,,,3.0,1.0,0.0,0.0,,,,,,,,,,
7721813823,2022,moscow city,41.20,,,,,,,9.0,1.0,0.0,0.0,,,,,,,,,,
5904340264,2022,perm,69.10,,,62.0,,684.0,,6.0,1.0,1.0,0.0,,62.0,62.0,,,,,,,
6732074770,2022,smolensk,46.63,25593.0,629.0,15926.0,9491.0,6427.0,,8.0,1.0,1.0,0.0,,15926.0,162.0,,-18529.0,716.0,786.0,,,
2330006325,2022,krasnodar,01.11,,,,,,,29.0,1.0,0.0,0.0,,,,,,,,,,
6685184117,2022,sverdlovsk,46.73,,,,,,,1.0,1.0,0.0,0.0,,,,,,,,,,
1832089242,2022,udmurtia,68.20.20,62879.0,29623.0,265466.0,174121.0,22345.0,,11.0,1.0,1.0,0.0,124264.0,141202.0,127.0,69000.0,-22564.0,30664.0,34337.0,,,
6659195962,2022,sverdlovsk,45.31.10,,,,,,,13.0,1.0,0.0,0.0,,,,,,,,,,
3915445890,2022,kaliningrad,68.32,,,0.0,0.0,,0.0,18.0,1.0,1.0,0.0,,,,,,,,,,0.0
7814640323,2022,sankt-petersburg,23.61,,,10.0,10.0,,,6.0,1.0,0.0,0.0,0.0,10.0,10.0,,,,,,,
9201531583,2022,sevastopol,68.32,,,,,,,2.0,1.0,0.0,0.0,,,,,,,,,,
7710470959,2022,moscow city,69.20.10,,,,,,,19.0,1.0,0.0,0.0,,,,,,,,,,
3664226674,2022,voronezh,46.90,,,0.0,-1350.0,1350.0,,5.0,1.0,1.0,0.0,0.0,0.0,,,,,,,,
5405325856,2022,novosibirsk,93.19,,,255.0,,63.0,,16.0,1.0,1.0,0.0,,255.0,138.0,,,,,,,
7727062637,2022,moscow city,,,,,,,,29.0,1.0,0.0,0.0,,,,,,,,,,
6670150179,2022,sverdlovsk,46.77,,,,,,,16.0,1.0,0.0,0.0,,,,,,,,,,
5405058449,2022,novosibirsk,46.74,10542.0,53.0,7761.0,246.0,7515.0,,2.0,1.0,1.0,0.0,,7762.0,63.0,,-10443.0,99.0,66.0,,,
7731275959,2022,moscow city,68.20,4631.0,2726.0,11952.0,8806.0,1345.0,1816.0,19.0,1.0,1.0,0.0,1146.0,10806.0,142.0,1800.0,-393.0,2905.0,2888.0,,-11160.0,-9344.0
4345324998,2022,kirov,33.14,,,,,,,10.0,1.0,0.0,0.0,,,,,,,,,,
6661076480,2022,sverdlovsk,69.10,96.0,4.0,38.0,38.0,,,24.0,1.0,1.0,0.0,,38.0,16.0,,-91.0,5.0,5.0,,,
6686074734,2022,sverdlovsk,46.49,14232.0,303.0,14190.0,2792.0,11241.0,,7.0,1.0,1.0,0.0,833.0,13357.0,32.0,157.0,-13715.0,517.0,383.0,,,
7839075271,2022,sankt-petersburg,62.09,,,3.0,-163.0,66.0,,6.0,1.0,1.0,0.0,,3.0,,100.0,,,,,,
7103030497,2022,tula,68.32.20,,,0.0,,,,56.0,1.0,1.0,0.0,,,,,,,,,,
5260417613,2022,nizhni novgorod,85.23,140.0,128.0,247.0,196.0,51.0,127.0,7.0,1.0,1.0,0.0,,247.0,225.0,,0.0,136.0,136.0,,,127.0
5403022711,2022,novosibirsk,46.90,,,,,,,6.0,1.0,0.0,0.0,,,,,,,,,,
3906411661,2022,kaliningrad,41.20,28.0,-10.0,-10.0,-10.0,,,0.0,1.0,1.0,0.0,,-10.0,,,-36.0,-8.0,-10.0,,,
8601049693,2022,khanty-mansijsk,58,2209.0,899.0,7523.0,10.0,7516.0,,9.0,1.0,1.0,0.0,,7523.0,-79.0,-3.0,-1263.0,946.0,899.0,,,
1001083467,2022,karelia,47.11,,,,,,,26.0,1.0,0.0,0.0,,,,,,,,,,
7801314410,2022,sankt-petersburg,46.46.20,23561.0,-23806.0,12594.0,-4152.0,13527.0,,6.0,1.0,1.0,0.0,,12594.0,418.0,3219.0,-48503.0,-24942.0,-23806.0,,,
4253032949,2022,kemerovo,47.59.10,0.0,-19.0,58.0,-4485.0,4543.0,,6.0,1.0,1.0,0.0,,58.0,0.0,,-19.0,-19.0,-19.0,,,
2224152035,2022,altai terr.,77.32,,,10.0,10.0,,,10.0,1.0,1.0,0.0,,10.0,,,,,,,,
1655252716,2022,tatarstan,52.29,6786.0,634.0,340.0,328.0,12.0,,10.0,1.0,1.0,0.0,,340.0,324.0,0.0,-6011.0,775.0,704.0,,,
8903033435,2022,yamal-nenets ao,52.21.24,,,5.0,5.0,,,9.0,1.0,0.0,0.0,,5.0,,,,,,,,
7730618956,2022,moscow city,41.20,119474.0,-86918.0,3529723.0,976569.0,171540.0,-1215442.0,13.0,1.0,1.0,0.0,1090203.0,2439520.0,358855.0,2164985.0,-57675.0,-95250.0,-108921.0,,459701.0,-755741.0
3726004770,2022,ivanovo,47.19,33368.0,590.0,21794.0,7200.0,14594.0,,16.0,1.0,1.0,0.0,6.0,21787.0,348.0,,-32314.0,1054.0,757.0,,,
5243034681,2022,nizhni novgorod,43.21,6516.0,34.0,446.0,305.0,141.0,,8.0,1.0,1.0,0.0,,446.0,446.0,,-6204.0,312.0,290.0,,,
7807250266,2022,sankt-petersburg,49.41,11768.0,10.0,1173.0,26.0,1146.0,-310.0,1.0,1.0,1.0,0.0,110.0,1062.0,,,-11691.0,77.0,21.0,,310.0,0.0
3917044886,2022,kaliningrad,45.31.10,72271.0,7731.0,28497.0,9517.0,18980.0,,6.0,1.0,1.0,0.0,2.0,28495.0,4468.0,,-62057.0,10214.0,9715.0,,,
5405986020,2022,novosibirsk,46.41,,,,,,,6.0,1.0,0.0,0.0,,,,,,,,,,
6601008044,2022,sverdlovsk,01.13.10,,,0.0,,,,19.0,1.0,1.0,0.0,,,,,,,,,,
1901057100,2022,khakasia,46.38.20,332.0,-229.0,101.0,-167.0,268.0,38.0,19.0,1.0,1.0,0.0,,101.0,41.0,,-543.0,-211.0,-217.0,,,38.0
7451358761,2022,chelyabinsk,62.02,,,0.0,0.0,0.0,0.0,9.0,1.0,1.0,0.0,,0.0,0.0,,,,,,,0.0
7705285252,2022,moscow reg.,46.42,,,,,,,23.0,1.0,0.0,0.0,,,,,,,,,,
7733382836,2022,moscow city,77.32,4032.0,5.0,974.0,15.0,959.0,,0.0,1.0,1.0,0.0,,974.0,323.0,,-4011.0,21.0,7.0,,,
2308172736,2022,krasnodar,41.20,2771.0,-9.0,3327.0,-10.0,3337.0,,12.0,1.0,1.0,0.0,,3327.0,,,-2780.0,-9.0,-9.0,,,
7811198097,2022,sankt-petersburg,68.20.20,900.0,39.0,22354.0,22006.0,348.0,,7.0,1.0,1.0,0.0,11643.0,10711.0,828.0,,-1832.0,-932.0,49.0,,,
2614021912,2022,stavropol,93.11,,,,,,,3.0,1.0,0.0,0.0,,,,,,,,,,
5405401433,2022,novosibirsk,79.10,,,,,,,13.0,1.0,0.0,0.0,,,,,,,,,,
2301103980,2022,krasnodar,56.10,0.0,-1.0,10.0,-912.0,0.0,,1.0,1.0,1.0,0.0,,10.0,1.0,922.0,0.0,,0.0,,,
7705355012,2022,moscow city,71.12,17384.0,-10832.0,42118.0,41190.0,901.0,-9084.0,22.0,1.0,1.0,0.0,1833.0,40285.0,27.0,,-9107.0,54.0,-10829.0,200.0,4006.0,-4878.0
5024141218,2022,moscow reg.,45.11,2715084.0,79062.0,1606637.0,237335.0,358850.0,65000.0,9.0,1.0,1.0,0.0,609712.0,996925.0,1996.0,397050.0,-2387297.0,172789.0,99585.0,-486.0,-69293.0,-4779.0
6907010604,2022,tver,68.32.10,,,,,,,14.0,1.0,0.0,0.0,,,,,,,,,,
1837012589,2022,udmurtia,42.11,,,0.0,0.0,,,8.0,1.0,0.0,0.0,,,,,,,,,,
7309006508,2022,ulyanovsk,36,,,0.0,,,,5.0,1.0,1.0,0.0,,,,,,,,,,0.0
3827047240,2022,irkutsk,43.33,9818.0,654.0,5317.0,3982.0,97.0,,7.0,1.0,1.0,0.0,0.0,5317.0,256.0,1238.0,-8974.0,844.0,774.0,,,
9702031581,2022,moscow city,69.10,,-640.0,320.0,-630.0,,,1.0,1.0,1.0,0.0,,320.0,2.0,950.0,-637.0,-637.0,-640.0,,,
5446009761,2022,novosibirsk,60.10,,,,,,,14.0,1.0,0.0,0.0,,,,,,,,,,
7206058230,2022,tyumen,10.71,,,,,,,4.0,1.0,0.0,0.0,,,,,,,,,,
5105014218,2022,murmansk,68.20,,,10.0,10.0,,,1.0,1.0,1.0,0.0,0.0,10.0,10.0,,,,,,,
7724679541,2022,moscow city,46.90,26491.0,1265.0,9702.0,6348.0,3354.0,,14.0,1.0,1.0,0.0,,9702.0,3667.0,,-24448.0,2043.0,1826.0,,,
7705469323,2022,moscow city,79.11,6501.0,875.0,5758.0,3911.0,1847.0,,20.0,1.0,1.0,0.0,231.0,5527.0,2289.0,,-5719.0,782.0,1029.0,,,
7300012306,2022,ulyanovsk,53.20.30,,,92.0,,,,0.0,0.0,1.0,0.0,,92.0,3.0,92.0,,,,,,
1326186264,2022,mordovia,94.99,,,0.0,0.0,,,20.0,1.0,1.0,0.0,,0.0,,,,,,,,0.0
4716036206,2022,leningrad,46.71,303211.0,4077.0,170998.0,4107.0,166891.0,,10.0,1.0,1.0,0.0,954.0,170044.0,8569.0,,-292562.0,5096.0,5096.0,,,
1655417887,2022,tatarstan,43.32.30,,,,,,,3.0,1.0,0.0,0.0,,,,,,,,,,
7103040625,2022,tula,68.20,1725.0,-15.0,231.0,39.0,192.0,,16.0,1.0,1.0,0.0,,231.0,50.0,,,63.0,39.0,,,
1685000258,2022,tatarstan,82.99,6247.0,-3954.0,627.0,-3853.0,4480.0,,1.0,1.0,1.0,0.0,33.0,594.0,43.0,,-9688.0,-3441.0,-3782.0,,,
5030072996,2022,moscow reg.,69,,,0.0,-37.0,,,11.0,1.0,1.0,0.0,,,,37.0,,,,,,
6234177460,2022,ryazan,45.20,4636.0,4615.0,11817.0,4799.0,6718.0,,4.0,1.0,1.0,0.0,,11817.0,1094.0,300.0,,4636.0,4615.0,,,
7727445710,2022,moscow city,64.99.10,,242398.0,232025.0,230488.0,1537.0,-50130.0,2.0,1.0,1.0,0.0,22742.0,209283.0,863.0,,,-51947.0,235521.0,274698.0,-225448.0,-880.0
7716623880,2022,moscow city,52.29,,,,,,,14.0,1.0,0.0,0.0,,,,,,,,,,
7705767376,2022,moscow reg.,47.10,,,,,,,16.0,1.0,0.0,0.0,,,,,,,,,,
2628056295,2022,stavropol,41.20,8337.0,77.0,2847.0,2494.0,353.0,,7.0,1.0,1.0,0.0,571.0,2276.0,488.0,0.0,-8182.0,155.0,77.0,,,
7725277154,2022,moscow city,64.99,,,265.0,108.0,77.0,,7.0,1.0,1.0,0.0,142.0,123.0,117.0,0.0,,,,,,
5040091451,2022,moscow reg.,68.10,0.0,0.0,10.0,10.0,,,13.0,1.0,1.0,0.0,3.0,7.0,7.0,,,0.0,0.0,,,
2628055171,2022,stavropol,68.32,,,0.0,,,,12.0,1.0,1.0,0.0,,,,,,,,,,
5030099740,2022,moscow reg.,47.52,4173.0,34.0,418.0,216.0,219.0,-1454.0,1.0,1.0,1.0,0.0,,418.0,-77.0,-1.0,-4096.0,77.0,34.0,0.0,1200.0,-254.0
9201525759,2022,sevastopol,46.73,,,,,,,4.0,1.0,0.0,0.0,,,,,,,,,,
7007009044,2022,tomsk,68.20.20,3484.0,71.0,5796.0,4633.0,1163.0,-733.0,23.0,1.0,1.0,0.0,4510.0,1286.0,121.0,0.0,-1040.0,783.0,104.0,,770.0,37.0
6671023335,2022,sverdlovsk,49.40,,,0.0,,,,7.0,1.0,1.0,0.0,,,,,,,,,,
9704089925,2022,moscow city,46.90,19967.0,18.0,6877.0,118.0,6759.0,,1.0,1.0,1.0,0.0,,6877.0,7.0,,-19910.0,57.0,22.0,,,
9723117381,2022,moscow city,86.23,53506.0,21391.0,26148.0,24796.0,1353.0,,1.0,1.0,1.0,0.0,6351.0,19797.0,16848.0,,-29011.0,24495.0,23927.0,,,
7804607581,2022,sankt-petersburg,46.73,,,,,,,5.0,1.0,0.0,0.0,,,,,,,,,,
6317095034,2022,samara,28.29.10,1593.0,16.0,242.0,169.0,73.0,,9.0,1.0,1.0,0.0,,242.0,4.0,0.0,-1548.0,45.0,22.0,,,
7718030445,2022,moscow city,46.38.22,,,,,,,7.0,1.0,0.0,0.0,,,,,,,,,,
2353017676,2022,krasnodar,68.20,2015.0,1416.0,265.0,10.0,255.0,,22.0,1.0,0.0,0.0,175.0,90.0,90.0,,-518.0,1497.0,1416.0,,,
1639044638,2022,tatarstan,64.99,,,,,,,11.0,1.0,0.0,0.0,,,,,,,,,,
7820326041,2022,sankt-petersburg,01.62,,,,,,,11.0,1.0,0.0,0.0,,,,,,,,,,
3017060959,2022,astrakhan,68.32.10,,,39.0,39.0,,,13.0,1.0,1.0,0.0,,39.0,39.0,,,,,,,
0274961180,2022,bashkortostan,41.20,,,,,,,2.0,1.0,0.0,0.0,,,,,,,,,,
5029090609,2022,moscow reg.,46.69,20598.0,1660.0,7932.0,4460.0,3390.0,,16.0,1.0,1.0,0.0,,7932.0,1974.0,82.0,-18437.0,2161.0,2077.0,,,
7720480650,2022,moscow city,49.41,239862.0,1080.0,111012.0,1581.0,109431.0,,3.0,1.0,1.0,0.0,,111012.0,16339.0,,-238509.0,1353.0,1350.0,,,
7734546893,2022,moscow city,62,,,,,,,16.0,1.0,0.0,0.0,,,,,,,,,,
4401124579,2022,kostroma,16.23,,-444.0,71.0,-574.0,645.0,,11.0,1.0,1.0,0.0,71.0,,,,,-444.0,-444.0,,,
7445046845,2022,moscow city,68.20.20,,-987.0,86042.0,46755.0,39287.0,,12.0,1.0,1.0,0.0,16596.0,69446.0,,,,,-987.0,,,
5614042033,2022,orenburg,49.40,,,,,,,14.0,1.0,0.0,0.0,,,,,,,,,,
9403021313,2022,luhansk,10.73.1,,0.0,14.0,13.0,1.0,,0.0,1.0,0.0,0.0,,14.0,14.0,,,,,,,
5050018771,2022,moscow reg.,68.20.20,3832.0,-751.0,1338.0,-4403.0,187.0,,26.0,1.0,1.0,0.0,,1338.0,3.0,5554.0,-4525.0,-693.0,-713.0,,,
7743315885,2022,moscow city,73.11,4330.0,-354.0,2166.0,80.0,2086.0,,3.0,1.0,1.0,0.0,,2166.0,1.0,,-4628.0,-298.0,-310.0,,,
9308015944,2022,donetsk,47.19,,0.0,38648.0,32525.0,1825.0,,6.0,1.0,0.0,0.0,154.0,38494.0,1679.0,4298.0,,,,,,
3906292982,2022,kaliningrad,49.41.10,207975.0,43358.0,650909.0,130727.0,487343.0,,9.0,1.0,1.0,0.0,40230.0,610679.0,3475.0,5163.0,-200331.0,7644.0,55802.0,,,
6829143690,2022,tambov,42.11,,,,,,,4.0,1.0,0.0,0.0,,,,,,,,,,
1650300130,2022,tatarstan,45.31.10,574220.0,56233.0,213659.0,126968.0,86691.0,2435.0,7.0,1.0,1.0,0.0,896.0,212763.0,11936.0,,-468214.0,70624.0,70338.0,,-19480.0,-17045.0
9709031703,2022,moscow city,68.10,,-478.0,3886.0,3777.0,109.0,-747.0,4.0,1.0,1.0,0.0,111.0,3775.0,3688.0,,-730.0,-730.0,-589.0,201.0,0.0,-546.0
2626050925,2022,stavropol,56.10,,,,,,,0.0,1.0,0.0,0.0,,,,,,,,,,
3666075195,2022,voronezh,46.90,,,,,,,23.0,1.0,0.0,0.0,,,,,,,,,,
7713587803,2022,moscow city,46.11.34,,,,,,,16.0,1.0,0.0,0.0,,,,,,,,,,
1013003441,2022,karelia,08.11,35625.0,665.0,123014.0,18592.0,15006.0,,20.0,1.0,1.0,0.0,64293.0,58721.0,128.0,89406.0,-45844.0,-10219.0,1070.0,,,
2257005540,2022,altai terr.,36.00.20,280.0,-214.0,740.0,174.0,402.0,-138.0,10.0,1.0,1.0,0.0,681.0,59.0,5.0,164.0,-494.0,-214.0,-214.0,,164.0,26.0
7825124610,2022,sankt-petersburg,82.99,8216.0,-7970.0,7078.0,1278.0,5800.0,,23.0,1.0,1.0,0.0,111.0,6967.0,187.0,,-18251.0,-10035.0,-7882.0,,,
7445000456,2022,chelyabinsk,47.11,2185.0,3846.0,621.0,156.0,465.0,,24.0,1.0,1.0,0.0,509.0,112.0,7.0,,-3256.0,-1071.0,3846.0,,,
6168087475,2022,rostov,93.12,10436.0,-372.0,1276.0,36.0,1240.0,95.0,6.0,1.0,1.0,0.0,585.0,691.0,533.0,0.0,,-44.0,-44.0,,0.0,95.0
5507231188,2022,omsk,49.31.20,36479.0,-134.0,187.0,-173.0,360.0,,10.0,1.0,1.0,0.0,,187.0,23.0,,,227.0,231.0,,,
5019012457,2022,moscow reg.,56.10,2574.0,1901.0,3584.0,2070.0,1514.0,,25.0,1.0,1.0,0.0,,3584.0,1184.0,,-501.0,2073.0,2051.0,,,
2312287842,2022,krasnodar,46.15,363.0,-208.0,147.0,-117.0,166.0,,3.0,1.0,1.0,0.0,,147.0,2.0,98.0,-561.0,-198.0,-208.0,,,
6027057894,2022,pskov,25.10,2487.0,-759.0,18988.0,2355.0,16633.0,,22.0,1.0,0.0,0.0,137.0,18850.0,958.0,,-2961.0,-474.0,-759.0,,,
6658501631,2022,sverdlovsk,41.20,10507.0,1235.0,21888.0,2989.0,15867.0,,5.0,1.0,1.0,0.0,2.0,21886.0,132.0,3032.0,-7959.0,2548.0,1409.0,,,
7814019331,2022,sankt-petersburg,68.32.10,,285.0,5713.0,1645.0,4068.0,,34.0,1.0,1.0,0.0,104.0,5609.0,2036.0,,,,294.0,,,
7726720442,2022,moscow reg.,69,9577.0,366.0,5584.0,5119.0,466.0,,9.0,1.0,1.0,0.0,29.0,5555.0,234.0,,-8650.0,927.0,652.0,,,
1102081018,2022,komi,02.20,30034.0,1966.0,23064.0,21595.0,1470.0,,4.0,1.0,1.0,0.0,3035.0,20029.0,515.0,0.0,-28372.0,1662.0,2444.0,,,
6143071385,2022,rostov,46.73,,,,,,,13.0,1.0,0.0,0.0,,,,,,,,,,
7701713066,2022,moscow city,70.22,,,,,,,15.0,1.0,0.0,0.0,,,,,,,,,,
7801314795,2022,sankt-petersburg,56.10.10,,,,,,,6.0,1.0,0.0,0.0,,,,,,,,,,
5903015423,2022,perm,52.21.24,871.0,75.0,69.0,,59.0,,24.0,1.0,1.0,0.0,,69.0,69.0,,-783.0,88.0,88.0,,,
7701583995,2022,moscow city,41.20,,,,,,,17.0,1.0,0.0,0.0,,,,,,,,,,
3460078347,2022,volgograd,47.78.30,,,,,,,2.0,1.0,0.0,0.0,,,,,,,,,,
7811163930,2022,sankt-petersburg,73.20,9062.0,271.0,1339.0,985.0,354.0,,7.0,1.0,1.0,0.0,0.0,1339.0,545.0,0.0,-8688.0,374.0,361.0,,,
0561058535,2022,dagestan,80.10,2869.0,358.0,3450.0,2430.0,629.0,-305.0,14.0,1.0,1.0,0.0,,3450.0,293.0,391.0,-2135.0,441.0,387.0,,,-305.0
9309022380,2022,donetsk,,,,,,,,6.0,1.0,0.0,0.0,,,,,,,,,,
4703121535,2022,leningrad,68.20,,,0.0,,,,11.0,1.0,0.0,0.0,,,,,,,,,,
7725763436,2022,moscow city,62.09,,,,,,,10.0,1.0,0.0,0.0,,,,,,,,,,
7838094105,2022,sankt-petersburg,93.29,,,10.0,10.0,,,1.0,1.0,1.0,0.0,0.0,10.0,10.0,,,,,,,
1639046794,2022,tatarstan,43.12,,,,,,,10.0,1.0,0.0,0.0,,,,,,,,,,
5402060658,2022,novosibirsk,11.07.20,,,0.0,0.0,0.0,,2.0,1.0,1.0,0.0,0.0,0.0,0.0,,,,,,,
2501010821,2022,primorsky terr.,68.20.20,5967.0,136.0,2266.0,1436.0,831.0,,19.0,1.0,1.0,0.0,1424.0,843.0,124.0,,-5561.0,406.0,338.0,,,
9728001260,2022,moscow city,41.20,28393.0,376.0,11096.0,967.0,10130.0,,2.0,1.0,1.0,0.0,120.0,10976.0,859.0,,-27904.0,489.0,453.0,,,0.0
3812536986,2022,irkutsk,69.10,,0.0,9.0,9.0,,,1.0,1.0,1.0,0.0,,9.0,0.0,,,,0.0,,,
6320058699,2022,samara,61.10.10,,,30.0,30.0,,,1.0,1.0,1.0,0.0,,30.0,,,,,,,,
5445030513,2022,novosibirsk,46.69,1753.0,2.0,1965.0,1018.0,947.0,,3.0,1.0,1.0,0.0,,1965.0,159.0,,-1717.0,36.0,15.0,,,
7448047124,2022,chelyabinsk,68.20.20,,0.0,14.0,-28.0,42.0,,8.0,1.0,1.0,0.0,0.0,14.0,5.0,,,0.0,0.0,,,
7736640468,2022,moscow city,74.20,0.0,-12.0,49.0,44.0,5.0,,10.0,1.0,1.0,0.0,37.0,12.0,0.0,,0.0,,-12.0,,,
0278192915,2022,bashkortostan,45.31,75949.0,678.0,24230.0,696.0,23534.0,,10.0,1.0,1.0,0.0,,24230.0,1312.0,,-73013.0,2936.0,855.0,,,
5024212927,2022,moscow reg.,93.29,,0.0,10000.0,10000.0,0.0,0.0,1.0,1.0,1.0,0.0,10000.0,0.0,0.0,0.0,,,0.0,0.0,0.0,0.0
5029043768,2022,moscow reg.,68.20.20,27428.0,77.0,20289.0,16695.0,3593.0,,24.0,1.0,1.0,0.0,14790.0,5497.0,2608.0,,-26532.0,896.0,931.0,,,
7726415978,2022,moscow city,46.41,,,,,,,5.0,1.0,0.0,0.0,,,,,,,,,,
7222017914,2022,tyumen,58.13,3522.0,0.0,679.0,285.0,394.0,-9.0,18.0,1.0,1.0,0.0,242.0,437.0,328.0,,-7334.0,-3812.0,-4083.0,,,-9.0
0300004180,2022,buryatia,46.49,,,0.0,0.0,,,0.0,1.0,1.0,0.0,,,,,,,,,,0.0
7610128460,2022,yaroslavl,62.01,48293.0,16481.0,17935.0,8823.0,7120.0,,4.0,1.0,1.0,0.0,5604.0,12331.0,553.0,0.0,-27339.0,20954.0,18522.0,,,
7715810430,2022,moscow city,27.10,840.0,-63.0,390.0,280.0,110.0,,12.0,1.0,1.0,0.0,,390.0,124.0,,-888.0,-48.0,-63.0,,,
2466158639,2022,krasnoyarsk,95.11,,,1186.0,1009.0,61.0,,7.0,1.0,1.0,0.0,,1186.0,27.0,116.0,,,,,,
6731057532,2022,smolensk,46.30,,-128.0,0.0,-1158.0,1158.0,,16.0,1.0,1.0,0.0,,0.0,0.0,,,-106.0,-128.0,,,
6678107545,2022,sverdlovsk,41.20,,,,,,,2.0,1.0,0.0,0.0,,,,,,,,,,
1513050337,2022,north ossetia,77.32,85996.0,2304.0,42577.0,28079.0,14498.0,,8.0,1.0,1.0,0.0,18710.0,23867.0,6533.0,0.0,-82054.0,3942.0,2880.0,,,
7405013152,2022,chelyabinsk,46.90,100130.0,4795.0,12024.0,11646.0,377.0,,11.0,1.0,1.0,0.0,7527.0,4498.0,157.0,,-93743.0,6387.0,6281.0,,,
9403011851,2022,luhansk,68.20,,0.0,960.0,915.0,45.0,,7.0,1.0,0.0,0.0,630.0,330.0,327.0,,,,,,,
7448203895,2022,chelyabinsk,68.20,33019.0,871.0,88329.0,411.0,51306.0,,5.0,1.0,1.0,0.0,43870.0,44459.0,193.0,25368.0,-19661.0,3775.0,1039.0,,,
1326235546,2022,nizhni novgorod,46.31,,,,,,,6.0,1.0,0.0,0.0,,,,,,,,,,
6671019716,2022,sverdlovsk,45.30,37893.0,11726.0,36933.0,18376.0,17752.0,,7.0,1.0,1.0,0.0,445.0,36488.0,1296.0,805.0,-25848.0,12045.0,12092.0,,,
7725440900,2022,moscow city,62.01,0.0,-9598.0,2549.0,971.0,1578.0,,4.0,1.0,1.0,0.0,184.0,2365.0,164.0,,-9328.0,-9328.0,-9598.0,,,
7453257783,2022,chelyabinsk,46.72.21,12284.0,85.0,7107.0,1175.0,5932.0,,9.0,1.0,1.0,0.0,,7107.0,1333.0,,-10982.0,1302.0,103.0,,,
7806470854,2022,sankt-petersburg,20.16,329545.0,90574.0,130752.0,92699.0,36320.0,,10.0,1.0,1.0,0.0,14708.0,116044.0,1569.0,0.0,-215123.0,114422.0,113070.0,,,
6319036940,2022,samara,80.10,21968.0,1935.0,2135.0,1915.0,220.0,,27.0,1.0,1.0,0.0,73.0,2062.0,403.0,,-19453.0,2515.0,2144.0,,,
6617012350,2022,sverdlovsk,52.21.24,,,0.0,,,,16.0,1.0,1.0,0.0,,,,,,,,,,
2923006238,2022,arkhangelsk,01.10,0.0,0.0,93.0,91.0,2.0,0.0,12.0,1.0,1.0,0.0,0.0,93.0,0.0,,0.0,0.0,0.0,,,0.0
6162068444,2022,rostov,28.30.80,20481.0,-147.0,46896.0,36455.0,10441.0,,7.0,1.0,1.0,0.0,456.0,46440.0,4278.0,0.0,-18353.0,2128.0,186.0,,,
2311058134,2022,krasnodar,46.90,375779.0,1213.0,253676.0,59913.0,193595.0,-36772.0,22.0,1.0,1.0,0.0,7583.0,246093.0,6106.0,,-265355.0,10577.0,2524.0,2.0,-5848.0,-42618.0
2005263568,2022,chechnya,01.50,23.0,23.0,24.0,23.0,1.0,,21.0,1.0,1.0,0.0,,24.0,,,0.0,23.0,23.0,,,
3702200246,2022,ivanovo,63.11.10,21237.0,-4210.0,2793.0,2421.0,135.0,,4.0,1.0,1.0,0.0,283.0,2510.0,235.0,237.0,-25137.0,-3900.0,-3905.0,,,
7735177046,2022,moscow city,72.19,,,,,,,4.0,1.0,0.0,0.0,,,,,,,,,,
7725093781,2022,moscow city,63.99.12,,-272.0,31873.0,30893.0,980.0,,24.0,1.0,1.0,0.0,,31873.0,9492.0,,-254.0,-254.0,-272.0,,,
6321412085,2022,samara,52.29,,,,,,,6.0,1.0,0.0,0.0,,,,,,,,,,
9701083058,2022,moscow city,81.22,3543.0,52.0,543.0,502.0,41.0,,5.0,1.0,1.0,0.0,,543.0,123.0,,-3337.0,206.0,164.0,,,
5611085222,2022,orenburg,47.19,10072.0,-114.0,5129.0,-553.0,5682.0,,3.0,1.0,1.0,0.0,,5129.0,117.0,,-9444.0,628.0,-76.0,,,
4001010136,2022,kaluga,63.11.10,2476.0,-400.0,315.0,-301.0,617.0,,5.0,1.0,1.0,0.0,,315.0,40.0,,-2772.0,-296.0,-306.0,,,
5249167656,2022,nizhni novgorod,46.71,,,,,,,3.0,1.0,0.0,0.0,,,,,,,,,,
5321165282,2022,novgorod,68.32.10,,,0.0,,,,9.0,1.0,1.0,0.0,,,,,,,,,,
5249132396,2022,nizhni novgorod,46.73.10,,,12.0,12.0,,,8.0,1.0,1.0,0.0,,12.0,,,,,,,,
5431105261,2022,novosibirsk,41.20,,,10.0,10.0,,,10.0,1.0,1.0,0.0,,10.0,10.0,,,,,,,
2310020875,2022,krasnodar,94.99,,,,,,,23.0,1.0,0.0,0.0,,,,,,,,,,
2635093241,2022,stavropol,43.12,9181.0,1350.0,14707.0,-2429.0,7136.0,,16.0,1.0,1.0,0.0,13098.0,1609.0,1337.0,10000.0,-7211.0,1970.0,1934.0,,,
9703058226,2022,moscow city,49.41,,,,,,,1.0,1.0,0.0,0.0,,,,,,,,,,
3441031287,2022,volgograd,68.32.10,,,10.0,10.0,0.0,,15.0,1.0,1.0,0.0,,10.0,10.0,,,,,,,
5503244010,2022,omsk,62.01,,,57.0,57.0,0.0,,9.0,1.0,1.0,0.0,0.0,57.0,0.0,0.0,,,,,,
3435111449,2022,volgograd,46.13.20,,,188.0,188.0,,,11.0,1.0,1.0,0.0,,188.0,,,,,,,,
2335011880,2022,krasnodar,85.21,0.0,0.0,9.0,-1.0,10.0,,24.0,1.0,1.0,0.0,,9.0,6.0,,0.0,0.0,0.0,,,
1650336546,2022,tatarstan,43.33,42019.0,2017.0,22986.0,6093.0,16893.0,,6.0,1.0,1.0,0.0,1276.0,21711.0,256.0,,-39537.0,2482.0,2443.0,,,
5406427699,2022,novosibirsk,46.51,,,0.0,0.0,,,14.0,1.0,1.0,0.0,,,,,,,,,,
2801221943,2022,amur,47.11,16347.0,-96.0,925.0,420.0,504.0,,6.0,1.0,1.0,0.0,,925.0,319.0,,-15862.0,485.0,178.0,,,
9705154574,2022,moscow city,56.30,,,,,,,1.0,1.0,0.0,0.0,,,,,,,,,,
1628010250,2022,tatarstan,46.38,289896.0,562.0,24925.0,3921.0,20227.0,,7.0,1.0,1.0,0.0,1584.0,23341.0,820.0,777.0,-284932.0,4964.0,702.0,,,
7723757243,2022,moscow city,81.22,149322.0,1578.0,41408.0,21764.0,7879.0,,12.0,1.0,1.0,0.0,8287.0,33121.0,2742.0,11318.0,-156080.0,-6758.0,3206.0,,,
9701051730,2022,moscow city,82.30,,,,,,,6.0,1.0,0.0,0.0,,,,,,,,,,
2129054020,2022,chuvashia,86.23,,,11.0,11.0,,,18.0,1.0,1.0,0.0,,11.0,,,,,,,,
2301098730,2022,krasnodar,55.90,10995.0,-624.0,29314.0,-1441.0,5405.0,,3.0,1.0,1.0,0.0,10830.0,18484.0,899.0,25290.0,-6075.0,3904.0,-514.0,,,
7730261343,2022,moscow city,41.20,1285687.0,147642.0,730803.0,150832.0,547067.0,30580.0,2.0,1.0,1.0,0.0,4159.0,726644.0,35502.0,,-1097769.0,177182.0,178380.0,,0.0,30580.0
1657224792,2022,tatarstan,46.32,26090.0,49.0,19903.0,4926.0,14977.0,,6.0,1.0,1.0,0.0,88.0,19815.0,1300.0,,-25811.0,279.0,311.0,,,
9308021560,2022,donetsk,,,,,,,,6.0,1.0,0.0,0.0,,,,,,,,,,
7734249548,2022,moscow city,68.31.21,,,,,,,20.0,1.0,0.0,0.0,,,,,,,,,,
4823007143,2022,lipetzk,52.21.24,0.0,,10.0,,10.0,,32.0,1.0,1.0,0.0,,10.0,1.0,,0.0,,,,,
1660183063,2022,tatarstan,42.11,104755.0,9495.0,166680.0,165497.0,1183.0,5201.0,9.0,1.0,1.0,0.0,22705.0,143975.0,20774.0,,-79684.0,18088.0,13232.0,,,5201.0
7719590143,2022,moscow city,86.21,2636.0,247.0,252.0,247.0,5.0,,16.0,1.0,1.0,0.0,,252.0,36.0,,-2327.0,309.0,247.0,,,
6168093422,2022,rostov,46.34.10,179809.0,1217.0,87506.0,7141.0,80365.0,9574.0,5.0,1.0,1.0,0.0,,87506.0,364.0,,-130256.0,4923.0,1521.0,-3200.0,-6568.0,-194.0
5262321755,2022,nizhni novgorod,80.10,7972.0,7453.0,24798.0,24685.0,112.0,,7.0,1.0,1.0,0.0,,24798.0,50.0,,-175.0,7797.0,7694.0,,,
5404307389,2022,novosibirsk,47.71.50,52662.0,30085.0,109262.0,108194.0,1068.0,,15.0,1.0,1.0,0.0,48.0,109214.0,3873.0,,-21072.0,31590.0,32005.0,,,0.0
5032342937,2022,moscow reg.,41.20,,,,,,,0.0,1.0,0.0,0.0,,,,,,,,,,
7722867067,2022,moscow city,46.46.20,,,7.0,7.0,,,8.0,1.0,1.0,0.0,,7.0,7.0,,,,,,,
7017281433,2022,tomsk,43.39,94.0,83.0,2907.0,-21.0,2768.0,,11.0,1.0,1.0,0.0,,2908.0,64.0,160.0,-1.0,93.0,89.0,,,
5908080987,2022,perm,45.20,1031.0,14.0,1733.0,50.0,1683.0,,2.0,1.0,1.0,0.0,251.0,1482.0,57.0,,-214.0,20.0,18.0,,,
2462043130,2022,krasnoyarsk,46.90,,,,,,,7.0,1.0,0.0,0.0,,,,,,,,,,
1828023337,2022,udmurtia,69.10,762.0,147.0,2902.0,2864.0,38.0,,9.0,1.0,1.0,0.0,,2902.0,50.0,,-593.0,169.0,170.0,,,
7703202540,2022,moscow city,94.99,0.0,0.0,96.0,,96.0,,24.0,1.0,1.0,0.0,,96.0,96.0,,0.0,,0.0,,,
1655355768,2022,tatarstan,41.20,,,,,,,6.0,1.0,0.0,0.0,,,,,,,,,,
3808145852,2022,irkutsk,71.12.20,33411.0,0.0,32803.0,160.0,0.0,150.0,16.0,1.0,1.0,0.0,0.0,32803.0,150.0,32643.0,-25206.0,8205.0,1641.0,,,150.0
3808272113,2022,irkutsk,85.41.90,,-42.0,25.0,-53.0,78.0,,2.0,1.0,1.0,0.0,,25.0,10.0,,-14.0,-14.0,-42.0,,,
7604271327,2022,yaroslavl,13.96,6534.0,49.0,1286.0,97.0,1189.0,,8.0,1.0,1.0,0.0,,1286.0,203.0,,-6422.0,112.0,59.0,,,
8609018778,2022,khanty-mansijsk,94.99,,,0.0,,,,7.0,1.0,1.0,0.0,,,,,,,,,,
4029048820,2022,kaluga,70.22,,-55.0,1432.0,1376.0,56.0,,9.0,1.0,1.0,0.0,,1432.0,496.0,,,,-55.0,,,
5752027079,2022,oryol,52.21.24,100.0,-1.0,0.0,,,,21.0,1.0,1.0,0.0,,,,,-100.0,0.0,0.0,,,
6617023513,2022,sverdlovsk,43.22,15597.0,-1280.0,3195.0,-218.0,413.0,,8.0,1.0,1.0,0.0,2359.0,836.0,462.0,3000.0,-14518.0,1079.0,-1280.0,,,
5906091310,2022,perm,49.41,48330.0,-303.0,20150.0,20204.0,-54.0,,13.0,1.0,1.0,0.0,,20150.0,5589.0,,-48824.0,-494.0,187.0,,,
7448243440,2022,chelyabinsk,71.12.20,,-550.0,54894.0,-450.0,44716.0,-10548.0,0.0,1.0,1.0,0.0,270.0,54624.0,5642.0,10606.0,,-661.0,-688.0,,16190.0,5642.0
1659172444,2022,tatarstan,49.41,39997.0,5.0,8391.0,38.0,289.0,,6.0,1.0,1.0,0.0,5826.0,2565.0,206.0,8064.0,-39530.0,-176.0,11.0,,,
3123466326,2022,belgorod,49.41,,,,,,,2.0,1.0,0.0,0.0,,,,,,,,,,
7329026950,2022,ulyanovsk,46.35,0.0,0.0,449.0,10.0,439.0,,4.0,1.0,1.0,0.0,,449.0,,,-583.0,-583.0,0.0,,,
7713470900,2022,moscow city,46.75.20,24738.0,1205.0,5487.0,1784.0,3703.0,,3.0,1.0,1.0,0.0,,5487.0,294.0,,-23217.0,1521.0,1507.0,,,
2720032602,2022,khabarovsk,47.90,67469.0,10383.0,16630.0,3574.0,8062.0,,16.0,1.0,1.0,0.0,,16630.0,1396.0,4994.0,-51899.0,10383.0,10383.0,,,
6450112467,2022,saratov,42.21,15131.0,547.0,5463.0,768.0,4695.0,1130.0,1.0,1.0,1.0,0.0,,5463.0,1088.0,,-14437.0,694.0,685.0,-57.0,-12.0,1061.0
2723117854,2022,khabarovsk,46.74,10517.0,349.0,8130.0,6293.0,1837.0,,13.0,1.0,1.0,0.0,52.0,8078.0,57.0,,-8518.0,363.0,436.0,,,
5905264947,2022,perm,69.10,3.0,-94.0,6769.0,5910.0,354.0,,14.0,1.0,1.0,0.0,,6769.0,9.0,505.0,-91.0,-88.0,-92.0,,,
2723169161,2022,khabarovsk,71.10,3133.0,2850.0,17344.0,16541.0,803.0,,8.0,1.0,1.0,0.0,11.0,17333.0,1943.0,,-107.0,3026.0,3014.0,,,
7841077710,2022,sankt-petersburg,52.24,35790.0,65.0,6880.0,2346.0,4534.0,,4.0,1.0,1.0,0.0,60.0,6820.0,1798.0,,-34948.0,842.0,422.0,,,
4201010278,2022,kemerovo,01.13.30,,,0.0,,,,21.0,1.0,1.0,0.0,,,,,,,,,,
1651047829,2022,tatarstan,73.10,1201.0,54.0,71.0,64.0,7.0,,16.0,1.0,1.0,0.0,,71.0,13.0,,-1135.0,66.0,66.0,,,
5018127455,2022,moscow reg.,85.41,,,975.0,,678.0,,14.0,1.0,1.0,0.0,0.0,975.0,63.0,,,,,,,
9731073804,2022,moscow city,45.31,,,,,,,2.0,1.0,0.0,0.0,,,,,,,,,,
7810774904,2022,sankt-petersburg,56.10,,,,,,,3.0,1.0,0.0,0.0,,,,,,,,,,
4342003869,2022,kirov,77.39.10,0.0,0.0,10.0,10.0,,,26.0,1.0,1.0,0.0,,10.0,,,,0.0,0.0,,,0.0
9111011822,2022,crimea,52.21.24,,,0.0,,,,24.0,1.0,1.0,0.0,,,,,,,,,,
7716966038,2022,moscow city,72.19,,11.0,2808.0,1308.0,1500.0,,0.0,1.0,1.0,0.0,2787.0,21.0,15.0,,,,11.0,,,
6450107266,2022,saratov,72.19,18953.0,825.0,15147.0,-2225.0,17371.0,,3.0,1.0,1.0,0.0,,15147.0,0.0,0.0,,1154.0,1125.0,,,
6683014952,2022,sverdlovsk,33.12,139028.0,41232.0,44266.0,37627.0,6639.0,,4.0,1.0,1.0,0.0,,44266.0,1497.0,,-95024.0,44004.0,44835.0,,,
9304017330,2022,donetsk,68.20,,,,,,,8.0,1.0,0.0,0.0,,,,,,,,,,
7810436197,2022,sankt-petersburg,85.42,,,,,,,11.0,1.0,0.0,0.0,,,,,,,,,,
5024120433,2022,moscow reg.,74.90.21,,,10.0,10.0,,,11.0,1.0,1.0,0.0,,10.0,10.0,,,,,,,
4501164303,2022,kurgan,33.12,32188.0,10443.0,73364.0,72828.0,536.0,,11.0,1.0,1.0,0.0,4802.0,68562.0,6566.0,,-20453.0,11735.0,11573.0,,,
2703040441,2022,khabarovsk,56.10,0.0,-1006.0,1297.0,-229.0,289.0,,15.0,1.0,1.0,0.0,,1297.0,14.0,1237.0,-975.0,-975.0,-1000.0,,,
7841309294,2022,sankt-petersburg,68.32,,0.0,937.0,,937.0,,17.0,1.0,1.0,0.0,,937.0,96.0,,,,0.0,,,
7716216596,2022,moscow reg.,68.20.20,3824759.0,194452.0,16841714.0,626178.0,14504461.0,3860966.0,20.0,1.0,1.0,0.0,13964970.0,2876744.0,310.0,1622450.0,-3125018.0,473113.0,353160.0,,-3861261.0,-295.0
7743290359,2022,moscow city,46.73,,,,,,,3.0,1.0,0.0,0.0,,,,,,,,,,
3460058862,2022,volgograd,47.19.10,29828.0,140.0,3287.0,130.0,672.0,,7.0,1.0,1.0,0.0,,3287.0,709.0,2485.0,-29124.0,704.0,413.0,,,
7743842306,2022,sankt-petersburg,62,42428.0,3129.0,23062.0,21816.0,1246.0,,10.0,1.0,1.0,0.0,66.0,22996.0,8731.0,0.0,-38347.0,4081.0,3866.0,,,
3702267346,2022,ivanovo,46.73,21457.0,186.0,233.0,196.0,37.0,,0.0,1.0,1.0,0.0,,233.0,98.0,,-20927.0,247.0,233.0,,,
4205389917,2022,kemerovo,85.42.10,,0.0,0.0,,,,2.0,1.0,0.0,0.0,,,,,,,,,,
9404010314,2022,luhansk,01.11,,0.0,0.0,0.0,0.0,,0.0,1.0,0.0,0.0,0.0,0.0,,,,,0.0,,,
5404345842,2022,novosibirsk,45.32.29,3337.0,33.0,8661.0,8609.0,52.0,,15.0,1.0,1.0,0.0,,8661.0,64.0,,-3080.0,257.0,130.0,,,
7715828490,2022,moscow city,46.74.30,,,,,,,12.0,1.0,0.0,0.0,,,,,,,,,,
8601041694,2022,khanty-mansijsk,68.32,6548.0,-2485.0,15400.0,6054.0,9002.0,,12.0,1.0,1.0,0.0,29.0,15371.0,64.0,343.0,-8780.0,-2232.0,-2386.0,,,
2315160107,2022,krasnodar,01.10,,,,,,,12.0,1.0,0.0,0.0,,,,,,,,,,
5047204182,2022,moscow reg.,31.01,,,,,,,5.0,1.0,0.0,0.0,,,,,,,,,,
1658180330,2022,tatarstan,43.21,,,,,,,7.0,1.0,0.0,0.0,,,,,,,,,,
5017127318,2022,moscow reg.,86.90,3772.0,-1005.0,1314.0,-996.0,92.0,,1.0,1.0,1.0,0.0,,1315.0,530.0,2218.0,-4593.0,-821.0,-892.0,,,
6672284072,2022,sverdlovsk,96.02,10482.0,1385.0,100975.0,96324.0,2573.0,,14.0,1.0,1.0,0.0,,100975.0,2222.0,2078.0,-9078.0,1404.0,1699.0,,,
2536175101,2022,primorsky terr.,70.22,,0.0,62685.0,62685.0,0.0,,16.0,1.0,1.0,0.0,160.0,62525.0,55921.0,,,,0.0,,,
3616999353,2022,voronezh,49.40,32156.0,1824.0,112431.0,68942.0,12992.0,-5033.0,7.0,1.0,1.0,0.0,19639.0,92792.0,834.0,30497.0,-31377.0,-1035.0,1822.0,,214.0,-4819.0
4725011769,2022,leningrad,69.10,,,,,,,1.0,1.0,0.0,0.0,,,,,,,,,,
5921034041,2022,perm,46.33,77144.0,1062.0,6709.0,-1508.0,8217.0,,5.0,1.0,1.0,0.0,101.0,6608.0,4394.0,,-75136.0,2008.0,1833.0,,,
6673098167,2022,sverdlovsk,47.11.20,3041.0,883.0,7908.0,1114.0,6794.0,,19.0,1.0,1.0,0.0,7447.0,461.0,458.0,,-2200.0,841.0,883.0,,,
1655277647,2022,tatarstan,46.74,246.0,86.0,2262.0,97.0,2165.0,,9.0,1.0,1.0,0.0,95.0,2167.0,,,,205.0,107.0,,,
6610000884,2022,sverdlovsk,94.20,,,49.0,0.0,49.0,,25.0,1.0,1.0,0.0,,49.0,,,,,,,,
5609091606,2022,orenburg,62.01,550.0,-397.0,7420.0,669.0,6750.0,,9.0,1.0,0.0,0.0,,7420.0,4.0,,-596.0,-46.0,-199.0,,,
5029219690,2022,moscow reg.,79.11,0.0,0.0,0.0,0.0,0.0,,5.0,1.0,1.0,0.0,,0.0,0.0,,0.0,,0.0,,,
7714824172,2022,moscow city,79.11,26310.0,25063.0,52173.0,26344.0,25829.0,,12.0,1.0,1.0,0.0,0.0,52173.0,390.0,,-1149.0,25161.0,25074.0,,,
7724938034,2022,moscow city,68.20,743.0,2.0,89.0,8.0,81.0,,8.0,1.0,1.0,0.0,,89.0,25.0,,-728.0,15.0,10.0,,,
7720582972,2022,moscow city,46.72.21,458.0,367.0,2100.0,1671.0,428.0,,15.0,1.0,1.0,0.0,,2100.0,592.0,,-43.0,415.0,391.0,,,
7722569568,2022,moscow city,10.60,9344.0,1422.0,20111.0,6046.0,13281.0,,16.0,1.0,1.0,0.0,1958.0,18153.0,116.0,70.0,-8009.0,1335.0,1527.0,,,
6670287261,2022,sverdlovsk,46.40,283929.0,12545.0,36141.0,24732.0,4439.0,,12.0,1.0,1.0,0.0,7299.0,28842.0,6842.0,0.0,-270010.0,13919.0,15844.0,,,
7456002568,2022,chelyabinsk,46.72.20,10194.0,570.0,4377.0,3286.0,1091.0,,12.0,1.0,1.0,0.0,,4377.0,5.0,,-9419.0,775.0,731.0,,,
3666194065,2022,voronezh,46.43,345.0,-352.0,1009.0,294.0,715.0,,8.0,1.0,1.0,0.0,,1009.0,0.0,0.0,-598.0,-253.0,-352.0,,,
7714112496,2022,moscow city,74.30,,,,,,,25.0,1.0,0.0,0.0,,,,,,,,,,
8617025257,2022,khanty-mansijsk,49.41,,,,,,,15.0,1.0,0.0,0.0,,,,,,,,,,
5262269174,2022,nizhni novgorod,43.21,25664.0,63.0,52157.0,1137.0,51020.0,,11.0,1.0,1.0,0.0,224.0,51933.0,31.0,,-25480.0,184.0,74.0,,,
2724151738,2022,khabarovsk,46.42,,,0.0,0.0,,,11.0,1.0,1.0,0.0,,,,,,,,,,
5916030041,2022,perm,46.76.10,60105.0,408.0,8991.0,652.0,8339.0,,25.0,1.0,1.0,0.0,,8991.0,1028.0,,-59595.0,510.0,510.0,,,
7447152310,2022,chelyabinsk,62.01,1189.0,-784.0,622.0,314.0,308.0,,13.0,1.0,1.0,0.0,,622.0,290.0,,-1836.0,-647.0,-730.0,,,
1655254880,2022,tatarstan,63.11.10,,,,,,,10.0,1.0,0.0,0.0,,,,,,,,,,
7203459988,2022,tyumen,41.20,,,,,,,4.0,1.0,0.0,0.0,,,,,,,,,,
4214010910,2022,kemerovo,68.32.10,676.0,0.0,914.0,0.0,914.0,0.0,19.0,1.0,1.0,0.0,,914.0,,,-212.0,0.0,0.0,,,0.0
7326039790,2022,ulyanovsk,63.91,6968.0,-494.0,1467.0,775.0,691.0,,11.0,1.0,1.0,0.0,195.0,1272.0,206.0,2.0,-7184.0,-216.0,-279.0,,,
9103068293,2022,crimea,69.20,5691.0,702.0,25743.0,21177.0,1450.0,,7.0,1.0,1.0,0.0,5524.0,20219.0,49.0,3116.0,-4625.0,1066.0,816.0,,,
6659218169,2022,sverdlovsk,58,,,10.0,10.0,,,11.0,1.0,1.0,0.0,0.0,10.0,10.0,,,,,,,
5034058110,2022,moscow reg.,41.20,,,,,,,3.0,1.0,0.0,0.0,,,,,,,,,,
9728042147,2022,moscow city,43.29,,,,,,,1.0,1.0,0.0,0.0,,,,,,,,,,
3444201402,2022,volgograd,23.32,38324.0,5673.0,41909.0,13354.0,26789.0,,7.0,1.0,1.0,0.0,15192.0,26717.0,2588.0,,-33430.0,4894.0,6049.0,,,
7743336910,2022,moscow city,43.39,,,,,,,2.0,1.0,0.0,0.0,,,,,,,,,,
7720845614,2022,moscow city,46.73,33907.0,6063.0,13499.0,5701.0,7798.0,,1.0,1.0,1.0,0.0,,13499.0,30.0,,-27409.0,6498.0,6386.0,,,
1616005167,2022,tatarstan,68.32.20,,,1389.0,1389.0,,,26.0,1.0,1.0,0.0,,1389.0,234.0,,,,,,,0.0
7724422031,2022,moscow city,66.22,52498.0,5631.0,15163.0,14365.0,798.0,,5.0,1.0,1.0,0.0,,15163.0,1312.0,,-42388.0,7574.0,7206.0,,,
5903151793,2022,perm,68.32,,,0.0,,,,1.0,1.0,1.0,0.0,,,,,,,,,,
3525314926,2022,vologda,94.99,,,162.0,,43.0,,8.0,1.0,1.0,0.0,116.0,46.0,3.0,,,,,,,
9701085619,2022,moscow city,96.02,8587.0,3747.0,3404.0,3236.0,168.0,,5.0,1.0,1.0,0.0,0.0,3404.0,1972.0,,-4174.0,4413.0,4192.0,,,
2225209020,2022,altai terr.,46.13,239.0,2.0,89.0,81.0,8.0,,3.0,1.0,1.0,0.0,,89.0,11.0,,-235.0,4.0,2.0,,,
9725066855,2022,moscow city,41.20,,,,,,,1.0,1.0,0.0,0.0,,,,,,,,,,
7804427010,2022,sankt-petersburg,81.22,39657.0,1225.0,14470.0,13276.0,1194.0,,13.0,1.0,1.0,0.0,368.0,14102.0,2628.0,,-37139.0,2518.0,2452.0,,,
2310180893,2022,krasnodar,68.20.20,,4289.0,65179.0,-53481.0,0.0,,8.0,1.0,1.0,0.0,46473.0,18706.0,73.0,118660.0,-1468.0,-1468.0,5428.0,,,
9404000394,2022,luhansk,01.11,,0.0,249588.0,234506.0,7188.0,,0.0,1.0,0.0,0.0,152446.0,97142.0,10019.0,,,,0.0,,,
0507026373,2022,dagestan,46.31,,,,,,,0.0,1.0,0.0,0.0,,,,,,,,,,
7751198830,2022,moscow city,79.11,,,10.0,10.0,,,1.0,1.0,1.0,0.0,,10.0,10.0,,,,,,,
7806296878,2022,sankt-petersburg,86.23,65196.0,6811.0,53873.0,14719.0,39070.0,,4.0,1.0,1.0,0.0,511.0,53362.0,1722.0,84.0,-16768.0,48428.0,7038.0,,,
2304049869,2022,krasnodar,47.10,18278.0,811.0,1011.0,10.0,1001.0,,15.0,1.0,1.0,0.0,,1011.0,111.0,,-17279.0,999.0,811.0,,,
6949006021,2022,tver,47.25,,,,,,,13.0,1.0,0.0,0.0,,,,,,,,,,
3329015951,2022,vladimir,94.20,,,89.0,89.0,,,23.0,1.0,1.0,0.0,,89.0,89.0,,,,,,,
5045047590,2022,moscow reg.,71.12.40,0.0,0.0,95.0,-809.0,904.0,,12.0,1.0,1.0,0.0,,95.0,,,0.0,,,,,
7714690271,2022,moscow city,62.01,,-1482.0,2782.0,2782.0,0.0,,15.0,1.0,1.0,0.0,1670.0,1112.0,605.0,,-797.0,-797.0,-1482.0,,,
5501223670,2022,omsk,52.21.24,,-351.0,286.0,129.0,157.0,,12.0,1.0,1.0,0.0,0.0,286.0,10.0,,-351.0,-351.0,-351.0,,,
5401361821,2022,novosibirsk,47.59.10,27736.0,703.0,32635.0,1738.0,14766.0,,10.0,1.0,1.0,0.0,20383.0,12251.0,3522.0,2502.0,-26754.0,982.0,879.0,,,
6685112810,2022,sverdlovsk,68.20,4415.0,5282.0,36321.0,28496.0,7825.0,,6.0,1.0,1.0,0.0,33258.0,3063.0,642.0,0.0,-1258.0,3144.0,5442.0,,,
2304050254,2022,krasnodar,69.10,1138.0,1024.0,858.0,858.0,0.0,,15.0,1.0,1.0,0.0,,858.0,858.0,,-44.0,1094.0,1082.0,,,
9703070872,2022,moscow city,46.52,,,,,,,0.0,1.0,0.0,0.0,,,,,,,,,,
6165213210,2022,rostov,43.21,5314.0,-92.0,26598.0,-1817.0,28415.0,,4.0,1.0,1.0,0.0,,26597.0,2025.0,0.0,-8003.0,-2689.0,-34.0,,,
1655333997,2022,tatarstan,62.01,59014.0,4348.0,18350.0,17005.0,1345.0,,7.0,1.0,1.0,0.0,2287.0,16063.0,13441.0,,-53286.0,5728.0,6116.0,,,
5835121893,2022,penza,45.31,30397.0,378.0,27120.0,1562.0,25178.0,,5.0,1.0,1.0,0.0,40.0,27080.0,-1612.0,380.0,-28036.0,523.0,473.0,,,0.0
4217195391,2022,kemerovo,42.21,3338.0,936.0,4992.0,936.0,3528.0,,3.0,1.0,1.0,0.0,,4992.0,554.0,528.0,-1849.0,1489.0,1457.0,,,
7811588756,2022,sankt-petersburg,71.10,3357.0,1542.0,9099.0,7169.0,1930.0,,8.0,1.0,1.0,0.0,76.0,9023.0,360.0,,-1693.0,1664.0,1577.0,,,
3906959200,2022,kaliningrad,46.73,,,10.0,10.0,0.0,,7.0,1.0,1.0,0.0,,10.0,0.0,,,,,,,
3666260159,2022,voronezh,43.21,,,,,,,1.0,1.0,0.0,0.0,,,,,,,,,,
6234178625,2022,ryazan,41.10,8150.0,-2376.0,3969.0,-1007.0,4977.0,,4.0,1.0,1.0,0.0,151.0,3818.0,2413.0,,,-1732.0,-2059.0,,,
7804591652,2022,sankt-petersburg,46.73.60,1224.0,199.0,3278.0,769.0,2508.0,,5.0,1.0,1.0,0.0,60.0,3219.0,45.0,,-967.0,257.0,249.0,,,
5032332946,2022,moscow reg.,41.10,,,,,,,1.0,1.0,0.0,0.0,,,,,,,,,,
7453096582,2022,chelyabinsk,56.30,,,2469.0,-13656.0,16125.0,,19.0,1.0,1.0,0.0,,2469.0,,,,,,,,
7725322287,2022,moscow city,93.19,,,0.0,,,,6.0,1.0,1.0,0.0,,,,,,,,,,
2355011800,2022,krasnodar,52.21.24,,,0.0,,,,21.0,1.0,1.0,0.0,,,,,,,,,,
4826111953,2022,lipetzk,45.31.10,,,,,,,8.0,1.0,0.0,0.0,,,,,,,,,,
0273050716,2022,bashkortostan,46.90,734460.0,13352.0,260087.0,56392.0,203354.0,-46057.0,18.0,1.0,1.0,0.0,2525.0,257562.0,23542.0,,-598497.0,39285.0,16717.0,,50300.0,4243.0
1650256033,2022,tatarstan,22.20,36651.0,22159.0,123334.0,32472.0,103321.0,-1239.0,9.0,1.0,1.0,0.0,13664.0,109670.0,3101.0,-15052.0,-10519.0,26132.0,27533.0,,-317.0,-1556.0
6620008032,2022,sverdlovsk,08.11,736234.0,10848.0,729667.0,-20174.0,741801.0,196616.0,21.0,1.0,1.0,0.0,71471.0,658196.0,122.0,,-632279.0,-61478.0,13326.0,-219731.0,13731.0,-9384.0
5911996258,2022,perm,43.21,,,,,,,8.0,1.0,0.0,0.0,,,,,,,,,,
1841008225,2022,udmurtia,46.61,,,,,,,12.0,1.0,0.0,0.0,,,,,,,,,,
5904041666,2022,perm,68.32.10,,,6096.0,,329.0,,30.0,1.0,1.0,0.0,4568.0,1528.0,782.0,,,,,,,
5406821906,2022,novosibirsk,41.20,46280.0,626.0,6243.0,625.0,5617.0,,0.0,1.0,1.0,0.0,,6243.0,334.0,,-45442.0,838.0,796.0,,,
7446050114,2022,chelyabinsk,43.21,,,,,,,15.0,1.0,0.0,0.0,,,,,,,,,,
7704482963,2022,moscow city,56.10,,,,,,,3.0,1.0,0.0,0.0,,,,,,,,,,
1660345998,2022,tatarstan,45.11,3993.0,588.0,3861.0,3612.0,249.0,,2.0,1.0,1.0,0.0,0.0,3861.0,1.0,,-3194.0,799.0,647.0,,,
7727396365,2022,moscow city,56.10,,,,,,,4.0,1.0,0.0,0.0,,,,,,,,,,
5835130739,2022,penza,46.37,4672.0,11.0,4739.0,140.0,4599.0,,4.0,1.0,1.0,0.0,1.0,4738.0,6.0,,-4623.0,49.0,14.0,,,
9201523166,2022,sevastopol,71.12,,,,,,,5.0,1.0,0.0,0.0,,,,,,,,,,
9715412873,2022,moscow city,43.29,255261.0,1021.0,83272.0,1022.0,82250.0,439.0,0.0,1.0,1.0,0.0,,83272.0,439.0,,-227470.0,13836.0,1276.0,,,439.0
7814167146,2022,sankt-petersburg,46.43,29508.0,1471.0,12438.0,1171.0,11267.0,,7.0,1.0,1.0,0.0,412.0,12026.0,22.0,,-27902.0,1606.0,1789.0,,,
5404448372,2022,novosibirsk,43.21,0.0,1017.0,57159.0,-427803.0,484962.0,,11.0,1.0,1.0,0.0,0.0,57159.0,5858.0,0.0,0.0,0.0,896.0,,,
7448179032,2022,chelyabinsk,68.20,,,,,,,7.0,1.0,0.0,0.0,,,,,,,,,,
9500028427,2022,kherson,01.11,,,0.0,,,,13.0,1.0,0.0,0.0,,,,,,,,,,
7731480179,2022,moscow city,41.20,2048.0,228.0,26009.0,195.0,24321.0,,8.0,1.0,1.0,0.0,3689.0,22320.0,7308.0,1494.0,-1750.0,298.0,284.0,,,
5001132986,2022,moscow reg.,46.90,,,,,,,2.0,1.0,0.0,0.0,,,,,,,,,,
7810930504,2022,sankt-petersburg,52.29,39.0,-23.0,245.0,9.0,236.0,,1.0,1.0,1.0,0.0,,245.0,1.0,,-58.0,-19.0,-23.0,,,
4703030302,2022,leningrad,52.21.24,,,97.0,,,,26.0,1.0,1.0,0.0,,97.0,97.0,,,,,,,
3812114818,2022,irkutsk,46.36,,,,,,,7.0,1.0,0.0,0.0,,,,,,,,,,
7719072590,2022,moscow city,58.19,634.0,3907.0,4465.0,4216.0,249.0,,30.0,1.0,1.0,0.0,3572.0,893.0,229.0,,-300.0,334.0,3926.0,,,
6311189857,2022,samara,22.19,4117.0,38.0,213.0,204.0,9.0,,1.0,1.0,1.0,0.0,,213.0,9.0,,-4052.0,65.0,47.0,,,
2373014225,2022,krasnodar,46.16,,,,,,,4.0,1.0,0.0,0.0,,,,,,,,,,
6234071640,2022,ryazan,94.99,,,,,,,13.0,1.0,0.0,0.0,,,,,,,,,,
0245968536,2022,bashkortostan,41.20,,,,,,,0.0,1.0,0.0,0.0,,,,,,,,,,
7702401341,2022,moscow city,88.99,,,6312.0,,1022.0,,3.0,1.0,1.0,0.0,37.0,6276.0,2941.0,1078.0,,,,,,
7606115933,2022,yaroslavl,33.12,,,,,,,4.0,1.0,0.0,0.0,,,,,,,,,,
1435362791,2022,yakutia,41.20,73163.0,4509.0,73053.0,4529.0,68524.0,,1.0,1.0,1.0,0.0,17658.0,55395.0,243.0,,-67081.0,6082.0,5673.0,,,
6685183441,2022,sverdlovsk,71.12.20,,-2839.0,2141541.0,-4530.0,61534.0,-642282.0,1.0,1.0,1.0,0.0,1033.0,2140508.0,27033.0,1976937.0,,-2930.0,-3434.0,,1001486.0,359204.0
2366031156,2022,krasnodar,68.32,,,892.0,,0.0,,1.0,1.0,1.0,0.0,,892.0,437.0,,,,,,,
1102051729,2022,komi,41.20,,,,,,,16.0,1.0,0.0,0.0,,,,,,,,,,
6319175951,2022,samara,77.34,,,0.0,,,,9.0,1.0,1.0,0.0,,,,,,,,,,0.0
6913015181,2022,tver,86.23,1983.0,12.0,640.0,639.0,1.0,,12.0,1.0,1.0,0.0,,640.0,640.0,,-1911.0,72.0,72.0,,,
7710920661,2022,moscow city,46.74,138668.0,671.0,31833.0,6285.0,6267.0,,10.0,1.0,1.0,0.0,1929.0,29904.0,1400.0,19280.0,-132162.0,2790.0,837.0,,,
9704047435,2022,moscow city,69.10,,,,,,,1.0,1.0,0.0,0.0,,,,,,,,,,
7805746524,2022,sankt-petersburg,25.11,,,,,,,3.0,1.0,0.0,0.0,,,,,,,,,,
5405067605,2022,novosibirsk,68.32,45719.0,4869.0,15884.0,4879.0,11005.0,,1.0,1.0,1.0,0.0,,15884.0,10463.0,,-40999.0,4720.0,5297.0,,,
3808124161,2022,irkutsk,68.20,,-682.0,77779.0,209.0,13514.0,,17.0,1.0,1.0,0.0,74420.0,3359.0,0.0,64056.0,,,-676.0,,,
7447038166,2022,chelyabinsk,68.32,,,,,,,25.0,1.0,0.0,0.0,,,,,,,,,,
6950181765,2022,tver,74.30,,,,,,,8.0,1.0,0.0,0.0,,,,,,,,,,
6315640742,2022,samara,45.40.10,205.0,-676.0,5970.0,868.0,5102.0,,11.0,1.0,1.0,0.0,5773.0,197.0,0.0,,-881.0,-676.0,-676.0,,,
3015116606,2022,astrakhan,73.11,696.0,39.0,62.0,-113.0,175.0,,2.0,1.0,1.0,0.0,,62.0,61.0,,-586.0,110.0,60.0,,,
7840093998,2022,sankt-petersburg,45.20,,,,,,,2.0,1.0,0.0,0.0,,,,,,,,,,
0107034958,2022,adygeya,80.10,5280.0,816.0,534.0,399.0,136.0,,3.0,1.0,1.0,0.0,110.0,424.0,273.0,,-3896.0,1384.0,816.0,,,
5075001040,2022,moscow reg.,47.62.20,,,,,,,24.0,1.0,0.0,0.0,,,,,,,,,,
5036127948,2022,moscow reg.,10.82,4223.0,-613.0,14039.0,2693.0,7151.0,,9.0,1.0,1.0,0.0,231.0,13808.0,71.0,4195.0,-4626.0,-403.0,-590.0,,,
2801271486,2022,amur,46.41,,0.0,0.0,,,,0.0,0.0,0.0,0.0,,,,,,,,,,
2626040290,2022,stavropol,85.42,1350.0,221.0,2623.0,,569.0,,13.0,1.0,1.0,0.0,,2623.0,111.0,,-887.0,463.0,269.0,,,
5914017831,2022,perm,68.32.10,,,,,,,19.0,1.0,0.0,0.0,,,,,,,,,,
3103005711,2022,belgorod,47.73,91.0,94.0,0.0,0.0,,,8.0,1.0,1.0,0.0,,,,,,91.0,91.0,,,
0315008758,2022,buryatia,47.25.11,349.0,0.0,10.0,10.0,,,16.0,1.0,0.0,0.0,,10.0,,,-349.0,0.0,0.0,,,
7810871633,2022,sankt-petersburg,46.69,,,,,,,10.0,1.0,0.0,0.0,,,,,,,,,,
7814789027,2022,sankt-petersburg,68.20,806.0,590.0,2722.0,1964.0,758.0,,1.0,1.0,1.0,0.0,,2722.0,310.0,,-197.0,609.0,630.0,,,
4632205137,2022,kursk,85.42.10,,,15.0,,1029.0,,7.0,1.0,1.0,0.0,,15.0,0.0,,,,,,,
3663107145,2022,voronezh,46.21,212429.0,1870.0,136485.0,3768.0,128254.0,,8.0,1.0,1.0,0.0,5923.0,130563.0,6593.0,,-209234.0,3195.0,2115.0,,,
8603213885,2022,khanty-mansijsk,47.11,4979.0,678.0,1678.0,1678.0,0.0,,7.0,1.0,1.0,0.0,,1678.0,0.0,,-4265.0,714.0,714.0,,,
7706679588,2022,moscow city,41.20,222421.0,574.0,84785.0,5991.0,76794.0,-44505.0,14.0,1.0,1.0,0.0,1399.0,83386.0,12852.0,2000.0,-187971.0,6563.0,1754.0,,-5220.0,-49725.0
6325997886,2022,samara,52.29,25529.0,-388.0,18700.0,17072.0,1628.0,,11.0,1.0,1.0,0.0,12763.0,5937.0,2411.0,,-25267.0,262.0,407.0,,,
3443919720,2022,volgograd,46.90,,,,,,,9.0,1.0,0.0,0.0,,,,,,,,,,
8603223690,2022,khanty-mansijsk,45.20.10,2803.0,370.0,984.0,963.0,21.0,,6.0,1.0,1.0,0.0,,984.0,34.0,0.0,-1852.0,951.0,462.0,,,
3022001275,2022,astrakhan,46.51,759.0,-39.0,1726.0,1702.0,24.0,,11.0,1.0,1.0,0.0,,1726.0,126.0,,-233.0,-2.0,-16.0,,,
7701417476,2022,moscow city,68.31,0.0,0.0,21934.0,19723.0,2211.0,,8.0,1.0,1.0,0.0,0.0,21934.0,0.0,,,0.0,0.0,,,
2632104544,2022,stavropol,49.40,81777.0,-2283.0,34010.0,13853.0,15847.0,43380.0,6.0,1.0,1.0,0.0,4683.0,29327.0,576.0,4155.0,-85176.0,-4258.0,-2601.0,-15186.0,15331.0,43525.0
7840337281,2022,sankt-petersburg,41.20,126.0,0.0,240.0,99.0,141.0,,16.0,1.0,1.0,0.0,0.0,240.0,0.0,,-126.0,0.0,0.0,,,
7804516503,2022,sankt-petersburg,69.20,5289.0,640.0,4839.0,3975.0,865.0,,9.0,1.0,1.0,0.0,160.0,4679.0,380.0,,-3973.0,1316.0,725.0,,,
0542020134,2022,dagestan,43.21,0.0,0.0,10.0,10.0,,,2.0,1.0,0.0,0.0,,10.0,10.0,,,0.0,0.0,,,
4205378143,2022,kemerovo,46.71.10,,0.0,15.0,-185.0,200.0,,3.0,1.0,1.0,0.0,,15.0,0.0,,,0.0,0.0,,,
2301103444,2022,krasnodar,43.29,,,,,,,1.0,1.0,0.0,0.0,,,,,,,,,,
3318002830,2022,vladimir,68.32.20,,,0.0,0.0,,,29.0,1.0,1.0,0.0,0.0,0.0,0.0,,,,,,,
3255062111,2022,bryansk,94.99,,,,,,,13.0,1.0,0.0,0.0,,,,,,,,,,
9312007230,2022,donetsk,,,,,,,,1.0,1.0,0.0,0.0,,,,,,,,,,
7710916030,2022,moscow city,61.10,409806.0,150836.0,741191.0,630882.0,79574.0,299840.0,10.0,1.0,1.0,0.0,683806.0,57385.0,0.0,0.0,-213169.0,190854.0,188545.0,1310.0,-301150.0,0.0
1804009051,2022,perm,46.62.30,,,41.0,22.0,0.0,,16.0,1.0,1.0,0.0,,41.0,1.0,19.0,,,,,,0.0
7456044021,2022,chelyabinsk,49.41,23525.0,445.0,16284.0,756.0,11799.0,,3.0,1.0,1.0,0.0,0.0,16284.0,412.0,3729.0,-22969.0,556.0,556.0,,,
7729651187,2022,moscow city,79.11,614.0,126.0,1662.0,-544.0,1816.0,,12.0,1.0,1.0,0.0,,1662.0,847.0,390.0,-470.0,144.0,144.0,,,
3665061143,2022,voronezh,43.99.60,,,0.0,0.0,,,15.0,1.0,1.0,0.0,,,,,,,,,,
6658536560,2022,sverdlovsk,43.29,28346.0,680.0,17608.0,1291.0,16292.0,,2.0,1.0,1.0,0.0,600.0,17008.0,122.0,25.0,-27253.0,1093.0,850.0,,,
2901183642,2022,arkhangelsk,87,1436.0,37.0,20.0,20.0,,37.0,14.0,1.0,1.0,0.0,,20.0,,,,37.0,37.0,,,37.0
7105059565,2022,tula,41.20,,,,,,,2.0,1.0,0.0,0.0,,,,,,,,,,
9500002193,2022,kherson,49.4,,0.0,6.0,6.0,0.0,,4.0,1.0,0.0,0.0,,6.0,,,,,0.0,,,
7725370072,2022,moscow city,81.10,30045.0,688.0,14026.0,9293.0,226.0,,5.0,1.0,1.0,0.0,1903.0,12123.0,5176.0,4500.0,-28934.0,1111.0,877.0,,,
5018153649,2022,moscow reg.,68.20.20,,,,,,,10.0,1.0,0.0,0.0,,,,,,,,,,
7704274716,2022,moscow city,94.99,,,44.0,,44.0,,14.0,1.0,1.0,0.0,,44.0,,,,,,,,
2311312831,2022,krasnodar,49.41,20090.0,411.0,5795.0,661.0,4605.0,,2.0,1.0,1.0,0.0,,5795.0,0.0,528.0,-10718.0,613.0,521.0,,,
6950218824,2022,tver,73.11,1860.0,10.0,208.0,145.0,62.0,,4.0,1.0,0.0,0.0,,208.0,95.0,,-1824.0,36.0,31.0,,,
2124047100,2022,chuvashia,43.31,,,,,,,2.0,1.0,0.0,0.0,,,,,,,,,,
2511114097,2022,primorsky terr.,93.19,0.0,0.0,0.0,,,,2.0,1.0,1.0,0.0,,,,,0.0,,0.0,,,
2635832911,2022,stavropol,95.11,6426.0,122.0,11725.0,542.0,11183.0,,8.0,1.0,1.0,0.0,,11725.0,159.0,,-1782.0,218.0,152.0,,,
6905069024,2022,tver,68.20.20,2579.0,508.0,2138.0,2041.0,97.0,,22.0,1.0,1.0,0.0,498.0,1640.0,1124.0,,-1840.0,644.0,595.0,,,
7728434292,2022,moscow city,62.02,0.0,-149.0,101.0,-530.0,631.0,,4.0,1.0,1.0,0.0,,101.0,81.0,,-135.0,-135.0,-149.0,,,
2454022979,2022,krasnoyarsk,52.21.24,,,0.0,,,,10.0,1.0,1.0,0.0,,,,,,,,,,
7106076669,2022,tula,68.20,92.0,19.0,1693.0,1594.0,92.0,,15.0,1.0,0.0,0.0,1521.0,172.0,92.0,8.0,-55.0,37.0,26.0,,,
7725312867,2022,moscow city,46.72,250905.0,2326.0,30632.0,22731.0,7901.0,,6.0,1.0,1.0,0.0,,30632.0,817.0,,-239755.0,3220.0,2907.0,,,
7710531432,2022,moscow city,46.39,908.0,-262.0,343822.0,261406.0,2866.0,,18.0,1.0,1.0,0.0,8572.0,335250.0,144.0,79550.0,-748.0,102.0,-1.0,,,
9710084812,2022,moscow city,41.20,,,,,,,2.0,1.0,0.0,0.0,,,,,,,,,,
6606013094,2022,sverdlovsk,52.21.24,,,,,,,23.0,1.0,0.0,0.0,,,,,,,,,,
7326005487,2022,ulyanovsk,52.21.24,,,0.0,0.0,,,32.0,1.0,1.0,0.0,,0.0,,,,,,,,
0273080069,2022,bashkortostan,23.70,29241.0,-1728.0,3712.0,40.0,3672.0,,12.0,1.0,1.0,0.0,,3712.0,957.0,,-30969.0,-1728.0,-1728.0,,,
5032338610,2022,moscow reg.,73.11,15130.0,101.0,2870.0,200.0,2670.0,,0.0,1.0,1.0,0.0,,2870.0,327.0,,-14424.0,706.0,520.0,,,
4401175573,2022,kostroma,71.12.20,,,,,,,6.0,1.0,0.0,0.0,,,,,,,,,,
7733264085,2022,moscow city,68.31,,,,,,,7.0,1.0,0.0,0.0,,,,,,,,,,
7727236254,2022,moscow city,,,,,,,,20.0,1.0,0.0,0.0,,,,,,,,,,
7203416230,2022,tyumen,49.41,10551.0,377.0,8245.0,1356.0,6889.0,,5.0,1.0,1.0,0.0,3132.0,5112.0,67.0,,-9861.0,690.0,472.0,,,0.0
9701123014,2022,moscow city,46.69,107799.0,12159.0,18352.0,5363.0,12989.0,,4.0,1.0,1.0,0.0,21.0,18331.0,13267.0,,-90968.0,16831.0,15589.0,,,
9109028240,2022,crimea,68.20,,0.0,0.0,0.0,0.0,,0.0,0.0,0.0,0.0,0.0,0.0,,,,,0.0,,,
7017299568,2022,tomsk,46.30,121777.0,4268.0,47007.0,17011.0,16119.0,10967.0,10.0,1.0,1.0,0.0,14900.0,32107.0,237.0,,-103207.0,6292.0,5524.0,-9740.0,-696.0,531.0
5506201254,2022,omsk,86.21,2854.0,865.0,2831.0,2654.0,177.0,,15.0,1.0,1.0,0.0,,2831.0,25.0,,-1891.0,963.0,951.0,,,
9704027781,2022,moscow city,46.73.60,,,,,,,2.0,1.0,0.0,0.0,,,,,,,,,,
5405009071,2022,novosibirsk,46.49,4560.0,-5.0,1225.0,1084.0,141.0,,5.0,1.0,1.0,0.0,,1225.0,695.0,,-4466.0,94.0,85.0,,,
7811503255,2022,sankt-petersburg,25.10,194478.0,16565.0,119466.0,42733.0,76733.0,34990.0,11.0,1.0,1.0,0.0,5293.0,114173.0,19844.0,,-125847.0,20076.0,20997.0,,-27906.0,7084.0
5403063228,2022,novosibirsk,23.61,7480.0,305.0,814.0,729.0,85.0,,1.0,1.0,1.0,0.0,59.0,755.0,27.0,,-7083.0,397.0,389.0,,,
4027144705,2022,kaluga,56.10.10,,,,,,,2.0,1.0,0.0,0.0,,,,,,,,,,
5074010796,2022,moscow reg.,47.25.11,,,378.0,378.0,,,22.0,1.0,1.0,0.0,372.0,6.0,2.0,,,,,,,
2207008391,2022,altai terr.,49.40,,,,,,,13.0,1.0,0.0,0.0,,,,,,,,,,
2636220679,2022,stavropol,68.32,,0.0,0.0,,,,0.0,0.0,0.0,0.0,,,,,,,,,,
7424013341,2022,chelyabinsk,45.20,28380.0,740.0,10868.0,739.0,10129.0,,0.0,1.0,1.0,0.0,,10868.0,503.0,,-27227.0,1153.0,925.0,,,
7804679709,2022,sankt-petersburg,46.90,6403.0,1576.0,3576.0,2429.0,1147.0,,1.0,1.0,1.0,0.0,,3576.0,2975.0,0.0,-4405.0,1998.0,1970.0,,,
2461035320,2022,krasnoyarsk,43.21,132.0,46.0,67.0,67.0,0.0,,6.0,1.0,1.0,0.0,,67.0,12.0,,-68.0,64.0,53.0,,,
7733384826,2022,moscow city,43.31,,,,,,,0.0,1.0,0.0,0.0,,,,,,,,,,
5009124779,2022,moscow reg.,43.21,10078.0,91.0,97007.0,-16034.0,108831.0,,2.0,1.0,1.0,0.0,5207.0,91800.0,2098.0,1912.0,-9871.0,207.0,91.0,,,
6709005120,2022,smolensk,01.11,,,5307.0,5125.0,182.0,,14.0,1.0,1.0,0.0,4181.0,1126.0,,,,,,,,
1832155255,2022,udmurtia,81.22,0.0,-2.0,7.0,4.0,3.0,,3.0,1.0,1.0,0.0,,7.0,0.0,,-5.0,-5.0,-2.0,,,
6312205050,2022,samara,10.72,22424.0,3099.0,15474.0,3160.0,10664.0,,2.0,1.0,1.0,0.0,,15474.0,894.0,1650.0,-11850.0,3927.0,3768.0,,,0.0
3620008220,2022,voronezh,01.19,,,0.0,,,,19.0,1.0,1.0,0.0,,,,,,,,,,
0900002353,2022,karachaevo-chercessia,55.10,,,10.0,10.0,,,0.0,1.0,0.0,0.0,,10.0,10.0,,,,,,,
9204570492,2022,sevastopol,46.38,108306.0,876.0,25375.0,3481.0,17690.0,,4.0,1.0,1.0,0.0,2531.0,22845.0,421.0,2649.0,-107341.0,965.0,977.0,,,
5722020630,2022,oryol,46.21,18318.0,410.0,1858.0,1858.0,0.0,,19.0,1.0,1.0,0.0,,1858.0,42.0,,-17785.0,533.0,513.0,,,
3528327881,2022,vologda,73.11,,,,,,,1.0,1.0,0.0,0.0,,,,,,,,,,
7720866484,2022,moscow city,81.22,32135.0,438.0,15521.0,448.0,14291.0,,0.0,1.0,1.0,0.0,1089.0,14432.0,1192.0,,-31639.0,496.0,590.0,,,
2130226475,2022,chuvashia,63.11,,0.0,0.0,0.0,,,1.0,1.0,1.0,0.0,,0.0,0.0,0.0,0.0,0.0,0.0,,,
9705040640,2022,moscow city,68.20,490252.0,-525626.0,5298323.0,-807624.0,4817890.0,440154.0,7.0,1.0,1.0,0.0,4712505.0,585818.0,48008.0,887637.0,-513315.0,-74016.0,-764530.0,-540524.0,192748.0,92378.0
7810404237,2022,sankt-petersburg,35.11.40,,,,,,,9.0,1.0,0.0,0.0,,,,,,,,,,
6815002258,2022,tambov,01.11,5100.0,97.0,1678.0,1678.0,,,29.0,1.0,1.0,0.0,1678.0,0.0,,0.0,-5003.0,97.0,97.0,,,
7810074797,2022,sankt-petersburg,56.10,6816.0,924.0,3025.0,2910.0,115.0,,16.0,1.0,1.0,0.0,,3025.0,280.0,,-5681.0,1135.0,997.0,,,
9715275955,2022,moscow city,49.41,,-7.0,17496.0,14780.0,2716.0,,6.0,1.0,1.0,0.0,,17496.0,20.0,,,,-7.0,,,
7826148081,2022,sankt-petersburg,47.73,,,,,,,20.0,1.0,0.0,0.0,,,,,,,,,,
6501303078,2022,sakhalin,46.21,0.0,0.0,7309.0,874.0,5435.0,,3.0,1.0,1.0,0.0,,7309.0,6373.0,1000.0,0.0,,0.0,,,
0323418405,2022,buryatia,41.20,920.0,496.0,707.0,633.0,74.0,,1.0,1.0,1.0,0.0,,707.0,223.0,,-363.0,557.0,548.0,,,
5260231672,2022,nizhni novgorod,79.11,,,,,,,14.0,1.0,0.0,0.0,,,,,,,,,,
4401114531,2022,kostroma,94.99,,,0.0,0.0,,,11.0,1.0,1.0,0.0,0.0,0.0,0.0,,,,,,,
1434051627,2022,yakutia,52.29,,,0.0,,,,3.0,1.0,1.0,0.0,,,,,,,,,,
7718048298,2022,ryazan,46.44.20,0.0,0.0,52.0,-1042.0,1094.0,,7.0,1.0,1.0,0.0,0.0,52.0,52.0,,0.0,,0.0,,,
6950232917,2022,tver,46.13,93802.0,558.0,11148.0,886.0,10262.0,,3.0,1.0,1.0,0.0,,11148.0,148.0,,-92678.0,1124.0,698.0,,,
5032243968,2022,moscow city,46.71,1502365.0,68291.0,486141.0,182089.0,304052.0,-25258.0,11.0,1.0,1.0,0.0,9653.0,476487.0,211.0,,-1138255.0,96346.0,87093.0,290307.0,-258361.0,6688.0
9307007482,2022,donetsk,,,,,,,,6.0,1.0,0.0,0.0,,,,,,,,,,
7736328587,2022,moscow city,71.20,560.0,-3437.0,2934.0,2389.0,544.0,-4866.0,2.0,1.0,1.0,0.0,1288.0,1645.0,740.0,,-4368.0,-3808.0,-3403.0,,,-4866.0
0725021449,2022,kabardino-balkaria,70.22,,,,,,,6.0,1.0,0.0,0.0,,,,,,,,,,
3810077374,2022,irkutsk,52.21.24,,,,,,,4.0,1.0,0.0,0.0,,,,,,,,,,
6319254716,2022,samara,46.71,,,,,,,1.0,1.0,0.0,0.0,,,,,,,,,,
9701159050,2022,moscow city,46.72,,0.0,488538.0,3031.0,477994.0,,2.0,1.0,1.0,0.0,0.0,488538.0,0.0,7513.0,0.0,0.0,0.0,,,
6161030180,2022,rostov,80.10,28383.0,215.0,3545.0,1848.0,1697.0,,25.0,1.0,1.0,0.0,60.0,3485.0,1189.0,,-27705.0,678.0,507.0,,,
6449058529,2022,saratov,41.20,310930.0,-59052.0,572833.0,50835.0,520998.0,-87.0,12.0,1.0,1.0,0.0,26019.0,546814.0,712.0,0.0,-324468.0,-22789.0,-59052.0,,-10502.0,-10589.0
7727249353,2022,moscow city,25.93,148871.0,8403.0,79606.0,32754.0,46852.0,,19.0,1.0,1.0,0.0,2142.0,77464.0,367.0,,-135840.0,13031.0,10504.0,,,
2315666856,2022,krasnodar,52.29,0.0,0.0,10.0,10.0,,,4.0,1.0,1.0,0.0,,10.0,10.0,,,0.0,0.0,,,
6658468159,2022,sverdlovsk,43.11,0.0,0.0,51943.0,10.0,51933.0,,7.0,1.0,1.0,0.0,0.0,51943.0,140.0,0.0,0.0,,0.0,,,
9718135956,2022,moscow city,81.10,,,,,,,3.0,1.0,0.0,0.0,,,,,,,,,,
5918215746,2022,perm,41.20,32298.0,5624.0,10467.0,7920.0,2547.0,,6.0,1.0,1.0,0.0,78.0,10389.0,4941.0,,-25346.0,6952.0,6579.0,,,
9703063850,2022,moscow city,46.90,,,,,,,1.0,1.0,0.0,0.0,,,,,,,,,,
7704414258,2022,moscow city,46.41,,,,,,,5.0,1.0,0.0,0.0,,,,,,,,,,
5719003472,2022,oryol,38.10,7062.0,398.0,1611.0,915.0,696.0,144.0,13.0,1.0,1.0,0.0,,1611.0,741.0,,-6552.0,510.0,398.0,,,144.0
6911021790,2022,tver,68.32.10,,-31.0,3142.0,901.0,2241.0,,18.0,1.0,1.0,0.0,,3142.0,460.0,,,,-31.0,,,
5032300038,2022,moscow reg.,46.77,13879.0,-1023.0,18400.0,-739.0,19139.0,,4.0,1.0,1.0,0.0,278.0,18122.0,320.0,,-7451.0,892.0,-901.0,,,
6166087737,2022,rostov,47.73,,,,,,,9.0,1.0,0.0,0.0,,,,,,,,,,
5043059135,2022,moscow reg.,47.59,,,,,,,6.0,1.0,0.0,0.0,,,,,,,,,,
5262380969,2022,nizhni novgorod,78.10,,,,,,,1.0,1.0,0.0,0.0,,,,,,,,,,
7708358357,2022,moscow city,46.49.49,100382.0,376.0,94735.0,2922.0,72223.0,,3.0,1.0,1.0,0.0,13677.0,81058.0,4022.0,9437.0,-99968.0,414.0,816.0,,,
4725003983,2022,leningrad,43.12,1917.0,-451.0,1051.0,79.0,972.0,,5.0,1.0,1.0,0.0,0.0,1051.0,7.0,0.0,-2316.0,-399.0,-432.0,,,
7325128398,2022,ulyanovsk,96.04,320.0,15.0,10531.0,20.0,11.0,,8.0,1.0,1.0,0.0,10500.0,31.0,0.0,10500.0,-290.0,30.0,15.0,,,
5048022114,2022,moscow reg.,68.10.12,36159.0,769.0,2533.0,-241.0,2766.0,,13.0,1.0,1.0,0.0,822.0,1711.0,591.0,0.0,-34552.0,1607.0,1145.0,,,
6168117144,2022,rostov,46.90,52.0,1.0,108.0,21.0,87.0,,0.0,1.0,1.0,0.0,,107.0,,,-44.0,8.0,1.0,,,
7451353876,2022,chelyabinsk,31,,,36.0,-1011.0,1047.0,,9.0,1.0,1.0,0.0,,36.0,,,,,,,,
2629012477,2022,stavropol,46.18.91,76075.0,1392.0,15518.0,4659.0,10859.0,,5.0,1.0,1.0,0.0,145.0,15373.0,58.0,,-73284.0,2791.0,1749.0,,,
3702223878,2022,ivanovo,43.32.30,,,,,,,3.0,1.0,0.0,0.0,,,,,,,,,,
4025439982,2022,kaluga,26.51,714814.0,188850.0,674929.0,260233.0,411059.0,284290.0,8.0,1.0,1.0,0.0,111249.0,563680.0,3597.0,0.0,-332843.0,258116.0,238159.0,-22916.0,-106680.0,154694.0
6732225099,2022,smolensk,49.32,,,,,,,0.0,1.0,0.0,0.0,,,,,,,,,,
7723374459,2022,moscow city,46.46.20,3885.0,-129.0,753.0,146.0,608.0,1.0,7.0,1.0,1.0,0.0,0.0,753.0,28.0,,-3032.0,46.0,-128.0,,0.0,1.0
2448006859,2022,krasnoyarsk,49.41,145760.0,448.0,91165.0,13573.0,45309.0,-8852.0,2.0,1.0,1.0,0.0,57232.0,33932.0,2.0,7807.0,-144907.0,623.0,560.0,0.0,6412.0,-2440.0
5042092980,2022,moscow reg.,46.73,,,5755.0,1697.0,4058.0,,15.0,1.0,1.0,0.0,,5755.0,,,,,,,,
5001120420,2022,moscow reg.,46.43.10,,,,,,,4.0,1.0,0.0,0.0,,,,,,,,,,
6722037321,2022,smolensk,01.41,1563.0,147.0,19017.0,163.0,18702.0,,1.0,1.0,1.0,0.0,,19017.0,202.0,152.0,-1362.0,201.0,184.0,,,
7720473010,2022,moscow city,69.20,,,,,,,3.0,1.0,0.0,0.0,,,,,,,,,,
3811164132,2022,irkutsk,71.11,61439.0,125.0,58027.0,2020.0,43421.0,,9.0,1.0,1.0,0.0,478.0,57549.0,3745.0,12540.0,-58610.0,2829.0,2345.0,,,
7456022476,2022,chelyabinsk,86.21,22201.0,1686.0,13070.0,9802.0,3268.0,,8.0,1.0,1.0,0.0,279.0,12791.0,150.0,,-9988.0,12213.0,2379.0,,,
5904169578,2022,perm,46.73,,,,,,,15.0,1.0,0.0,0.0,,,,,,,,,,
1656079461,2022,tatarstan,43.29,9785.0,1822.0,3311.0,3289.0,22.0,,8.0,1.0,1.0,0.0,,3311.0,2264.0,,-7714.0,2071.0,2024.0,,,
5404165092,2022,novosibirsk,52.29,93549.0,979.0,18258.0,1011.0,17247.0,,2.0,1.0,1.0,0.0,,18258.0,40.0,,-92308.0,1241.0,1224.0,,,
4705058744,2022,leningrad,70.22,382.0,25.0,10.0,10.0,,,10.0,1.0,1.0,0.0,0.0,10.0,0.0,,,25.0,25.0,,,
7724255398,2022,moscow city,47.52.70,399856.0,6077.0,23723.0,20941.0,2782.0,,20.0,1.0,1.0,0.0,,23723.0,2466.0,,-392862.0,6994.0,7623.0,,,
2204085006,2022,altai terr.,25.61,96806.0,294.0,47983.0,2415.0,21444.0,,5.0,1.0,1.0,0.0,28762.0,19221.0,4019.0,24124.0,-94088.0,2718.0,434.0,,,
3906183870,2022,kaliningrad,71.11,,,,,,,15.0,1.0,0.0,0.0,,,,,,,,,,
7805326230,2022,sankt-petersburg,72.19,,,,,,,7.0,1.0,0.0,0.0,,,,,,,,,,
5507268942,2022,omsk,74.90,,0.0,0.0,-376.0,9.0,,3.0,1.0,1.0,0.0,,0.0,0.0,368.0,,,0.0,,,
7813216866,2022,sankt-petersburg,90.01,,,10.0,10.0,0.0,,7.0,1.0,1.0,0.0,0.0,10.0,0.0,0.0,,,,,,
7708700669,2022,moscow city,81.10,59482.0,4874.0,57540.0,40418.0,17122.0,,13.0,1.0,1.0,0.0,5765.0,51775.0,1136.0,,-53172.0,6310.0,6116.0,,,
3904034425,2022,kaliningrad,68.32.20,,,,,,,22.0,1.0,0.0,0.0,,,,,,,,,,
9705149983,2022,leningrad,23.13,1786595.0,44722.0,1597350.0,77518.0,225360.0,-382018.0,2.0,1.0,1.0,0.0,884317.0,713034.0,1232.0,1294472.0,-1114109.0,549450.0,56039.0,505000.0,-119946.0,3036.0
6316204869,2022,samara,46.90,,,,,,,8.0,1.0,0.0,0.0,,,,,,,,,,
7606128690,2022,yaroslavl,85.21,598.0,0.0,70.0,,35.0,61.0,0.0,1.0,1.0,0.0,,70.0,61.0,35.0,-598.0,0.0,0.0,,,61.0
3906233585,2022,kaliningrad,52.29,,-387.0,327.0,317.0,10.0,,11.0,1.0,1.0,0.0,0.0,327.0,2.0,0.0,,,-387.0,,,
2466282900,2022,krasnoyarsk,43.21,,,,,,,2.0,1.0,0.0,0.0,,,,,,,,,,
7805717330,2022,sankt-petersburg,49.41,2011.0,52.0,2785.0,-346.0,3131.0,,5.0,1.0,1.0,0.0,,2785.0,1373.0,,-1925.0,86.0,73.0,,,
6901073189,2022,tver,45.31.10,,,77.0,10.0,67.0,,17.0,1.0,1.0,0.0,,77.0,,,,,,,,
7737530203,2022,moscow city,46.10,104170.0,44573.0,173689.0,134525.0,39163.0,,14.0,1.0,1.0,0.0,5954.0,167734.0,0.0,,-35303.0,68867.0,48304.0,,,
5404074984,2022,novosibirsk,73.11,2028.0,17.0,25111.0,11227.0,13884.0,,4.0,1.0,1.0,0.0,,25111.0,163.0,,-1994.0,34.0,21.0,,,
2536176401,2022,primorsky terr.,46.75.10,27990.0,1104.0,14667.0,9939.0,4228.0,,16.0,1.0,1.0,0.0,112.0,14555.0,0.0,500.0,-22356.0,1425.0,1380.0,,,
1901135157,2022,khakasia,46.49,130624.0,5154.0,26873.0,15114.0,9838.0,5055.0,5.0,1.0,1.0,0.0,,26873.0,5055.0,1921.0,-115931.0,6493.0,6442.0,,0.0,5055.0
5507171027,2022,omsk,70.22,,,,,,,6.0,1.0,0.0,0.0,,,,,,,,,,
3123083281,2022,belgorod,47.52.70,,,1615.0,1610.0,5.0,,20.0,1.0,1.0,0.0,218.0,1397.0,1397.0,,,,,,,
3702648623,2022,ivanovo,43.30,,,,,,,11.0,1.0,0.0,0.0,,,,,,,,,,
2901137325,2022,arkhangelsk,85.42.10,1211.0,130.0,211.0,138.0,73.0,,17.0,1.0,1.0,0.0,,211.0,158.0,,-1058.0,153.0,153.0,,,0.0
7302040891,2022,ulyanovsk,68.32,,,0.0,,,,14.0,1.0,1.0,0.0,,,,,,,,,,
3702518230,2022,ivanovo,94.99,,,1846.0,-6.0,,,15.0,1.0,1.0,0.0,,1846.0,614.0,1852.0,,,,,,
1120004513,2022,komi,50.40,39616.0,-2085.0,12185.0,9149.0,3036.0,,21.0,1.0,1.0,0.0,8276.0,3909.0,540.0,,-41029.0,-1413.0,-2085.0,,,
5003134241,2022,moscow reg.,47.73,17661.0,1534.0,47376.0,1534.0,44387.0,,3.0,1.0,1.0,0.0,,47376.0,2569.0,1455.0,-15844.0,1817.0,1805.0,,,
6685187171,2022,sverdlovsk,73.20,25230.0,533.0,3216.0,830.0,2386.0,972.0,1.0,1.0,1.0,0.0,104.0,3112.0,2929.0,,,730.0,666.0,,,972.0
2014266205,2022,chechnya,46.90,,,,,,,12.0,1.0,0.0,0.0,,,,,,,,,,
5501181029,2022,omsk,85.41,,,202.0,6.0,186.0,,5.0,1.0,1.0,0.0,,202.0,10.0,10.0,,,,,,
6623028421,2022,sverdlovsk,45.11.10,265706.0,9746.0,183104.0,49379.0,64913.0,,16.0,1.0,1.0,0.0,18612.0,164492.0,108.0,61406.0,-247310.0,1699.0,12434.0,,,0.0
9722018490,2022,moscow city,62.01,,-578.0,38.0,-528.0,566.0,,0.0,1.0,1.0,0.0,,38.0,6.0,,-551.0,-551.0,-578.0,,,
7810769439,2022,sankt-petersburg,41.20,,,,,,,3.0,1.0,0.0,0.0,,,,,,,,,,
6685150012,2022,sverdlovsk,46.73.60,46687.0,2338.0,63111.0,1504.0,60257.0,,4.0,1.0,1.0,0.0,6460.0,56651.0,653.0,,-42263.0,4424.0,2624.0,,,
7449145660,2022,chelyabinsk,78.30,58.0,0.0,30.0,10.0,20.0,,1.0,1.0,1.0,0.0,,30.0,30.0,,-58.0,0.0,0.0,,,
3814003743,2022,irkutsk,94.20,,,0.0,0.0,,,23.0,1.0,1.0,0.0,,0.0,,,,,,,,0.0
0272024791,2022,bashkortostan,68.31.50,,,,,,,8.0,1.0,0.0,0.0,,,,,,,,,,
7719865817,2022,moscow city,45.20,,,,,,,9.0,1.0,0.0,0.0,,,,,,,,,,
2372005789,2022,krasnodar,56.10,,-17.0,14.0,-21628.0,21642.0,,9.0,1.0,1.0,0.0,0.0,14.0,3.0,,-11.0,-11.0,-17.0,,,
1655484266,2022,tatarstan,43.39,5111.0,4.0,25.0,14.0,11.0,,0.0,1.0,1.0,0.0,,25.0,2.0,,-5099.0,12.0,5.0,,,
7733570808,2022,moscow city,68.32.10,,0.0,1351.0,,1351.0,,16.0,1.0,0.0,0.0,,1351.0,1351.0,,,,,,,
7728709606,2022,moscow city,18.10,18964.0,1234.0,4065.0,3828.0,237.0,,13.0,1.0,1.0,0.0,0.0,4065.0,3910.0,,-16370.0,2594.0,1613.0,,,
4101095863,2022,kamchatka,47.70,180872.0,17389.0,35649.0,32874.0,2775.0,,18.0,1.0,1.0,0.0,880.0,34769.0,7115.0,,-158582.0,22290.0,19688.0,,,
6219008178,2022,ryazan,94.92,,,0.0,,,,2.0,1.0,1.0,0.0,,,,,,,,,,
6726027194,2022,smolensk,46.73,36581.0,368.0,2689.0,378.0,2311.0,,0.0,1.0,1.0,0.0,2275.0,414.0,207.0,,-36114.0,467.0,460.0,,,
6678113235,2022,sverdlovsk,45.20.10,139.0,0.0,11.0,11.0,,,1.0,1.0,1.0,0.0,,11.0,11.0,,-138.0,1.0,1.0,,,
6167066730,2022,rostov,94.99,,,,,,,19.0,1.0,0.0,0.0,,,,,,,,,,
9717016931,2022,moscow city,64.99,,,59.0,30.0,29.0,,6.0,1.0,1.0,0.0,,59.0,8.0,,,,,,,
0323349670,2022,buryatia,81.22,2050.0,410.0,1700.0,100.0,927.0,,12.0,1.0,1.0,0.0,,1700.0,460.0,673.0,-1640.0,410.0,410.0,,,
2801244690,2022,amur,78.20,207716.0,42185.0,82362.0,72906.0,9456.0,,4.0,1.0,1.0,0.0,10279.0,72083.0,32481.0,,-154901.0,52815.0,52739.0,,,
5047181658,2022,moscow reg.,69.20,127.0,-22.0,36.0,36.0,,,6.0,1.0,1.0,0.0,,36.0,36.0,,-148.0,-21.0,-21.0,,,
6155061952,2022,rostov,41.20,,,,,,,11.0,1.0,0.0,0.0,,,,,,,,,,
3234043453,2022,bryansk,68.20.20,6229.0,3762.0,377.0,99.0,278.0,,21.0,1.0,1.0,0.0,8.0,369.0,297.0,,,3389.0,3389.0,,,
9723116356,2022,moscow city,82.99,233.0,208.0,349.0,335.0,14.0,,1.0,1.0,1.0,0.0,,349.0,230.0,,-7.0,226.0,222.0,,,
0707018891,2022,kabardino-balkaria,46.39,,,,,,,6.0,1.0,0.0,0.0,,,,,,,,,,
2465143573,2022,krasnoyarsk,94.99,,,0.0,0.0,,,6.0,1.0,1.0,0.0,0.0,0.0,0.0,,,,,,,
5015010924,2022,moscow reg.,95.11,786.0,38.0,229.0,229.0,,,13.0,1.0,1.0,0.0,,229.0,189.0,,-724.0,62.0,62.0,,,
2721178403,2022,khabarovsk,68.10,,-349.0,6009.0,-690.0,6699.0,,12.0,1.0,1.0,0.0,0.0,6009.0,,,-5.0,-5.0,-349.0,,,
3805735275,2022,irkutsk,43.21,,,,,,,2.0,1.0,0.0,0.0,,,,,,,,,,
7840049124,2022,sankt-petersburg,55.10,6765.0,1810.0,1942.0,1865.0,77.0,,6.0,1.0,1.0,0.0,,1942.0,1239.0,,-4897.0,1868.0,1951.0,,,
9721089467,2022,moscow city,18.12,,,,,,,3.0,1.0,0.0,0.0,,,,,,,,,,
7717612426,2022,moscow city,73.11,,,,,,,14.0,1.0,0.0,0.0,,,,,,,,,,
7710918800,2022,moscow city,62.01,1300957.0,69292.0,882856.0,200173.0,178012.0,76892.0,10.0,1.0,1.0,0.0,285263.0,597593.0,19022.0,498140.0,-94310.0,163073.0,87472.0,-117475.0,32614.0,-7969.0
2318041193,2022,krasnodar,43.21,,,,,,,10.0,1.0,0.0,0.0,,,,,,,,,,
3025013462,2022,astrakhan,25.62,3276.0,644.0,742.0,653.0,89.0,,8.0,1.0,1.0,0.0,,742.0,587.0,0.0,-2609.0,667.0,767.0,,,
7842154621,2022,sankt-petersburg,49.42,,,10.0,10.0,,,4.0,1.0,1.0,0.0,,10.0,,,,,,,,
6234174116,2022,ryazan,81.21,,,,,,,5.0,1.0,0.0,0.0,,,,,,,,,,
7447196099,2022,chelyabinsk,46.70,0.0,0.0,10.0,10.0,0.0,,11.0,1.0,1.0,0.0,,10.0,0.0,,0.0,,0.0,,,
4217116262,2022,kemerovo,69.10,5079.0,351.0,6044.0,2108.0,3936.0,,13.0,1.0,1.0,0.0,,6044.0,1125.0,,,685.0,610.0,,,
7733373976,2022,moscow city,63.99,,,,,,,1.0,1.0,0.0,0.0,,,,,,,,,,
8610019984,2022,khanty-mansijsk,41.20,0.0,0.0,1620.0,1620.0,,,16.0,1.0,1.0,0.0,,1620.0,0.0,,0.0,,0.0,,,
5034053120,2022,moscow reg.,71.11,392.0,-204.0,1363.0,1076.0,287.0,,6.0,1.0,1.0,0.0,28.0,1335.0,186.0,,-596.0,-204.0,-204.0,,,
2801152150,2022,amur,47.11,74852.0,644.0,7419.0,5797.0,1621.0,,12.0,1.0,1.0,0.0,0.0,7419.0,3406.0,,-72020.0,2832.0,1890.0,,,
5609198236,2022,orenburg,52.21.24,,,0.0,,,,1.0,1.0,1.0,0.0,,0.0,,,,,,,,
6166105658,2022,rostov,47.25,2300.0,-595.0,3827.0,13.0,440.0,,5.0,1.0,1.0,0.0,,3827.0,10.0,3374.0,-1940.0,-552.0,-571.0,,,
7714464917,2022,moscow city,63.99.10,,,,,,,2.0,1.0,0.0,0.0,,,,,,,,,,
5257212077,2022,nizhni novgorod,41.20,,,0.0,0.0,0.0,,0.0,0.0,0.0,0.0,,0.0,,,,,,,,
6623071096,2022,sverdlovsk,68.20,12720.0,10291.0,31864.0,31364.0,500.0,,12.0,1.0,1.0,0.0,29688.0,2176.0,169.0,0.0,,12720.0,11163.0,,,
3123457441,2022,belgorod,46.90,,,0.0,0.0,0.0,,3.0,1.0,1.0,0.0,0.0,0.0,0.0,0.0,,,,,,
6686099376,2022,sverdlovsk,46.90,105874.0,317.0,26493.0,1902.0,23759.0,,5.0,1.0,1.0,0.0,169.0,26324.0,334.0,810.0,-85613.0,446.0,396.0,,,0.0
2465230603,2022,krasnoyarsk,52.21.24,,,0.0,,,,13.0,1.0,1.0,0.0,,,,,,,,,,
3706029303,2022,ivanovo,46.41.10,0.0,0.0,31.0,31.0,0.0,,1.0,1.0,1.0,0.0,0.0,31.0,21.0,0.0,0.0,0.0,0.0,,,
7839129833,2022,sankt-petersburg,74.10,,,,,,,2.0,1.0,0.0,0.0,,,,,,,,,,
4027114316,2022,kaluga,43.20,7454.0,581.0,1406.0,-199.0,1605.0,,9.0,1.0,1.0,0.0,,1407.0,668.0,,-6770.0,684.0,684.0,,,
6950167055,2022,tver,45.30,0.0,0.0,534.0,-328.0,862.0,,9.0,1.0,1.0,0.0,,534.0,19.0,,0.0,0.0,0.0,,,
2465343484,2022,krasnoyarsk,56.29.20,2859.0,-33.0,158.0,-24.0,182.0,,1.0,1.0,1.0,0.0,,158.0,10.0,,-2831.0,28.0,-13.0,,,
4027148587,2022,kaluga,41.20,,-22.0,36113.0,-4.0,717.0,,0.0,1.0,1.0,0.0,4.0,36109.0,32.0,35400.0,,,-18.0,,,
7842507570,2022,sankt-petersburg,11.07.20,267.0,485.0,12525.0,3300.0,9225.0,,9.0,1.0,1.0,0.0,11022.0,1503.0,143.0,,-3023.0,-2756.0,510.0,,,
9721139647,2022,moscow city,14.13,1528.0,86.0,126.0,124.0,2.0,,1.0,1.0,1.0,0.0,,126.0,0.0,0.0,-1372.0,156.0,100.0,,,
4205355280,2022,kemerovo,47.52.70,,,,,,,5.0,1.0,0.0,0.0,,,,,,,,,,
6027157095,2022,pskov,46.90,,,,,,,8.0,1.0,0.0,0.0,,,,,,,,,,
5262386304,2022,nizhni novgorod,43.21,,,,,,,0.0,1.0,0.0,0.0,,,,,,,,,,
6658272290,2022,sverdlovsk,96.04,1301.0,26.0,58.0,-223.0,281.0,,15.0,1.0,1.0,0.0,,58.0,2.0,,-1055.0,246.0,65.0,,,
3665003399,2022,voronezh,15.20,20300.0,2749.0,57345.0,40665.0,16680.0,,24.0,1.0,1.0,0.0,48709.0,8636.0,1025.0,,-14680.0,5620.0,4307.0,,,
7743208643,2022,moscow city,47.91,,,,,,,5.0,1.0,0.0,0.0,,,,,,,,,,
2540259940,2022,primorsky terr.,46.74.20,27067.0,1077.0,17634.0,9730.0,6283.0,,1.0,1.0,1.0,0.0,,17633.0,330.0,1621.0,-25657.0,1410.0,1373.0,,,
7805515171,2022,sankt-petersburg,43.99,10610.0,559.0,20672.0,2716.0,14837.0,,12.0,1.0,1.0,0.0,7837.0,12835.0,167.0,,-9052.0,-1624.0,613.0,,,
7715254711,2022,moscow city,41.20,18235.0,654.0,50879.0,157.0,50645.0,,22.0,1.0,1.0,0.0,383.0,50497.0,763.0,77.0,-17402.0,833.0,818.0,,,
7720556669,2022,moscow city,46.69,252599.0,13559.0,268109.0,62015.0,206094.0,,16.0,1.0,1.0,0.0,1359.0,266750.0,2466.0,,-226044.0,-12659.0,17020.0,,,
7802882938,2022,sankt-petersburg,15.12,2377.0,38.0,485.0,110.0,375.0,,2.0,1.0,1.0,0.0,,485.0,2.0,,-2558.0,-181.0,77.0,,,
7722154556,2022,moscow city,26.60.50,42389.0,3.0,47691.0,12040.0,35649.0,-911.0,24.0,1.0,1.0,0.0,219.0,47472.0,275.0,,-29349.0,842.0,53.0,,,-911.0
5835119037,2022,penza,68.32.10,8415.0,-950.0,3773.0,-844.0,4617.0,,6.0,1.0,1.0,0.0,,3773.0,1200.0,,-8008.0,407.0,-869.0,,,
2632117141,2022,stavropol,88.10,,,0.0,,,,2.0,1.0,1.0,0.0,,,,,,,,,,
7735168980,2022,moscow city,62.02,,,,,,,4.0,1.0,0.0,0.0,,,,,,,,,,
0268067922,2022,bashkortostan,25.11,14520.0,8.0,1532.0,645.0,887.0,,9.0,1.0,1.0,0.0,,1532.0,147.0,,-14494.0,26.0,10.0,,,
5037002765,2022,moscow reg.,33.14,6385.0,550.0,990.0,570.0,420.0,,17.0,1.0,1.0,0.0,0.0,990.0,826.0,,-5533.0,852.0,692.0,,,
5914204905,2022,perm,52.21.24,0.0,0.0,0.0,,,,30.0,1.0,1.0,0.0,,,,,0.0,,0.0,,,
6315660925,2022,samara,41.20,,,,,,,8.0,1.0,0.0,0.0,,,,,,,,,,
7404018380,2022,chelyabinsk,01.13.10,,,0.0,,,,64.0,1.0,1.0,0.0,,,,,,,,,,
2204091850,2022,altai terr.,69.20,1462.0,53.0,127.0,88.0,39.0,,2.0,1.0,1.0,0.0,,127.0,114.0,0.0,-1453.0,9.0,102.0,,,
3100010135,2022,belgorod,62.02,,-41.0,110.0,10.0,100.0,,0.0,0.0,1.0,0.0,41.0,69.0,69.0,,-41.0,-41.0,-41.0,,,
5905045952,2022,perm,46.12,,,,,,,6.0,1.0,0.0,0.0,,,,,,,,,,
1419007655,2022,yakutia,01.13.30,,,,,,,12.0,1.0,0.0,0.0,,,,,,,,,,
5249157930,2022,nizhni novgorod,46.75.20,3287.0,2.0,579.0,59.0,520.0,,5.0,1.0,1.0,0.0,,579.0,4.0,,-3283.0,4.0,3.0,,,
3801118850,2022,irkutsk,46.34.23,,,,,,,10.0,1.0,0.0,0.0,,,,,,,,,,
9722019913,2022,moscow city,70.22,,,,,,,0.0,1.0,0.0,0.0,,,,,,,,,,
7743388900,2022,moscow city,23.63,1520.0,-5.0,127.0,5.0,77.0,,0.0,1.0,1.0,0.0,,127.0,31.0,45.0,-1516.0,4.0,-5.0,,,
2538143987,2022,primorsky terr.,46.49,,,,,,,11.0,1.0,0.0,0.0,,,,,,,,,,
7726680334,2022,moscow city,47.90,,-4.0,303.0,193.0,110.0,,11.0,1.0,1.0,0.0,,303.0,0.0,,,,-4.0,,,
7715538174,2022,moscow city,73.10,10680.0,724.0,1030.0,961.0,69.0,,18.0,1.0,1.0,0.0,,1030.0,282.0,,-9823.0,857.0,839.0,,,
6685120667,2022,sverdlovsk,69.20,40708.0,2046.0,9652.0,8210.0,1442.0,,6.0,1.0,1.0,0.0,0.0,9652.0,4715.0,,-35671.0,5037.0,2465.0,,,
2204023585,2022,altai terr.,68.32.10,,,0.0,,,,17.0,1.0,1.0,0.0,,,,,,,,,,
6382081962,2022,samara,43.31,,,,,,,2.0,1.0,0.0,0.0,,,,,,,,,,
4253045521,2022,kemerovo,31.01,,,10.0,10.0,,,3.0,1.0,1.0,0.0,,10.0,,,,,,,,
1215092652,2022,marij el,64.92.30,,,,,,,18.0,1.0,0.0,0.0,,,,,,,,,,
7326041862,2022,ulyanovsk,45.20,140.0,-714.0,1.0,-638.0,0.0,,10.0,1.0,1.0,0.0,,1.0,0.0,639.0,-721.0,-581.0,-710.0,,,
7714727179,2022,moscow city,58.14,,,50.0,50.0,,,14.0,1.0,1.0,0.0,0.0,50.0,50.0,,,,,,,
2464256221,2022,krasnoyarsk,47.71.10,,,0.0,,,,9.0,1.0,1.0,0.0,,,,,,,,,,
0543019519,2022,dagestan,68.32,,,,,,,1.0,1.0,0.0,0.0,,,,,,,,,,
9729311561,2022,moscow city,62.01,0.0,0.0,106635.0,20756.0,85879.0,,1.0,1.0,1.0,0.0,18591.0,88045.0,97.0,,0.0,,0.0,,,
7448073526,2022,chelyabinsk,29.10,,,,,,,17.0,1.0,0.0,0.0,,,,,,,,,,
2373019431,2022,krasnodar,41.20,1000.0,77.0,1522.0,675.0,60.0,,1.0,1.0,1.0,0.0,,1522.0,194.0,787.0,-910.0,90.0,85.0,,,
7805624710,2022,sankt-petersburg,47.75,1261.0,278.0,1229.0,922.0,307.0,,9.0,1.0,1.0,0.0,,1229.0,317.0,,-941.0,320.0,299.0,,,
6942008260,2022,tver,43.21,6795.0,98.0,5960.0,5960.0,0.0,,17.0,1.0,1.0,0.0,0.0,5960.0,140.0,,-6697.0,98.0,98.0,,,
4217205280,2022,kemerovo,93.19,,,,,,,0.0,1.0,0.0,0.0,,,,,,,,,,
6150072277,2022,rostov,49.41,1627.0,1.0,11639.0,9871.0,1584.0,,9.0,1.0,1.0,0.0,9215.0,2424.0,4.0,0.0,-1381.0,246.0,1.0,,,
5605000647,2022,orenburg,71.12.30,2676.0,123.0,24971.0,24843.0,128.0,-433.0,22.0,1.0,1.0,0.0,19774.0,5197.0,782.0,0.0,-1192.0,308.0,229.0,0.0,0.0,-433.0
5030079367,2022,moscow reg.,16.10,,,57.0,-1510.0,0.0,,9.0,1.0,1.0,0.0,,57.0,,1567.0,,,,,,
2465278330,2022,krasnoyarsk,46.40,,,,,,,10.0,1.0,0.0,0.0,,,,,,,,,,
4632283544,2022,kursk,56.10,,,,,,,1.0,1.0,0.0,0.0,,,,,,,,,,
3629005217,2022,voronezh,46.30,30917.0,-1144.0,6772.0,6198.0,74.0,-485.0,21.0,1.0,1.0,0.0,121.0,6651.0,113.0,500.0,-27618.0,-752.0,-818.0,,500.0,15.0
6162067144,2022,rostov,43.91,,,,,,,8.0,1.0,0.0,0.0,,,,,,,,,,
6660095715,2022,sverdlovsk,49.41.20,217103.0,4652.0,62557.0,45864.0,16603.0,-4008.0,26.0,1.0,1.0,0.0,12289.0,50268.0,455.0,0.0,-207451.0,9652.0,5886.0,147.0,4180.0,319.0
0713002258,2022,kabardino-balkaria,46.90,,,10.0,10.0,,,21.0,1.0,1.0,0.0,,10.0,,,,,,,,
9704094851,2022,moscow city,70.22,,-101.0,3.0,-91.0,,,1.0,1.0,1.0,0.0,,3.0,3.0,94.0,-89.0,-89.0,-101.0,,,
7017448812,2022,tomsk,46.71,113282.0,423.0,17132.0,3082.0,14051.0,,4.0,1.0,1.0,0.0,490.0,16643.0,2705.0,,-112848.0,434.0,541.0,,,
7713489860,2022,moscow city,73.11,8629.0,453.0,4676.0,453.0,4223.0,,0.0,1.0,1.0,0.0,,4676.0,137.0,,-7457.0,1172.0,1146.0,,,
6647005014,2022,sverdlovsk,68.32.10,,0.0,3759.0,-664.0,4423.0,,11.0,1.0,1.0,0.0,,3759.0,,,,,0.0,,,
6923007969,2022,tver,36,,,,,,,8.0,1.0,0.0,0.0,,,,,,,,,,
9701205901,2022,moscow city,69.10,399.0,-34.0,34.0,0.0,,,0.0,1.0,1.0,0.0,0.0,34.0,,34.0,,-34.0,-34.0,,,
7017407245,2022,tomsk,68.20,2303.0,-19.0,2122.0,19.0,2103.0,,6.0,1.0,1.0,0.0,1809.0,313.0,202.0,,-2322.0,-19.0,-19.0,,,
3253000053,2022,bryansk,01.13.30,18011.0,861.0,14236.0,13338.0,898.0,,19.0,1.0,1.0,0.0,6053.0,8183.0,51.0,,-16301.0,1710.0,959.0,,,
5904042885,2022,perm,68.32,,,,,,,7.0,1.0,0.0,0.0,,,,,,,,,,
7804304844,2022,sankt-petersburg,68.32.10,,,5620.0,,298.0,,18.0,1.0,0.0,0.0,,5620.0,4849.0,,,,,,,
6168072239,2022,rostov,46.73,7080.0,2600.0,2600.0,750.0,1850.0,,8.0,1.0,1.0,0.0,0.0,2600.0,728.0,,-4270.0,2810.0,2810.0,,,
7107109772,2022,tula,70.22,,,,,,,7.0,1.0,0.0,0.0,,,,,,,,,,
5263046597,2022,nizhni novgorod,43.11,26857.0,1319.0,5354.0,-2716.0,7925.0,,18.0,1.0,1.0,0.0,124.0,5229.0,610.0,145.0,-23706.0,3151.0,1588.0,,,
7720287536,2022,moscow city,45.11.20,1636.0,84.0,16419.0,12555.0,1035.0,,11.0,1.0,1.0,0.0,16048.0,371.0,10.0,2829.0,-1507.0,129.0,97.0,,,
6501302130,2022,sakhalin,94.99,,,0.0,0.0,,,3.0,1.0,1.0,0.0,,,,,,,,,,
7723210115,2022,moscow city,93.10,,,,,,,11.0,1.0,0.0,0.0,,,,,,,,,,
3123367928,2022,belgorod,46.69.50,906.0,72.0,463.0,98.0,365.0,,7.0,1.0,1.0,0.0,,463.0,188.0,,-815.0,91.0,90.0,,,
0711040610,2022,kabardino-balkaria,94.99,,0.0,0.0,,,,22.0,1.0,1.0,0.0,,,,,,,,,,
7602158855,2022,yaroslavl,47.59,,,,,,,1.0,1.0,0.0,0.0,,,,,,,,,,
1644100045,2022,tatarstan,43.22,9340.0,59.0,3090.0,59.0,2651.0,,0.0,1.0,1.0,0.0,2171.0,919.0,371.0,380.0,-9261.0,79.0,74.0,,,
3528218709,2022,vologda,46.72.21,,,,,,,8.0,1.0,0.0,0.0,,,,,,,,,,
2901303156,2022,arkhangelsk,46.90,5835.0,54.0,2757.0,179.0,2578.0,,2.0,1.0,1.0,0.0,,2757.0,11.0,,-5763.0,72.0,68.0,,,
2311308151,2022,krasnodar,77.12,10477.0,114.0,5683.0,164.0,5444.0,,2.0,1.0,1.0,0.0,,5683.0,1256.0,74.0,-11137.0,-660.0,143.0,,,
7802324972,2022,sankt-petersburg,43.20,361848.0,8291.0,124506.0,11606.0,101789.0,,17.0,1.0,1.0,0.0,2040.0,122466.0,512.0,10445.0,-300697.0,10630.0,10558.0,,,
7804537461,2022,sankt-petersburg,41.20,36303.0,105.0,245889.0,-51263.0,296436.0,,8.0,1.0,1.0,0.0,663.0,245226.0,19420.0,,-36112.0,191.0,105.0,,,
2320076066,2022,krasnodar,68.20.20,2820.0,53.0,797.0,439.0,358.0,,23.0,1.0,1.0,0.0,482.0,315.0,4.0,,,111.0,83.0,,,
5033010469,2022,moscow reg.,86.21,,,325.0,-3048.0,3373.0,,16.0,1.0,0.0,0.0,,325.0,325.0,,,,,,,
5321201043,2022,novgorod,02.20,58948.0,-57533.0,302069.0,-54035.0,356103.0,,3.0,1.0,1.0,0.0,37441.0,264628.0,71706.0,,-39992.0,18956.0,-57533.0,,,
7728368667,2022,moscow city,46.69.50,36196.0,962.0,4668.0,2255.0,577.0,,5.0,1.0,1.0,0.0,3057.0,1611.0,59.0,,-35194.0,1002.0,962.0,,,
6324107403,2022,samara,46.72.20,26068.0,58.0,12141.0,186.0,11955.0,,3.0,1.0,1.0,0.0,,12141.0,147.0,,-25908.0,160.0,88.0,,,
2459012597,2022,krasnoyarsk,41.20,13193.0,49.0,4971.0,710.0,4041.0,,18.0,1.0,1.0,0.0,,4971.0,3203.0,220.0,-12856.0,337.0,275.0,,,
0572021819,2022,dagestan,46.73,1571.0,125.0,11481.0,10234.0,1247.0,348.0,4.0,1.0,1.0,0.0,146.0,11335.0,555.0,,-1308.0,139.0,139.0,,,348.0
7810022710,2022,sankt-petersburg,71.11.10,,,,,,,17.0,1.0,0.0,0.0,,,,,,,,,,
6320051140,2022,samara,29.32.30,64556.0,1032.0,30060.0,6088.0,23972.0,,2.0,1.0,1.0,0.0,1220.0,28840.0,0.0,,-62974.0,1582.0,1487.0,,,
6659137640,2022,sverdlovsk,46.90,,,,,,,16.0,1.0,0.0,0.0,,,,,,,,,,
3665815312,2022,voronezh,46.65,85916.0,0.0,96.0,79.0,17.0,,1.0,1.0,1.0,0.0,,96.0,11.0,,-69753.0,0.0,0.0,,,
7733297115,2022,moscow city,46.69.70,,,,,,,6.0,1.0,0.0,0.0,,,,,,,,,,
0716008522,2022,kabardino-balkaria,46.71,1940241.0,19582.0,582480.0,204025.0,103771.0,,12.0,1.0,1.0,0.0,231710.0,350770.0,2340.0,146496.0,-1892098.0,48143.0,24477.0,,,
5902223438,2022,perm,91.01,,,,,,,11.0,1.0,0.0,0.0,,,,,,,,,,
0326499233,2022,buryatia,68.30,0.0,0.0,0.0,0.0,0.0,,11.0,1.0,1.0,0.0,,,,,,0.0,0.0,,,
7107122318,2022,tula,52.29,,,620.0,21.0,130.0,,5.0,1.0,1.0,0.0,,620.0,13.0,469.0,,,,,,
7733311105,2022,moscow city,70.22,6973.0,-1918.0,2124.0,1408.0,716.0,,6.0,1.0,1.0,0.0,525.0,1599.0,1398.0,,,5036.0,-1658.0,,,
7703773039,2022,moscow city,69,,-308.0,121.0,-607.0,729.0,,10.0,1.0,1.0,0.0,,121.0,22.0,,-324.0,-324.0,-307.0,,,
5257084837,2022,nizhni novgorod,41.20,51827.0,1074.0,71903.0,1193.0,70710.0,,7.0,1.0,1.0,0.0,29399.0,42504.0,509.0,,-46444.0,5383.0,1342.0,,,0.0
5405203270,2022,novosibirsk,68.20,20691.0,9317.0,137414.0,107400.0,30014.0,,22.0,1.0,1.0,0.0,130425.0,6989.0,1476.0,,-10535.0,10156.0,10121.0,,,
1104014218,2022,komi,47.19,,,,,,,6.0,1.0,0.0,0.0,,,,,,,,,,
6670410596,2022,sverdlovsk,26.20,97058.0,9152.0,34348.0,17834.0,16514.0,14197.0,6.0,1.0,1.0,0.0,2517.0,31831.0,24334.0,,-67780.0,12593.0,11253.0,500.0,0.0,14697.0
6318174360,2022,samara,46.69.20,,,,,,,14.0,1.0,0.0,0.0,,,,,,,,,,
7448239161,2022,chelyabinsk,43.29,,,0.0,,,,0.0,1.0,1.0,0.0,,,,,,,,,,
5507245416,2022,omsk,69.10,2085.0,125.0,30.0,10.0,20.0,,8.0,1.0,1.0,0.0,,30.0,30.0,,-1928.0,157.0,125.0,,,
7708372577,2022,moscow city,73.11,,,,,,,2.0,1.0,0.0,0.0,,,,,,,,,,
7325089220,2022,ulyanovsk,85.42.90,3721.0,23.0,23.0,23.0,0.0,,13.0,1.0,1.0,0.0,,23.0,23.0,,-3698.0,23.0,23.0,,,
2124048658,2022,chuvashia,45.20,407.0,5.0,417.0,417.0,0.0,,1.0,1.0,1.0,0.0,0.0,417.0,407.0,0.0,-401.0,6.0,6.0,,,
3257075444,2022,bryansk,46.69.50,,,10.0,10.0,0.0,,2.0,1.0,1.0,0.0,0.0,10.0,10.0,,,,,,,
5032311248,2022,moscow reg.,41.20,,,0.0,,,,3.0,1.0,1.0,0.0,,,,,,,,,,
0542021152,2022,dagestan,41.20,,,0.0,0.0,,,0.0,1.0,0.0,0.0,,,,,,,,,,
5036062754,2022,moscow reg.,47.59,11425.0,0.0,2960.0,,2960.0,,18.0,1.0,1.0,0.0,,2960.0,2960.0,,-11425.0,0.0,0.0,,,
7728355548,2022,moscow city,81.21,13361.0,8959.0,618.0,618.0,0.0,,6.0,1.0,1.0,0.0,,618.0,93.0,,-3981.0,9380.0,9348.0,,,
2222881353,2022,altai terr.,46.33,7745.0,-3581.0,18669.0,-4081.0,6485.0,,3.0,1.0,1.0,0.0,4336.0,14333.0,7.0,7765.0,-11157.0,-3412.0,-3581.0,,,
2543163467,2022,primorsky terr.,52.29,63708.0,5602.0,28010.0,5612.0,15342.0,6664.0,0.0,1.0,1.0,0.0,8344.0,19666.0,8456.0,,-54718.0,6766.0,6723.0,,-200.0,6464.0
6685175031,2022,sverdlovsk,47.59,,,,,,,2.0,1.0,0.0,0.0,,,,,,,,,,
7715067648,2022,moscow city,68.20,9465.0,2911.0,27100.0,26317.0,783.0,,29.0,1.0,1.0,0.0,26741.0,359.0,287.0,,-6037.0,3428.0,3365.0,,,
9705142339,2022,moscow city,47.99,,0.0,10.0,-25.0,,,2.0,1.0,1.0,0.0,,10.0,10.0,35.0,0.0,0.0,0.0,,,
3525394030,2022,vologda,16.10,18409.0,-145.0,61.0,-1577.0,1638.0,-1051.0,5.0,1.0,1.0,0.0,,61.0,0.0,,-18370.0,39.0,39.0,,,-1051.0
3129002440,2022,belgorod,41.20,6551.0,336.0,7742.0,2086.0,5656.0,,24.0,1.0,1.0,0.0,,7742.0,52.0,,-6036.0,515.0,432.0,,,
0707020650,2022,kabardino-balkaria,46.75.10,,,,,,,1.0,1.0,0.0,0.0,,,,,,,,,,
7801475591,2022,sankt-petersburg,29.32.30,610011.0,-65050.0,2867367.0,-1851950.0,4574059.0,3215.0,14.0,1.0,1.0,0.0,1782208.0,1085159.0,40974.0,,-789588.0,-269210.0,-209092.0,792.0,-72469.0,-68462.0
6324114908,2022,samara,46.73,,,,,,,2.0,1.0,0.0,0.0,,,,,,,,,,
6318035895,2022,samara,46.39,,,,,,,4.0,1.0,0.0,0.0,,,,,,,,,,
2631001747,2022,stavropol,68.32.20,,,0.0,0.0,,,23.0,1.0,1.0,0.0,,0.0,,,,,,,,
1657271425,2022,tatarstan,42.21,3498.0,10.0,2751.0,20.0,2731.0,,1.0,1.0,1.0,0.0,,2751.0,18.0,,-3478.0,20.0,12.0,,,
5260452752,2022,nizhni novgorod,46.49.40,854191.0,58494.0,148905.0,130735.0,18170.0,,4.0,1.0,1.0,0.0,2681.0,146224.0,7134.0,,-775944.0,78247.0,75817.0,,,
2312047390,2022,krasnodar,45.32,,,,,,,27.0,1.0,0.0,0.0,,,,,,,,,,
1839007175,2022,udmurtia,28.99.90,68081.0,12344.0,31094.0,15086.0,7082.0,,7.0,1.0,1.0,0.0,0.0,31094.0,1358.0,8926.0,-52449.0,15632.0,15436.0,,,
2369002964,2022,krasnodar,46.49.20,201.0,-244.0,4302.0,-2547.0,6739.0,,8.0,1.0,1.0,0.0,918.0,3384.0,11.0,110.0,-430.0,-229.0,-239.0,,,
3626000250,2022,voronezh,14.19,,,,,,,20.0,1.0,0.0,0.0,,,,,,,,,,
7714471939,2022,moscow city,46.69,,,,,,,1.0,1.0,0.0,0.0,,,,,,,,,,
4703185715,2022,leningrad,47.91,,,,,,,1.0,1.0,0.0,0.0,,,,,,,,,,
7743604372,2022,moscow city,47.20,12680.0,-1778.0,27838.0,21418.0,5279.0,,16.0,1.0,1.0,0.0,25845.0,1993.0,783.0,1141.0,-14058.0,-1378.0,-1626.0,,,
4405006960,2022,kostroma,43.22,1128.0,7.0,814.0,802.0,12.0,,16.0,1.0,1.0,0.0,,814.0,61.0,,-1096.0,32.0,7.0,,,
3706025041,2022,ivanovo,10.32,83603.0,527.0,34436.0,4165.0,23770.0,,5.0,1.0,1.0,0.0,4391.0,30045.0,395.0,6080.0,-81672.0,1931.0,838.0,,,
7804419041,2022,sankt-petersburg,46.60,,,,,,,13.0,1.0,0.0,0.0,,,,,,,,,,
5030066897,2022,moscow reg.,45.20.20,,,,,,,13.0,1.0,0.0,0.0,,,,,,,,,,
6229046366,2022,ryazan,68.32.10,,,0.0,,,,10.0,1.0,1.0,0.0,,,,,,,,,,0.0
5405432664,2022,novosibirsk,46.90,1508.0,25.0,317.0,315.0,2.0,,11.0,1.0,1.0,0.0,,317.0,38.0,,-1429.0,41.0,31.0,,,
1659162647,2022,tatarstan,46.90,,,10.0,10.0,,,7.0,1.0,1.0,0.0,,10.0,,,,,,,,
2538129460,2022,primorsky terr.,31.01,35432.0,3811.0,16148.0,14880.0,1268.0,,13.0,1.0,1.0,0.0,1535.0,14613.0,4600.0,,-25174.0,3850.0,3811.0,,,
2903010211,2022,arkhangelsk,86,53622.0,-4118.0,11424.0,1091.0,10313.0,-1350.0,10.0,1.0,1.0,0.0,5621.0,5803.0,2755.0,,-48875.0,-4715.0,-5099.0,-598.0,600.0,-1348.0
3245018868,2022,bryansk,70.22,,,,,,,1.0,1.0,0.0,0.0,,,,,,,,,,
4009002994,2022,kaluga,94.20,,,44.0,44.0,,,23.0,1.0,1.0,0.0,,44.0,44.0,,,,,,,
4004021383,2022,kaluga,46.90,13666.0,347.0,1586.0,846.0,741.0,,2.0,1.0,1.0,0.0,119.0,1466.0,573.0,,-13255.0,411.0,403.0,,,
4025449412,2022,nizhni novgorod,46.69,,,50.0,50.0,,,5.0,1.0,1.0,0.0,,50.0,,,,,,,,
5029166819,2022,moscow reg.,68.32,10390.0,737.0,18933.0,1993.0,4649.0,,10.0,1.0,1.0,0.0,14726.0,4207.0,2105.0,12291.0,-9226.0,1164.0,953.0,,,
7017488910,2022,tomsk,41.20,4930.0,24.0,34.0,34.0,,,1.0,1.0,1.0,0.0,0.0,34.0,,,-4900.0,30.0,30.0,,,
5042154530,2022,moscow reg.,46.46.20,10137.0,2121.0,7146.0,6908.0,238.0,,2.0,1.0,1.0,0.0,,7146.0,238.0,,-7648.0,2008.0,2451.0,,,
6164129879,2022,rostov,45.32,0.0,0.0,8868.0,707.0,8161.0,,3.0,1.0,1.0,0.0,,8868.0,708.0,,0.0,0.0,0.0,,,
7734271014,2022,moscow city,90,,,,,,,9.0,1.0,0.0,0.0,,,,,,,,,,
3123192643,2022,belgorod,93.19,,,0.0,,,,13.0,1.0,1.0,0.0,,,,,,,,,,
6658529965,2022,sverdlovsk,41.20,,,,,,,3.0,1.0,0.0,0.0,,,,,,,,,,
6501305780,2022,sakhalin,73.11,,,,,,,3.0,1.0,0.0,0.0,,,,,,,,,,
8608060840,2022,khanty-mansijsk,01.13.12,,-1595.0,3391.0,-7277.0,10668.0,8.0,3.0,1.0,1.0,0.0,1574.0,1817.0,9.0,,,-2619.0,-2643.0,,,8.0
4253015083,2022,kemerovo,68.32.20,,,0.0,0.0,,,9.0,1.0,1.0,0.0,,,,,,,,,,
6319069907,2022,samara,46.90,1833.0,123.0,4109.0,156.0,3969.0,,22.0,1.0,1.0,0.0,,4109.0,26.0,-16.0,-1688.0,145.0,142.0,,,
6229054913,2022,ryazan,43.22,375.0,2.0,7666.0,3402.0,4264.0,,16.0,1.0,1.0,0.0,5125.0,2541.0,34.0,,-342.0,33.0,9.0,,,
5219004710,2022,nizhni novgorod,08.12,,,,,,,20.0,1.0,0.0,0.0,,,,,,,,,,
7720639097,2022,moscow city,26.20,1268.0,-872.0,1752.0,-741.0,2492.0,,14.0,1.0,1.0,0.0,,1752.0,1367.0,,-1347.0,-866.0,-872.0,,,
4205200801,2022,kemerovo,33.14,268134.0,24457.0,142485.0,105153.0,34242.0,20844.0,12.0,1.0,1.0,0.0,38416.0,104069.0,77.0,0.0,-205827.0,37263.0,32902.0,-1965.0,-18865.0,14.0
3662248792,2022,voronezh,46.71,4522.0,12.0,271.0,102.0,169.0,,5.0,1.0,1.0,0.0,,271.0,40.0,,-4447.0,75.0,15.0,,,
5835026103,2022,penza,74.20,,,,,,,26.0,1.0,0.0,0.0,,,,,,,,,,
7838101585,2022,sankt-petersburg,41.20,,,0.0,0.0,,,0.0,1.0,1.0,0.0,0.0,0.0,0.0,,,,,,,
0264059783,2022,bashkortostan,46.69.50,,,,,,,13.0,1.0,0.0,0.0,,,,,,,,,,
6501297667,2022,sakhalin,46.39,113292.0,3430.0,27914.0,15560.0,12354.0,,4.0,1.0,1.0,0.0,6043.0,21871.0,1397.0,,-100350.0,12942.0,4425.0,,,
6161094071,2022,rostov,96.02,1227.0,67.0,283.0,195.0,88.0,,1.0,1.0,1.0,0.0,,284.0,59.0,,-1276.0,-49.0,79.0,,,
3811997663,2022,irkutsk,41.20,76396.0,37.0,56780.0,17203.0,39577.0,,10.0,1.0,1.0,0.0,2812.0,53968.0,7350.0,,-74302.0,2094.0,46.0,,,
7524187990,2022,zabaikalsk terr.,49.41,3190.0,-88.0,2910.0,-78.0,2988.0,,5.0,1.0,1.0,0.0,,2910.0,10.0,,,-80.0,-88.0,,,
7727432158,2022,moscow city,46.31,,,,,,,3.0,1.0,0.0,0.0,,,,,,,,,,
1224002341,2022,marij el,46.33.10,,,0.0,0.0,0.0,,6.0,1.0,1.0,0.0,,0.0,,,,,,,,
2312274240,2022,krasnodar,17.29,,,,,,,4.0,1.0,0.0,0.0,,,,,,,,,,
6321453074,2022,samara,81.10,2289.0,162.0,4890.0,2839.0,2051.0,,4.0,1.0,1.0,0.0,,4890.0,60.0,,-2016.0,273.0,237.0,,,
5638078536,2022,orenburg,49.41,7070.0,83.0,6079.0,184.0,5895.0,,1.0,1.0,1.0,0.0,,6080.0,2.0,,-6915.0,155.0,104.0,,,
3666061467,2022,voronezh,68.32.10,,,4085.0,,807.0,,22.0,1.0,1.0,0.0,3.0,4082.0,3088.0,,,,,,,
2301095666,2022,krasnodar,41.20,,,,,,,5.0,1.0,0.0,0.0,,,,,,,,,,
5700000647,2022,oryol,94.99,,,0.0,,,,0.0,0.0,1.0,0.0,,,,,,,,,,0.0
9704042148,2022,moscow city,46.90,,,,,,,2.0,1.0,0.0,0.0,,,,,,,,,,
3435056117,2022,volgograd,52.29,96872.0,6368.0,11457.0,963.0,9293.0,,12.0,1.0,1.0,0.0,1256.0,10201.0,1718.0,,-88425.0,8447.0,8012.0,,,
7710451956,2022,moscow city,53.20.10,,,0.0,,,,19.0,1.0,1.0,0.0,,,,,,,,,,
5029266820,2022,moscow reg.,43.31,,,,,,,1.0,1.0,0.0,0.0,,,,,,,,,,
5401998378,2022,novosibirsk,17.29,6805.0,118.0,7417.0,803.0,6614.0,,2.0,1.0,1.0,0.0,134.0,7283.0,4.0,,-6623.0,182.0,148.0,,,
5003024954,2022,moscow reg.,11.07,5320433.0,299767.0,3541069.0,854797.0,2098102.0,790608.0,25.0,1.0,1.0,0.0,873849.0,2667220.0,19084.0,,-4570373.0,441454.0,388171.0,-19692.0,-756557.0,14359.0
7751241394,2022,moscow city,52.29,,,0.0,0.0,,,0.0,0.0,1.0,0.0,,,,,,,,,,
6318004880,2022,samara,68.20.21,196136.0,31446.0,1286760.0,838860.0,447899.0,,7.0,1.0,1.0,0.0,963751.0,323009.0,9342.0,,-155106.0,40219.0,39764.0,,,
2234014683,2022,altai terr.,47.73,,,0.0,0.0,0.0,,7.0,1.0,1.0,0.0,,0.0,0.0,,,,,,,
7024045349,2022,tomsk,86.23,,,10.0,10.0,,,3.0,1.0,1.0,0.0,,10.0,,,,,,,,
1215223601,2022,marij el,45.20,143748.0,2404.0,14556.0,12004.0,2552.0,,4.0,1.0,1.0,0.0,3122.0,11434.0,5071.0,,-138693.0,5055.0,4235.0,,,
9704019981,2022,moscow city,43.33,,,,,,,2.0,1.0,0.0,0.0,,,,,,,,,,
5506017103,2022,omsk,94.20,,,167.0,126.0,41.0,,25.0,1.0,1.0,0.0,,167.0,167.0,,,,,,,
7702380613,2022,moscow city,96.01,1506.0,107.0,18699.0,378.0,18322.0,,7.0,1.0,1.0,0.0,0.0,18699.0,273.0,,-1739.0,-233.0,136.0,,,
7716879201,2022,moscow city,77.32,0.0,0.0,9027.0,3261.0,5766.0,,5.0,1.0,1.0,0.0,0.0,9027.0,819.0,0.0,0.0,,0.0,,,
1658122730,2022,tatarstan,38.32.53,5070.0,3836.0,4509.0,2289.0,2220.0,,12.0,1.0,1.0,0.0,1359.0,3150.0,727.0,,-929.0,4141.0,4087.0,,,
6500006756,2022,sakhalin,43.21,,,10.0,10.0,,,0.0,0.0,1.0,0.0,,10.0,10.0,,,,,,,
7840079908,2022,sankt-petersburg,88.99,0.0,0.0,0.0,0.0,0.0,,4.0,1.0,1.0,0.0,0.0,0.0,0.0,0.0,0.0,,0.0,,,
5005032693,2022,moscow reg.,47.25,2303.0,164.0,3383.0,3383.0,0.0,,21.0,1.0,1.0,0.0,3377.0,6.0,6.0,,-2069.0,234.0,231.0,,,
9717039590,2022,moscow city,75,3754.0,195.0,272.0,107.0,165.0,,6.0,1.0,1.0,0.0,0.0,272.0,75.0,0.0,-3438.0,316.0,195.0,,,
3110023415,2022,belgorod,15.20,280.0,0.0,40.0,10.0,30.0,0.0,1.0,1.0,1.0,0.0,,40.0,,,-280.0,0.0,0.0,,,0.0
1716002547,2022,tuva,84.11.35,0.0,0.0,3858105.0,,3858105.0,,28.0,0.0,1.0,0.0,16932.0,3841173.0,0.0,,0.0,,0.0,,,
5504154665,2022,omsk,56.30,197329.0,1823.0,16704.0,10254.0,6450.0,,4.0,1.0,0.0,0.0,681.0,16023.0,1813.0,,-191612.0,5717.0,6499.0,,,
4500000849,2022,kurgan,68.20,496.0,404.0,478.0,412.0,65.0,,0.0,1.0,1.0,0.0,,477.0,54.0,,-55.0,441.0,436.0,,,
2232009536,2022,altai terr.,68.32,,1.0,0.0,0.0,,,13.0,1.0,1.0,0.0,,,,,,,,,,
3525343050,2022,vologda,43.22,2084.0,2382.0,16368.0,12080.0,6645.0,-858.0,7.0,1.0,1.0,0.0,,16368.0,4064.0,-2357.0,-97.0,1987.0,2730.0,,-2576.0,-3434.0
7716922591,2022,moscow city,73.11,5974.0,-430.0,1481.0,58.0,1229.0,,4.0,1.0,1.0,0.0,,1480.0,104.0,194.0,-6303.0,-329.0,-368.0,,,
1004017230,2022,karelia,33.14,3064.0,77.0,7365.0,6538.0,827.0,,10.0,1.0,1.0,0.0,,7365.0,346.0,,-2876.0,188.0,169.0,,,
2464119722,2022,krasnoyarsk,46.71,,-1140.0,45902.0,2391.0,43510.0,,7.0,1.0,1.0,0.0,4824.0,41078.0,19.0,,-935.0,-935.0,-950.0,,,
3453002812,2022,saratov,35.30.14,,,,,,,7.0,1.0,0.0,0.0,,,,,,,,,,
7451459978,2022,chelyabinsk,45.31,1820.0,43.0,267.0,43.0,223.0,,0.0,1.0,1.0,0.0,,267.0,21.0,,-1607.0,213.0,54.0,,,
3441037610,2022,volgograd,62.02,3158.0,1552.0,10583.0,10312.0,271.0,,13.0,1.0,1.0,0.0,,10583.0,2.0,0.0,0.0,1846.0,1644.0,,,
2459016707,2022,krasnoyarsk,46.14.20,1643.0,-305.0,7132.0,6811.0,321.0,,13.0,1.0,1.0,0.0,6193.0,940.0,468.0,0.0,-1865.0,-222.0,-225.0,,,
7814708780,2022,sankt-petersburg,41.20,,,,,,,5.0,1.0,0.0,0.0,,,,,,,,,,
9703092139,2022,moscow city,46.90,,-426.0,87.0,74.0,13.0,-505.0,0.0,1.0,1.0,0.0,,87.0,8.0,,,-426.0,-426.0,,513.0,8.0
9002015633,2022,zaporizhzhia,68.32.1,,,0.0,0.0,,,19.0,1.0,0.0,0.0,,0.0,,,,,,,,
3808211569,2022,irkutsk,43.12,,,,,,,13.0,1.0,0.0,0.0,,,,,,,,,,
5410095301,2022,novosibirsk,46.73,32396.0,3861.0,62764.0,3961.0,36720.0,,0.0,1.0,1.0,0.0,25036.0,37728.0,7277.0,,-28100.0,4296.0,4113.0,,,
6623122921,2022,sverdlovsk,47.59.10,5615.0,779.0,16289.0,2330.0,13959.0,,5.0,1.0,1.0,0.0,,16289.0,1988.0,0.0,-4754.0,861.0,837.0,,,
9706021577,2022,moscow city,45.20,,,,,,,0.0,1.0,0.0,0.0,,,,,,,,,,
7816418317,2022,sankt-petersburg,46.73.30,,,,,,,15.0,1.0,0.0,0.0,,,,,,,,,,
7730128503,2022,moscow city,,,,,,,,22.0,1.0,0.0,0.0,,,,,,,,,,
5837072673,2022,penza,56.30,,,93.0,24.0,68.0,,4.0,1.0,1.0,0.0,,92.0,24.0,,,,,,,
3666254606,2022,voronezh,46.77,1546.0,-334.0,252.0,-639.0,0.0,,1.0,1.0,1.0,0.0,,252.0,57.0,890.0,-1843.0,-297.0,-329.0,,,
0268086523,2022,bashkortostan,47.59.40,147.0,133.0,473.0,440.0,29.0,,3.0,1.0,1.0,0.0,,473.0,425.0,4.0,0.0,147.0,142.0,,,0.0
6950030068,2022,tver,71.11.10,5720.0,-372.0,7382.0,4410.0,2972.0,,7.0,1.0,1.0,0.0,2759.0,4623.0,592.0,,-5087.0,633.0,-172.0,,,
2124048714,2022,chuvashia,46.73,44745.0,1431.0,6446.0,1440.0,5006.0,,0.0,1.0,1.0,0.0,,6446.0,3365.0,,-37814.0,2128.0,2109.0,,,
0573003636,2022,dagestan,86.90.90,18158.0,7435.0,7815.0,7445.0,370.0,,8.0,1.0,1.0,0.0,,7815.0,1668.0,0.0,-10332.0,7826.0,7826.0,,,
2225189084,2022,altai terr.,07.29.41,,,,,,,4.0,1.0,0.0,0.0,,,,,,,,,,
9701062883,2022,moscow city,18.12,49787.0,1954.0,13709.0,7186.0,6523.0,,5.0,1.0,1.0,0.0,1084.0,12624.0,3613.0,,-47289.0,2498.0,2465.0,,,
9705161772,2022,moscow city,46.73,4665.0,0.0,3550.0,10.0,3540.0,,1.0,1.0,1.0,0.0,,3550.0,,,-4665.0,0.0,0.0,,,
5402148616,2022,novosibirsk,46.51,2657.0,17.0,655.0,506.0,149.0,,22.0,1.0,1.0,0.0,,655.0,291.0,,-2613.0,44.0,44.0,,,
4401186906,2022,kostroma,70.22,44.0,31.0,6.0,5.0,0.0,,4.0,1.0,1.0,0.0,,6.0,3.0,,-10.0,34.0,34.0,,,
7326044856,2022,ulyanovsk,56.10,,,300.0,0.0,300.0,,9.0,1.0,1.0,0.0,,300.0,,,,,,,,
7703440350,2022,moscow city,41.20,,,,,,,4.0,1.0,0.0,0.0,,,,,,,,,,
2543064441,2022,primorsky terr.,75.00.10,5760.0,36.0,253.0,164.0,89.0,,7.0,1.0,1.0,0.0,0.0,253.0,28.0,0.0,-5099.0,661.0,135.0,,,
5010054646,2022,moscow reg.,22.23,,-458.0,316837.0,-2224.0,29145.0,-57057.0,4.0,1.0,1.0,0.0,300648.0,16189.0,44.0,289915.0,,-152.0,-467.0,,56721.0,-336.0
7727374481,2022,moscow city,73.11,,,,,,,4.0,1.0,0.0,0.0,,,,,,,,,,
7327086947,2022,ulyanovsk,45.31.10,12148.0,15.0,31166.0,2059.0,15438.0,,4.0,1.0,1.0,0.0,5599.0,25567.0,544.0,13670.0,-11808.0,340.0,19.0,,,
3908004478,2022,kaliningrad,42.11,0.0,,100.0,13.0,,,24.0,1.0,1.0,0.0,,100.0,,87.0,0.0,,0.0,,,
9701225993,2022,moscow city,46.90,111422.0,342.0,134293.0,852.0,133441.0,,0.0,0.0,1.0,0.0,,134293.0,,,-110995.0,427.0,427.0,,,
7724381120,2022,moscow city,46.13,,,0.0,0.0,0.0,,6.0,1.0,0.0,0.0,0.0,0.0,,,,,,,,
9102166570,2022,crimea,68.32,,13.0,1193.0,1189.0,4.0,,24.0,1.0,1.0,0.0,39.0,1154.0,1038.0,,,,13.0,,,
5611025777,2022,orenburg,25.12,,,,,,,21.0,1.0,0.0,0.0,,,,,,,,,,
5907997227,2022,perm,43.11,,,,,,,8.0,1.0,0.0,0.0,,,,,,,,,,
7702464905,2022,moscow city,14.13,,,,,,,3.0,1.0,0.0,0.0,,,,,,,,,,
9701190885,2022,moscow city,46.90,13160.0,3.0,55.0,55.0,0.0,,1.0,1.0,1.0,0.0,,55.0,4.0,,-13156.0,4.0,4.0,,,
7813566437,2022,sankt-petersburg,45.10,873492.0,41703.0,300146.0,63307.0,235763.0,,9.0,1.0,1.0,0.0,6216.0,293930.0,4949.0,,-791821.0,81671.0,51609.0,,,
1001355914,2022,karelia,43.99,6018.0,936.0,1160.0,946.0,154.0,,1.0,1.0,1.0,0.0,,1160.0,241.0,60.0,-4284.0,1134.0,1022.0,,,0.0
9409000694,2022,luhansk,05.10,,,1037.0,-54.0,398.0,,7.0,1.0,0.0,0.0,705.0,332.0,,693.0,,,,,,
9721126750,2022,moscow city,41.20,,,,,,,1.0,1.0,0.0,0.0,,,,,,,,,,
7610131399,2022,yaroslavl,79.11,,0.0,19.0,-2.0,21.0,,3.0,1.0,1.0,0.0,,19.0,2.0,,0.0,0.0,0.0,,,
0326537030,2022,buryatia,43.22,,,2414.0,852.0,1562.0,,7.0,1.0,1.0,0.0,,2414.0,1.0,,,,,,,
7604240054,2022,yaroslavl,77.30,8267.0,8.0,7495.0,349.0,6538.0,,9.0,1.0,1.0,0.0,,7495.0,549.0,608.0,-8259.0,8.0,8.0,,,
7743256848,2022,moscow city,46.17,,,,,,,4.0,1.0,0.0,0.0,,,,,,,,,,
5042135680,2022,moscow reg.,47.30,,,0.0,0.0,,,7.0,1.0,1.0,0.0,,,,,,,,,,
5029244947,2022,moscow reg.,46.73,,,,,,,3.0,1.0,0.0,0.0,,,,,,,,,,
5047211817,2022,moscow reg.,41.20,18736.0,198.0,1562.0,217.0,1345.0,,4.0,1.0,1.0,0.0,,1562.0,84.0,,-18459.0,277.0,248.0,,,
5047128157,2022,moscow reg.,74.10,1038.0,234.0,2359.0,16.0,2343.0,,11.0,1.0,1.0,0.0,,2359.0,17.0,,-780.0,258.0,247.0,,,
2721204220,2022,khabarovsk,43.39,,,,,,,9.0,1.0,0.0,0.0,,,,,,,,,,
3623006863,2022,voronezh,47.73,35616.0,5.0,3237.0,3237.0,,,16.0,1.0,1.0,0.0,,3237.0,335.0,,-31727.0,5.0,5.0,,,0.0
3445995525,2022,volgograd,94.90,,,,,,,10.0,1.0,0.0,0.0,,,,,,,,,,
2461046473,2022,krasnoyarsk,46.69.80,,,0.0,0.0,,,2.0,1.0,1.0,0.0,,0.0,,,,,,,,0.0
5254028880,2022,nizhni novgorod,46.18.99,,,2579.0,2573.0,6.0,,18.0,1.0,1.0,0.0,,2579.0,122.0,,,,,,,
1650385582,2022,tatarstan,46.90,24641.0,180.0,22671.0,430.0,22241.0,,3.0,1.0,1.0,0.0,,22671.0,8.0,,-24401.0,240.0,226.0,,,
7717681243,2022,moscow city,46.46,0.0,-3074.0,8053.0,-13021.0,17274.0,-6236.0,12.0,1.0,1.0,0.0,7588.0,465.0,28.0,3800.0,-2.0,-2663.0,-3842.0,,6257.0,21.0
7325143188,2022,ulyanovsk,94.99,,,1.0,,9.0,,6.0,1.0,0.0,0.0,,1.0,,,,,,,,
6451016068,2022,saratov,43.21,16650.0,-4220.0,10342.0,-6529.0,16862.0,,3.0,1.0,1.0,0.0,1090.0,9252.0,359.0,0.0,-19048.0,-2398.0,-4217.0,,,
6679084516,2022,sverdlovsk,52.10,,,,,,,7.0,1.0,0.0,0.0,,,,,,,,,,
6163130889,2022,rostov,62.09,1041.0,-133.0,300.0,298.0,2.0,,9.0,1.0,1.0,0.0,,300.0,197.0,,-1139.0,-98.0,-122.0,,,
0260007368,2022,bashkortostan,94.20,,,,,,,19.0,1.0,0.0,0.0,,,,,,,,,,
5404224380,2022,novosibirsk,43.39,979.0,103.0,191.0,144.0,46.0,,1.0,1.0,1.0,0.0,,191.0,33.0,,-830.0,149.0,132.0,,,
3906413845,2022,kaliningrad,77.12,,,14.0,10.0,4.0,,0.0,1.0,1.0,0.0,,14.0,,,,,,,,
5031028936,2022,moscow reg.,68.32.20,,,569.0,0.0,569.0,,30.0,1.0,1.0,0.0,,569.0,423.0,,,,,,,
7810821343,2022,sankt-petersburg,46.90,,,,,,,11.0,1.0,0.0,0.0,,,,,,,,,,
6829092491,2022,tambov,71.20.30,1587.0,770.0,1029.0,1014.0,15.0,,9.0,1.0,1.0,0.0,,1029.0,748.0,,-737.0,850.0,770.0,,,
3906951836,2022,kaliningrad,95.11,,,,,,,7.0,1.0,0.0,0.0,,,,,,,,,,
7701253404,2022,moscow city,68.20.20,8475.0,486.0,3117.0,1826.0,1291.0,,22.0,1.0,1.0,0.0,1560.0,1557.0,274.0,,-209.0,1043.0,607.0,,,0.0
5916035522,2022,perm,31.01,103998.0,9716.0,25027.0,22635.0,2391.0,,2.0,1.0,1.0,0.0,849.0,24178.0,3706.0,,-92804.0,11194.0,11106.0,,,
7719436511,2022,moscow city,47.99,0.0,0.0,0.0,0.0,,,6.0,1.0,1.0,0.0,,0.0,,,0.0,,0.0,,,
4217064695,2022,kemerovo,68.31,,,,,,,18.0,1.0,0.0,0.0,,,,,,,,,,
4011033407,2022,kaluga,45.19,451.0,-19.0,27.0,10.0,17.0,,1.0,1.0,1.0,0.0,27.0,,,,-460.0,-9.0,-19.0,,,
6910999716,2022,tver,94.99,,,0.0,0.0,0.0,0.0,8.0,1.0,1.0,0.0,0.0,0.0,,0.0,,,,0.0,0.0,0.0
5605023073,2022,orenburg,16.10,,,37.0,10.0,27.0,37.0,0.0,1.0,1.0,0.0,,37.0,37.0,,,,,,,37.0
5072724033,2022,moscow reg.,86.23,8868.0,-110.0,383.0,218.0,165.0,-145.0,15.0,1.0,1.0,0.0,214.0,169.0,18.0,0.0,,326.0,156.0,,0.0,-145.0
1001304324,2022,karelia,77.39.11,10744.0,1897.0,38635.0,2796.0,35836.0,,7.0,1.0,1.0,0.0,13733.0,24901.0,1763.0,,-3479.0,2024.0,2000.0,,,0.0
5903103422,2022,perm,68.32.10,26.0,24.0,664.0,,56.0,,10.0,1.0,1.0,0.0,,664.0,288.0,,,26.0,26.0,,,
9718073530,2022,moscow city,73.11,,,0.0,-11.0,11.0,,5.0,1.0,1.0,0.0,,,,,,,,,,
2308266840,2022,krasnodar,47.19,0.0,0.0,10.0,10.0,0.0,,3.0,1.0,1.0,0.0,,10.0,0.0,,0.0,0.0,0.0,,,
6154139081,2022,rostov,46.71,,,0.0,,,,7.0,1.0,1.0,0.0,,,,,,,,,,
5406611240,2022,novosibirsk,47.52,3387.0,244.0,3775.0,1866.0,1909.0,,6.0,1.0,1.0,0.0,,3775.0,10.0,0.0,-3042.0,345.0,287.0,,,
7733340755,2022,moscow city,41.10,,,,,,,3.0,1.0,0.0,0.0,,,,,,,,,,
5003144828,2022,moscow reg.,68.32.10,209655.0,47712.0,99173.0,88885.0,10258.0,,1.0,1.0,1.0,0.0,6762.0,92411.0,99.0,30.0,-161584.0,48071.0,48810.0,,,
2301064611,2022,krasnodar,41.20,109129.0,2033.0,78352.0,11649.0,66703.0,,15.0,1.0,1.0,0.0,39619.0,38733.0,1117.0,,-106036.0,3093.0,2582.0,,,
7727081943,2022,moscow city,14.14,331027.0,52224.0,1830500.0,1731423.0,36500.0,-14526.0,30.0,1.0,1.0,0.0,152122.0,1678378.0,8113.0,,-99178.0,42540.0,73264.0,-15175.0,,-29701.0
7449134147,2022,chelyabinsk,41.20,175737.0,0.0,47739.0,58.0,47181.0,,5.0,1.0,1.0,0.0,2758.0,44981.0,1430.0,500.0,-175798.0,-61.0,0.0,,,
6154078840,2022,rostov,94.99,,,0.0,,,,21.0,1.0,1.0,0.0,,,,,,,,,,0.0
2632099823,2022,stavropol,46.69.80,15443.0,2224.0,12543.0,-1901.0,14444.0,,12.0,1.0,1.0,0.0,1060.0,11483.0,1491.0,,-12940.0,2503.0,2395.0,,,
7704566740,2022,moscow city,46.90,,,,,,,17.0,1.0,0.0,0.0,,,,,,,,,,
0814150816,2022,kalmykia,94.20,,,66.0,0.0,66.0,62.0,20.0,1.0,1.0,0.0,4.0,62.0,62.0,,,,,,,62.0
0278972707,2022,bashkortostan,33.12,1218.0,2.0,526.0,13.0,513.0,,0.0,1.0,1.0,0.0,,526.0,366.0,,-1211.0,7.0,3.0,,,
1901096469,2022,khakasia,56.10,,,,,,,12.0,1.0,0.0,0.0,,,,,,,,,,
7816282803,2022,sankt-petersburg,46.46,69.0,-228.0,153.0,-436.0,143.0,,7.0,1.0,1.0,0.0,,153.0,,445.0,-291.0,-222.0,-226.0,,,
6154150769,2022,rostov,69.10,,,,,,,5.0,1.0,0.0,0.0,,,,,,,,,,
2366018758,2022,krasnodar,93.29,45092.0,1085.0,10796.0,2216.0,8579.0,,2.0,1.0,1.0,0.0,6019.0,4776.0,9.0,,-43953.0,1139.0,1102.0,,,
3808149896,2022,irkutsk,94.99,,,0.0,,,,16.0,1.0,1.0,0.0,,,,,,,,,,
7729763236,2022,moscow city,46.74.30,1706030.0,66393.0,604876.0,161784.0,439838.0,88952.0,8.0,1.0,1.0,0.0,6566.0,598310.0,14946.0,,-1369484.0,200376.0,83298.0,-578.0,-80039.0,8335.0
3808188133,2022,irkutsk,94.12,,-6.0,12.0,-630.0,642.0,,11.0,1.0,1.0,0.0,,12.0,0.0,,,,-6.0,,,
6439033660,2022,saratov,68.32.10,,,,,,,26.0,1.0,0.0,0.0,,,,,,,,,,
6311188370,2022,samara,46.38.20,,,,,,,2.0,1.0,0.0,0.0,,,,,,,,,,
2617013973,2022,stavropol,47.59,,-103.0,18.0,-448.0,2.0,,7.0,1.0,1.0,0.0,,18.0,17.0,464.0,-93.0,-93.0,-103.0,,,
6732153623,2022,smolensk,38.32.30,0.0,-239.0,10450.0,10450.0,0.0,,5.0,1.0,1.0,0.0,,10450.0,1.0,,-215.0,-215.0,-231.0,,,
6829149469,2022,tambov,47.51,53624.0,-1008.0,51.0,51.0,0.0,,3.0,1.0,1.0,0.0,,51.0,1.0,,-54095.0,-471.0,-471.0,,,
1659075105,2022,tatarstan,80,,,,,,,15.0,1.0,0.0,0.0,,,,,,,,,,
1650334595,2022,tatarstan,45.32,,,,,,,6.0,1.0,0.0,0.0,,,,,,,,,,
4704084156,2022,leningrad,43.12,,,,,,,12.0,1.0,0.0,0.0,,,,,,,,,,
3257015195,2022,bryansk,71.10,4190.0,649.0,4190.0,10.0,4180.0,,8.0,1.0,1.0,0.0,0.0,4190.0,4190.0,,-2977.0,649.0,649.0,,,
7805706352,2022,sankt-petersburg,46.69,22642.0,1654.0,29968.0,2553.0,27415.0,,5.0,1.0,1.0,0.0,,29967.0,659.0,,-20581.0,2061.0,2067.0,,,
1639048801,2022,tatarstan,68.20,20069.0,9688.0,167316.0,43371.0,18645.0,,9.0,1.0,1.0,0.0,65999.0,101317.0,4765.0,105300.0,-9715.0,10354.0,10271.0,,,
7603046520,2022,yaroslavl,46.90,,,1327.0,112.0,1215.0,,12.0,1.0,1.0,0.0,,1327.0,0.0,0.0,,,,,,
6832001060,2022,tambov,10.61,2065566.0,59329.0,722587.0,302802.0,419785.0,124093.0,25.0,1.0,1.0,0.0,78325.0,644262.0,218320.0,,-1756946.0,107602.0,75652.0,-10593.0,92852.0,206352.0
7722396210,2022,moscow city,80.10,92123.0,1859.0,22889.0,6899.0,15990.0,,5.0,1.0,1.0,0.0,,22889.0,1541.0,,-88661.0,2752.0,2361.0,,,
7730207924,2022,moscow city,46.33,,,,,,,6.0,1.0,0.0,0.0,,,,,,,,,,
1660108838,2022,tatarstan,43.12,,,,,,,15.0,1.0,0.0,0.0,,,,,,,,,,
2466104954,2022,krasnoyarsk,69.20.20,25690.0,14118.0,53301.0,47668.0,5633.0,,20.0,1.0,1.0,0.0,,53301.0,53.0,,-10795.0,14895.0,14836.0,,,
1659123359,2022,tatarstan,95.21,,,,,,,10.0,1.0,0.0,0.0,,,,,,,,,,
2323027733,2022,krasnodar,46.71,,,,,,,14.0,1.0,0.0,0.0,,,,,,,,,,
8603229148,2022,khanty-mansijsk,81.10,6785.0,836.0,1345.0,627.0,718.0,,5.0,1.0,1.0,0.0,,1345.0,66.0,,-5225.0,1560.0,1463.0,,,0.0
2511121714,2022,primorsky terr.,88.91,59.0,4.0,14.0,10.0,4.0,,0.0,0.0,1.0,0.0,,14.0,10.0,,-34.0,13.0,4.0,,,
1648038341,2022,tatarstan,41.20,,,3.0,1.0,2.0,,8.0,1.0,1.0,0.0,2.0,1.0,,,,,,,,
2537060456,2022,primorsky terr.,52.21,,,,,,,20.0,1.0,0.0,0.0,,,,,,,,,,
5642005354,2022,orenburg,33.12,,,2442.0,1972.0,470.0,,22.0,1.0,0.0,0.0,80.0,2362.0,,,,,,,,
5044124475,2022,moscow reg.,43.12.30,,-19.0,17.0,-9.0,26.0,,0.0,1.0,1.0,0.0,,17.0,17.0,,,,-19.0,,,
7840370708,2022,sankt-petersburg,68.30,108194.0,1730.0,309255.0,-618284.0,927539.0,,15.0,1.0,1.0,0.0,72227.0,237028.0,1730.0,,-104491.0,3703.0,1730.0,,,
2706019864,2022,khabarovsk,45.20,,,,,,,10.0,1.0,0.0,0.0,,,,,,,,,,
7718792387,2022,moscow city,46.69,194372.0,17651.0,72896.0,24275.0,43523.0,38038.0,12.0,1.0,1.0,0.0,37000.0,35897.0,3143.0,4559.0,-106293.0,22437.0,21997.0,-6500.0,-5026.0,26512.0
7816086622,2022,sankt-petersburg,68.20,3148.0,1874.0,3912.0,3632.0,280.0,,28.0,1.0,1.0,0.0,3419.0,492.0,43.0,,-1147.0,2001.0,1989.0,,,
7203382407,2022,tyumen,82.91,6180.0,5467.0,91849.0,18468.0,73381.0,,6.0,1.0,1.0,0.0,25686.0,66163.0,2352.0,0.0,-4931.0,-34296.0,28695.0,,,
0701109648,2022,kabardino-balkaria,01.41,,,,,,,16.0,1.0,0.0,0.0,,,,,,,,,,
3906281170,2022,kaliningrad,68.20,,0.0,1845.0,-318.0,2163.0,,10.0,1.0,1.0,0.0,,1845.0,,,,,0.0,,,
2801234886,2022,amur,22.23,20558.0,1843.0,1986.0,1863.0,123.0,,5.0,1.0,1.0,0.0,,1986.0,34.0,,-18429.0,2129.0,2116.0,,,
7817070255,2022,sankt-petersburg,68.20,22346.0,14339.0,86751.0,79122.0,2871.0,100.0,5.0,1.0,1.0,0.0,30637.0,56114.0,186.0,,-1810.0,18120.0,17994.0,,,100.0
5010057870,2022,moscow reg.,46.38,12487.0,1307.0,1984.0,1818.0,166.0,,2.0,1.0,1.0,0.0,,1983.0,369.0,,-10900.0,1587.0,1539.0,,,
7717565254,2022,moscow city,46.41,62337.0,9538.0,69064.0,60865.0,8199.0,,16.0,1.0,1.0,0.0,,69064.0,797.0,,-51073.0,11264.0,11242.0,,,
7709854365,2022,moscow city,33.14,,,,,,,12.0,1.0,0.0,0.0,,,,,,,,,,
6154143514,2022,rostov,49.42,34982.0,3750.0,19571.0,4174.0,15397.0,,6.0,1.0,1.0,0.0,4952.0,14619.0,716.0,,-15604.0,3762.0,4167.0,,,0.0
5405496509,2022,novosibirsk,46.73.60,7915.0,698.0,5751.0,2826.0,2925.0,,8.0,1.0,1.0,0.0,,5751.0,46.0,,-6170.0,927.0,872.0,,,
2724249476,2022,khabarovsk,46.73,20886.0,1.0,25183.0,26.0,25157.0,,0.0,1.0,1.0,0.0,,25183.0,,,-3251.0,1.0,1.0,,,
2130214857,2022,chuvashia,94.99,,,0.0,0.0,,,3.0,1.0,0.0,0.0,,,,,,,,,,
7801635140,2022,sankt-petersburg,46.73,41135.0,209.0,6534.0,208.0,5137.0,,8.0,1.0,1.0,0.0,971.0,5563.0,176.0,,-41048.0,87.0,261.0,,,
6320062952,2022,samara,78.30,815.0,75.0,306.0,75.0,68.0,,1.0,1.0,1.0,0.0,,306.0,5.0,163.0,-738.0,77.0,75.0,,,
9719010741,2022,moscow city,73.11,,,,,,,2.0,1.0,0.0,0.0,,,,,,,,,,
2411000177,2022,krasnoyarsk,10.71,17072.0,-1026.0,10577.0,8679.0,1898.0,-630.0,20.0,1.0,1.0,0.0,5872.0,4705.0,224.0,0.0,-21540.0,-4468.0,-404.0,,,-630.0
7805720043,2022,sankt-petersburg,41.20,20040.0,122.0,8545.0,384.0,6033.0,670.0,5.0,1.0,1.0,0.0,2390.0,6155.0,665.0,,-632.0,410.0,152.0,0.0,-5.0,665.0
9725040504,2022,moscow city,46.38,63259.0,488.0,26461.0,901.0,25255.0,,2.0,1.0,1.0,0.0,,26460.0,1610.0,305.0,-62613.0,646.0,610.0,,,
7730269159,2022,moscow city,68.10,,-2.0,15.0,8.0,,,1.0,1.0,1.0,0.0,,15.0,2.0,7.0,,,-2.0,,,
7714329386,2022,moscow city,18.14,,,,,,,7.0,1.0,0.0,0.0,,,,,,,,,,
7718839532,2022,moscow city,46.90,46399.0,260.0,87537.0,7089.0,80448.0,,11.0,1.0,1.0,0.0,2950.0,84587.0,1072.0,,-45987.0,412.0,325.0,,,
2302038163,2022,krasnodar,01.11.10,5549.0,795.0,9317.0,9187.0,130.0,-339.0,23.0,1.0,1.0,0.0,81.0,9236.0,15.0,,-4446.0,1103.0,795.0,0.0,0.0,-339.0
2465179298,2022,krasnoyarsk,86.90,40649.0,7008.0,17750.0,13970.0,3780.0,,4.0,1.0,1.0,0.0,,17750.0,3446.0,,-32950.0,7699.0,7495.0,,,
7424011440,2022,chelyabinsk,46.72,34407.0,22.0,23470.0,208.0,23262.0,,3.0,1.0,1.0,0.0,,23470.0,0.0,,-34357.0,50.0,28.0,,,
6452921520,2022,saratov,28.90,47033.0,9169.0,49820.0,47963.0,1857.0,,16.0,1.0,1.0,0.0,21275.0,28545.0,16666.0,,-36395.0,10638.0,10593.0,,,
6205000771,2022,ryazan,68.20,,0.0,0.0,0.0,,,4.0,1.0,1.0,0.0,,0.0,0.0,,,,,,,0.0
5904648806,2022,perm,46.90,43169.0,-456.0,19604.0,18414.0,1190.0,,8.0,1.0,1.0,0.0,1173.0,18431.0,2094.0,,-43243.0,-74.0,-9.0,,,
7126025655,2022,tula,01.10,,,0.0,,,,31.0,1.0,1.0,0.0,,,,,,,,,,
0277957079,2022,bashkortostan,62.01,,-825.0,131.0,-996.0,,,1.0,1.0,1.0,0.0,3.0,128.0,1.0,1127.0,-814.0,-814.0,-825.0,,,
8603247877,2022,khanty-mansijsk,86.21,,,10.0,10.0,,,0.0,0.0,1.0,0.0,,10.0,,,,,,,,
1655346837,2022,tatarstan,79.11,,,,,,,6.0,1.0,0.0,0.0,,,,,,,,,,
1655423753,2022,tatarstan,93.12,,,,,,,3.0,1.0,0.0,0.0,,,,,,,,,,
5038052173,2022,moscow reg.,47.20,777.0,54.0,419.0,-202.0,622.0,,16.0,1.0,1.0,0.0,,419.0,0.0,,-655.0,122.0,101.0,,,
4909087077,2022,magadan,47.10,,,10.0,10.0,,,17.0,1.0,1.0,0.0,,10.0,10.0,,,,,,,
5522001164,2022,omsk,94.20,,,116.0,116.0,,,23.0,1.0,1.0,0.0,116.0,0.0,,,,,,,,0.0
2627019445,2022,stavropol,41.20,,,,,,,20.0,1.0,0.0,0.0,,,,,,,,,,
3328474832,2022,vladimir,69.10,,,0.0,-783.0,783.0,,11.0,1.0,1.0,0.0,,0.0,,,,,,,,
6325065361,2022,samara,52.21.24,,,0.0,0.0,,,7.0,1.0,1.0,0.0,,0.0,,,,,,,,
7727326745,2022,moscow city,43.21,52298.0,163.0,58573.0,1815.0,56758.0,,5.0,1.0,1.0,0.0,,58573.0,2630.0,,-51938.0,360.0,204.0,,,
6320035596,2022,samara,69.20,,,10.0,10.0,,,3.0,1.0,1.0,0.0,,10.0,10.0,,,,,,,
2806006160,2022,amur,41.20,29978.0,4467.0,11751.0,11528.0,223.0,,15.0,1.0,1.0,0.0,5586.0,6165.0,2716.0,,-23982.0,5996.0,5996.0,,,
7743872660,2022,moscow city,49.41,,,,,,,10.0,1.0,0.0,0.0,,,,,,,,,,
7716666034,2022,moscow city,77.39.20,,-14794.0,2639057.0,-377391.0,2729004.0,,12.0,1.0,1.0,0.0,213230.0,2425827.0,185.0,287444.0,,-398.0,-14792.0,,,0.0
2127025017,2022,chuvashia,43.21,,,,,,,17.0,1.0,0.0,0.0,,,,,,,,,,
4710012329,2022,leningrad,16.10.10,345159.0,3576.0,304582.0,178094.0,126488.0,,7.0,1.0,1.0,0.0,133682.0,170900.0,14072.0,,-341099.0,4060.0,3576.0,,,
6670123577,2022,sverdlovsk,68.32,578.0,-823.0,334.0,84.0,250.0,,16.0,1.0,1.0,0.0,164.0,170.0,0.0,,-1276.0,-698.0,-816.0,,,
9717078110,2022,moscow city,49.20,32218.0,779.0,14960.0,1036.0,5753.0,,3.0,1.0,1.0,0.0,4272.0,10688.0,1158.0,8171.0,-33878.0,-1660.0,974.0,,,
7806159215,2022,sankt-petersburg,16.23.10,,,,,,,17.0,1.0,0.0,0.0,,,,,,,,,,
2309068061,2022,krasnodar,56.10.10,127912.0,8581.0,33467.0,33467.0,,,23.0,1.0,1.0,0.0,,33467.0,4497.0,,-119331.0,8581.0,8581.0,,,
7727439298,2022,moscow city,77.29,,,,,,,2.0,1.0,0.0,0.0,,,,,,,,,,
6612032698,2022,sverdlovsk,68.32.10,,,58.0,,58.0,,12.0,1.0,1.0,0.0,,58.0,58.0,,,,,,,
3511007114,2022,vologda,46.90,,,,,,,2.0,1.0,0.0,0.0,,,,,,,,,,
7802211538,2022,sankt-petersburg,47.75,,,10.0,10.0,,,19.0,1.0,1.0,0.0,0.0,10.0,0.0,,,,,,,
1832072190,2022,udmurtia,71.12.40,12596.0,2416.0,9461.0,3560.0,2289.0,,13.0,1.0,1.0,0.0,2081.0,7380.0,103.0,2238.0,-9649.0,2947.0,2741.0,,,
7203309291,2022,tyumen,71.10,349.0,1.0,329.0,323.0,6.0,14.0,8.0,1.0,1.0,0.0,0.0,329.0,329.0,0.0,-322.0,27.0,8.0,,,14.0
7709457671,2022,moscow city,46.43,,,230.0,210.0,20.0,,7.0,1.0,1.0,0.0,,230.0,0.0,,,,,,,
1686008612,2022,tatarstan,47.52,1055.0,43.0,348.0,53.0,295.0,,0.0,1.0,1.0,0.0,,348.0,143.0,,-1005.0,49.0,54.0,,,
8603182926,2022,khanty-mansijsk,46.73.60,,,,,,,11.0,1.0,0.0,0.0,,,,,,,,,,
6319244210,2022,samara,46.73.60,0.0,0.0,206.0,194.0,12.0,,3.0,1.0,1.0,0.0,,206.0,206.0,,0.0,,,,,
3664253396,2022,voronezh,49.41,1776.0,24.0,2460.0,34.0,2426.0,,0.0,0.0,1.0,0.0,,2460.0,558.0,,,80.0,30.0,,,
4501054893,2022,kurgan,41.20,16325.0,1753.0,12341.0,6263.0,5307.0,,25.0,1.0,1.0,0.0,7277.0,5064.0,1200.0,771.0,-13948.0,2377.0,2347.0,,,
0547006912,2022,dagestan,19.20,27208.0,224.0,182198.0,14743.0,76374.0,-520.0,16.0,1.0,1.0,0.0,23800.0,158398.0,154.0,91080.0,-27642.0,-2018.0,280.0,,355.0,-165.0
6625053938,2022,sverdlovsk,61.10.40,2604.0,1601.0,1544.0,1316.0,228.0,1354.0,13.0,1.0,1.0,0.0,,1544.0,634.0,,-366.0,1706.0,1678.0,,-1131.0,223.0
6314041457,2022,samara,43.99,,,,,,,6.0,1.0,0.0,0.0,,,,,,,,,,
6118005974,2022,rostov,49.31,,,10.0,10.0,,,1.0,1.0,1.0,0.0,,10.0,,,,,,,,
2463227098,2022,krasnoyarsk,68.32,,,0.0,,,,11.0,1.0,0.0,0.0,,,,,,,,,,
7810579484,2022,sankt-petersburg,71.11,,,,,,,12.0,1.0,0.0,0.0,,,,,,,,,,
2312271560,2022,krasnodar,46.73.60,21339.0,620.0,18208.0,916.0,17286.0,,4.0,1.0,1.0,0.0,,18209.0,849.0,5.0,-20559.0,780.0,772.0,,,
7708380955,2022,moscow city,46.73,,,,,,,2.0,1.0,0.0,0.0,,,,,,,,,,
6722020529,2022,smolensk,96.09,9437.0,495.0,21447.0,21379.0,68.0,,15.0,1.0,1.0,0.0,1745.0,19702.0,788.0,,-8620.0,817.0,615.0,,,
7707737105,2022,moscow city,68.32,127019.0,15421.0,57277.0,33797.0,23479.0,,12.0,1.0,1.0,0.0,28622.0,28655.0,660.0,,-106332.0,20687.0,21082.0,,,
5020059361,2022,moscow reg.,23.10,315329.0,-38790.0,315629.0,100254.0,213562.0,-15286.0,13.0,1.0,1.0,0.0,108262.0,207367.0,32998.0,,-344087.0,-51645.0,-47660.0,-267.0,46247.0,30694.0
2224197029,2022,altai terr.,41.20,50.0,-10.0,155.0,-16.0,161.0,,3.0,1.0,1.0,0.0,,155.0,,10.0,-48.0,2.0,-7.0,,,
6950207212,2022,tver,93.29.20,38108.0,1186.0,5339.0,-424.0,5763.0,,5.0,1.0,1.0,0.0,975.0,4364.0,803.0,0.0,-35653.0,2455.0,1565.0,,,
0273916730,2022,bashkortostan,94.99,,,0.0,,,,5.0,1.0,1.0,0.0,,,,,,,,,,0.0
5029150760,2022,moscow reg.,46.13.20,22318.0,6908.0,248292.0,26837.0,214555.0,,11.0,1.0,1.0,0.0,424.0,247868.0,21681.0,6900.0,-15301.0,7017.0,7590.0,,,
9201005005,2022,sevastopol,43.21,1314.0,5.0,4353.0,4353.0,0.0,,17.0,1.0,1.0,0.0,0.0,4353.0,1082.0,0.0,-1283.0,31.0,31.0,,,
7810488935,2022,sankt-petersburg,68.30,,0.0,99.0,95.0,4.0,,15.0,1.0,1.0,0.0,,99.0,0.0,0.0,,,0.0,,,
6439037978,2022,saratov,29.32,792213.0,46043.0,250377.0,178799.0,71578.0,,24.0,1.0,1.0,0.0,76849.0,173528.0,23841.0,,-738017.0,54196.0,54405.0,,,
3812131813,2022,irkutsk,20.15,22291.0,-4.0,973.0,14.0,959.0,,11.0,1.0,1.0,0.0,,973.0,14.0,,-20338.0,-11.0,-4.0,,,
7701258603,2022,moscow city,68.20,8023.0,-1509.0,73521.0,-15243.0,63734.0,,21.0,1.0,1.0,0.0,55494.0,18027.0,6.0,25030.0,-1105.0,5094.0,-1391.0,,,
5501274315,2022,omsk,43.91,,,,,,,1.0,1.0,0.0,0.0,,,,,,,,,,
5047184708,2022,moscow reg.,52.29,15295.0,2887.0,6355.0,5360.0,995.0,1205.0,6.0,1.0,1.0,0.0,0.0,6355.0,2690.0,,-6738.0,3622.0,3613.0,,,1205.0
7724471286,2022,moscow city,73.11,16022.0,110.0,3412.0,203.0,3209.0,,3.0,1.0,1.0,0.0,,3412.0,728.0,,-15762.0,260.0,137.0,,,
7840026776,2022,sankt-petersburg,58.14,48160.0,-2818.0,35806.0,13408.0,14256.0,,7.0,1.0,1.0,0.0,,35806.0,71.0,8142.0,-40617.0,1736.0,-2698.0,,,
0274971974,2022,bashkortostan,28.29.13,25968.0,8484.0,23013.0,10484.0,10469.0,,0.0,1.0,1.0,0.0,14232.0,8781.0,232.0,,-15081.0,10887.0,10156.0,,,
1901104021,2022,khakasia,46.46,52935.0,7080.0,8037.0,7130.0,907.0,,11.0,1.0,1.0,0.0,0.0,8037.0,6033.0,0.0,-45281.0,7654.0,7654.0,,,
5904996200,2022,perm,62.09,,,,,,,8.0,1.0,0.0,0.0,,,,,,,,,,
2305026247,2022,krasnodar,11.07.10,0.0,0.0,788.0,44.0,744.0,,13.0,1.0,1.0,0.0,0.0,788.0,0.0,0.0,-334.0,-334.0,0.0,,,
2540234381,2022,primorsky terr.,41.20,,,0.0,0.0,,,4.0,1.0,1.0,0.0,0.0,0.0,0.0,,,,,,,
9101001159,2022,crimea,52.21.24,,,4856.0,,,,25.0,1.0,1.0,0.0,3428.0,1428.0,1428.0,0.0,,,,,,
1674002366,2022,tatarstan,20.41,271.0,0.0,1194.0,10.0,1129.0,,0.0,1.0,1.0,0.0,294.0,899.0,6.0,55.0,-258.0,13.0,0.0,,,
5040014658,2022,moscow reg.,68.32,,,10.0,10.0,,,30.0,1.0,1.0,0.0,,10.0,,,,,,,,
9719006329,2022,moscow city,81.22,34178.0,879.0,2289.0,1496.0,793.0,,2.0,1.0,1.0,0.0,,2289.0,5.0,,-33021.0,1157.0,1099.0,,,
5433188658,2022,novosibirsk,68.32,,,0.0,0.0,,,10.0,1.0,1.0,0.0,0.0,,,,,,,,,
5405161252,2022,novosibirsk,72.10,,,0.0,0.0,,,28.0,1.0,1.0,0.0,,0.0,,,,,,,,
7327046140,2022,ulyanovsk,68.32.10,,,0.0,,,,14.0,1.0,1.0,0.0,,,,,,,,,,
2308124669,2022,krasnodar,35.12,31525.0,2904.0,23033.0,20925.0,2108.0,,16.0,1.0,1.0,0.0,29.0,23004.0,2581.0,,-21710.0,9815.0,3918.0,,,
7535004906,2022,zabaikalsk terr.,01.13.10,,,0.0,,,,21.0,1.0,1.0,0.0,,,,,,,,,,
7729089056,2022,moscow reg.,64.99.10,,-17695.0,820984.0,375170.0,241909.0,-41577.0,28.0,1.0,1.0,0.0,,820984.0,0.0,203905.0,0.0,0.0,-17695.0,65655.0,-24078.0,0.0
6322033604,2022,samara,45.10,,,,,,,17.0,1.0,0.0,0.0,,,,,,,,,,
5603038740,2022,orenburg,49.41,156271.0,8680.0,142290.0,28855.0,41129.0,26615.0,10.0,1.0,1.0,0.0,64638.0,77652.0,5300.0,22356.0,-143971.0,12300.0,10806.0,500.0,-28942.0,-1827.0
7733846767,2022,moscow city,95.11,4999.0,3226.0,2773.0,2379.0,394.0,,9.0,1.0,1.0,0.0,,2773.0,1722.0,,,3441.0,3391.0,,,
7709895724,2022,moscow city,73.11,263.0,-52.0,58926.0,23965.0,34790.0,,10.0,1.0,0.0,0.0,,58926.0,4033.0,171.0,-265.0,-2.0,-49.0,,,
7730514509,2022,moscow city,46.47.10,,,,,,,18.0,1.0,0.0,0.0,,,,,,,,,,
1834055143,2022,udmurtia,68.20,4653.0,1282.0,12134.0,5175.0,6959.0,,11.0,1.0,1.0,0.0,10951.0,1183.0,418.0,0.0,-2878.0,1775.0,1565.0,,,
7730222672,2022,moscow city,73.11,,-647793.0,881432.0,787299.0,64133.0,,6.0,1.0,1.0,0.0,501.0,880931.0,928.0,30000.0,-212.0,-212.0,-647772.0,,,
6449086251,2022,saratov,74.20,241.0,-394.0,290.0,-837.0,143.0,-519.0,5.0,1.0,1.0,0.0,,290.0,177.0,984.0,-625.0,-384.0,-386.0,,,-519.0
6829163551,2022,tambov,82.92,9.0,0.0,10.0,10.0,,,0.0,1.0,1.0,0.0,,10.0,10.0,,-9.0,0.0,0.0,,,
7327066860,2022,ulyanovsk,46.49,,,,,,,9.0,1.0,0.0,0.0,,,,,,,,,,
7720474254,2022,moscow city,41.20,729305.0,534.0,481665.0,7747.0,473917.0,,3.0,1.0,1.0,0.0,9193.0,472472.0,11532.0,0.0,-701160.0,-45956.0,2528.0,,,
1663000825,2022,tatarstan,,,,,,,,23.0,1.0,0.0,0.0,,,,,,,,,,
1004019300,2022,karelia,45.31,28104.0,797.0,21234.0,1115.0,1831.0,,4.0,1.0,1.0,0.0,5816.0,15418.0,-297.0,17317.0,-26827.0,1277.0,871.0,,,
3662295249,2022,voronezh,43.29,0.0,0.0,10.0,10.0,0.0,,1.0,1.0,1.0,0.0,,10.0,0.0,,0.0,,0.0,,,
5257149690,2022,nizhni novgorod,73.11,6602.0,280.0,3711.0,499.0,3209.0,,8.0,1.0,1.0,0.0,57.0,3654.0,158.0,,-6266.0,336.0,312.0,,,
7720526255,2022,moscow city,46.69.50,,,,,,,17.0,1.0,0.0,0.0,,,,,,,,,,
3327836180,2022,vladimir,41.20,48774.0,-19.0,70.0,10.0,60.0,,14.0,1.0,1.0,0.0,,70.0,,,-48793.0,-19.0,-19.0,,,0.0
8602206003,2022,khanty-mansijsk,47.59,1497.0,33.0,1490.0,473.0,1017.0,,9.0,1.0,1.0,0.0,,1490.0,454.0,,-1451.0,46.0,48.0,,,
7203253842,2022,tyumen,69.10,1596.0,134.0,328.0,-966.0,1294.0,,12.0,1.0,1.0,0.0,1.0,326.0,34.0,,-1406.0,190.0,160.0,,,
7451450622,2022,chelyabinsk,46.39,,,,,,,2.0,1.0,0.0,0.0,,,,,,,,,,
7804357620,2022,sankt-petersburg,46.90,,,,,,,15.0,1.0,0.0,0.0,,,,,,,,,,
2311084783,2022,krasnodar,35.14,1323.0,-2658.0,881.0,520.0,361.0,,17.0,1.0,1.0,0.0,11.0,870.0,44.0,,-3370.0,-2047.0,-2657.0,,,
7701707496,2022,moscow city,85.42.90,62964.0,-38844.0,128842.0,-85435.0,201511.0,24954.0,15.0,1.0,1.0,0.0,20194.0,108648.0,63967.0,0.0,-62554.0,-46586.0,-33705.0,-143.0,290.0,25101.0
9721099708,2022,moscow city,73.11,556.0,46.0,607.0,346.0,261.0,,2.0,1.0,1.0,0.0,,607.0,269.0,,,65.0,57.0,,,0.0
6639015509,2022,sverdlovsk,01.40,,,10.0,10.0,0.0,,16.0,1.0,1.0,0.0,,10.0,,,,,,,,
2334026019,2022,krasnodar,86.10,30921.0,11707.0,22741.0,2749.0,19992.0,,6.0,1.0,1.0,0.0,5040.0,17702.0,1105.0,,-17631.0,13290.0,12881.0,,,
8602291425,2022,khanty-mansijsk,25.11,,,,,,,3.0,1.0,0.0,0.0,,,,,,,,,,
3257052101,2022,bryansk,63.12,,,,,,,5.0,1.0,0.0,0.0,,,,,,,,,,
5948026263,2022,perm,68.32.10,46.0,92.0,5047.0,,197.0,,18.0,1.0,1.0,0.0,0.0,5047.0,2203.0,,,46.0,96.0,,,
0323397794,2022,buryatia,46.18.10,,,,,,,6.0,1.0,0.0,0.0,,,,,,,,,,
7729566407,2022,moscow reg.,68.30,,,,,,,15.0,1.0,0.0,0.0,,,,,,,,,,
7806100444,2022,sankt-petersburg,56.10,12408.0,692.0,1584.0,-174.0,1018.0,,23.0,1.0,0.0,0.0,,1584.0,155.0,740.0,-9993.0,1252.0,831.0,,,
7839032430,2022,sankt-petersburg,72.19,,-918.0,214.0,-6310.0,6523.0,,7.0,1.0,1.0,0.0,,213.0,31.0,0.0,-875.0,-875.0,-918.0,,,
7727388653,2022,moscow city,96.02,11927.0,7672.0,12104.0,7544.0,503.0,,4.0,1.0,0.0,0.0,9391.0,2712.0,1311.0,4057.0,-2762.0,9165.0,7768.0,,,
3851026883,2022,irkutsk,46.77,,,,,,,1.0,1.0,0.0,0.0,,,,,,,,,,
1657087539,2022,tatarstan,47.73,0.0,0.0,27880.0,407.0,27473.0,,13.0,1.0,1.0,0.0,836.0,27044.0,0.0,,0.0,,0.0,,,
3711018219,2022,ivanovo,33.14,,,,,,,16.0,1.0,0.0,0.0,,,,,,,,,,
7724365295,2022,moscow city,47.11,71285.0,4321.0,16940.0,10048.0,6892.0,,6.0,1.0,1.0,0.0,,16940.0,189.0,,-53866.0,5902.0,5083.0,,,
7751221782,2022,moscow city,23.61,,,,,,,0.0,1.0,0.0,0.0,,,,,,,,,,
5257149185,2022,nizhni novgorod,41.20,40915.0,106.0,40969.0,1052.0,39817.0,,8.0,1.0,1.0,0.0,1.0,40968.0,2861.0,100.0,-52470.0,-11555.0,132.0,,,0.0
5002093909,2022,moscow reg.,63.11.10,94244.0,682.0,53985.0,51283.0,2702.0,,13.0,1.0,1.0,0.0,1029.0,52956.0,25972.0,,-88518.0,5726.0,3678.0,,,
7713756530,2022,saratov,46.70,,0.0,11161.0,3219.0,7942.0,,10.0,1.0,1.0,0.0,,11161.0,,,,,0.0,,,
5029259781,2022,moscow reg.,96.02,,-793.0,1957.0,-3275.0,2.0,,2.0,1.0,1.0,0.0,655.0,1302.0,10.0,5230.0,-786.0,-786.0,-793.0,,,
2461218475,2022,krasnoyarsk,69.10,5115.0,287.0,10357.0,4993.0,5364.0,,10.0,1.0,1.0,0.0,,10357.0,112.0,,-4648.0,450.0,337.0,,,
9701136020,2022,moscow city,56.10,70380.0,2716.0,17201.0,-24779.0,14865.0,,3.0,1.0,1.0,0.0,1775.0,15425.0,3413.0,27115.0,-60306.0,10074.0,3793.0,,,
1327023424,2022,mordovia,72.19,,,,,,,8.0,1.0,0.0,0.0,,,,,,,,,,
3123393491,2022,belgorod,41.20,19833.0,21.0,20478.0,1111.0,19367.0,-1929.0,6.0,1.0,1.0,0.0,6337.0,14141.0,202.0,0.0,-14690.0,414.0,207.0,0.0,,-1929.0
7805778854,2022,sankt-petersburg,47.64,,,,,,,1.0,1.0,0.0,0.0,,,,,,,,,,
7447264091,2022,tyumen,46.71,0.0,0.0,3344.0,-742.0,249.0,0.0,6.0,1.0,1.0,0.0,,3344.0,0.0,3838.0,0.0,0.0,0.0,,,0.0
7716955646,2022,moscow city,46.41,,,,,,,1.0,1.0,0.0,0.0,,,,,,,,,,
2462219680,2022,krasnoyarsk,68.20.20,20511.0,121.0,505502.0,-1070069.0,1125384.0,0.0,10.0,1.0,1.0,0.0,52353.0,453149.0,35459.0,450187.0,-20390.0,121.0,121.0,0.0,0.0,0.0
9201016430,2022,sevastopol,27.11,5202.0,33.0,1905.0,1776.0,129.0,,26.0,1.0,1.0,0.0,566.0,1339.0,12.0,,-4651.0,551.0,74.0,,,
7811708397,2022,sankt-petersburg,71.11.10,0.0,0.0,138.0,5.0,133.0,,4.0,1.0,1.0,0.0,0.0,138.0,138.0,0.0,0.0,0.0,0.0,,,
9305002305,2022,donetsk,55.20,,,,,,,8.0,1.0,0.0,0.0,,,,,,,,,,
1328013059,2022,mordovia,46.77,1424.0,-1416.0,3507.0,507.0,2604.0,,6.0,1.0,1.0,0.0,1413.0,2093.0,56.0,,,-10287.0,-860.0,,,
7743692795,2022,moscow city,17.20,1992266.0,185162.0,510899.0,334142.0,146701.0,229465.0,14.0,1.0,1.0,0.0,135149.0,375750.0,226565.0,11449.0,-1579125.0,237205.0,235198.0,-41651.0,31886.0,219700.0
7805794888,2022,sankt-petersburg,52.22.22,5278.0,1682.0,1904.0,1712.0,192.0,,0.0,1.0,1.0,0.0,,1904.0,1857.0,,-3257.0,2021.0,1941.0,,,
6670469769,2022,sverdlovsk,46.90,,,10.0,10.0,,,4.0,1.0,1.0,0.0,,10.0,,,,,,,,
3257043940,2022,bryansk,41.20,10050.0,-9743.0,18526.0,-11306.0,29832.0,,6.0,1.0,1.0,0.0,0.0,18526.0,265.0,,-17741.0,-7987.0,-9743.0,,,
8622004453,2022,khanty-mansijsk,41.20,,,,,,,5.0,1.0,0.0,0.0,,,,,,,,,,
7716947596,2022,moscow city,46.16,1763.0,-1120.0,1469.0,-2884.0,4353.0,,2.0,1.0,1.0,0.0,178.0,1292.0,642.0,,-2865.0,-1102.0,-1083.0,,,
7701100630,2022,moscow city,46.44,,,15232.0,15232.0,,,7.0,1.0,1.0,0.0,,15232.0,,,,,,,,0.0
3016056572,2022,astrakhan,52.22,,,389.0,157.0,232.0,,14.0,1.0,1.0,0.0,0.0,389.0,0.0,,,,,,,
1655366079,2022,tatarstan,43.11,99110.0,876.0,27556.0,2259.0,25297.0,,6.0,1.0,1.0,0.0,1483.0,26073.0,2211.0,,-96436.0,2062.0,1156.0,,,
0229950683,2022,bashkortostan,46.31,53578.0,3109.0,3109.0,3109.0,,,7.0,1.0,1.0,0.0,,3109.0,2937.0,,-49920.0,3658.0,3658.0,,,
6679109506,2022,sverdlovsk,47.91,27.0,0.0,291.0,291.0,0.0,,5.0,1.0,1.0,0.0,,291.0,276.0,0.0,-23.0,4.0,0.0,,,
7751013038,2022,moscow city,86.10,,,,,,,7.0,1.0,0.0,0.0,,,,,,,,,,
5410094594,2022,novosibirsk,32.40,139.0,0.0,2.0,-76.0,78.0,,0.0,1.0,1.0,0.0,,2.0,2.0,,-126.0,13.0,5.0,,,
5007094720,2022,moscow reg.,23.61,,,,,,,7.0,1.0,0.0,0.0,,,,,,,,,,
1648047882,2022,tatarstan,22.22,5343.0,100.0,39.0,39.0,,,4.0,1.0,1.0,0.0,,39.0,29.0,,-5218.0,125.0,125.0,,,
7106040599,2022,tula,43.21,28579.0,289.0,14170.0,1893.0,12277.0,,21.0,1.0,1.0,0.0,1915.0,12255.0,767.0,,-17563.0,391.0,289.0,,,
4824090955,2022,lipetzk,43.21,67083.0,536.0,72523.0,3044.0,27207.0,,5.0,1.0,1.0,0.0,869.0,71654.0,10857.0,42272.0,-61704.0,782.0,673.0,,,
5262149350,2022,nizhni novgorod,52.21.24,,,,,,,16.0,1.0,0.0,0.0,,,,,,,,,,
7536113633,2022,zabaikalsk terr.,46.73.50,92188.0,1257.0,26872.0,-2121.0,28993.0,,12.0,1.0,1.0,0.0,1529.0,25343.0,344.0,,-92117.0,71.0,1257.0,,,
7707446314,2022,moscow city,52.24,,,,,,,2.0,1.0,0.0,0.0,,,,,,,,,,
7714833240,2022,moscow city,73.11,3052.0,109.0,36677.0,34502.0,2175.0,,11.0,1.0,1.0,0.0,,36677.0,457.0,,-2995.0,57.0,231.0,,,
3442054368,2022,volgograd,01.61,3037.0,431.0,2986.0,441.0,2545.0,,22.0,1.0,1.0,0.0,,2986.0,1511.0,,-2223.0,814.0,613.0,,,
4401070517,2022,kostroma,69.20,1453.0,49.0,691.0,297.0,394.0,,16.0,1.0,1.0,0.0,,691.0,42.0,,-1358.0,95.0,75.0,,,
5506072351,2022,omsk,27.90,,,,,,,15.0,1.0,0.0,0.0,,,,,,,,,,
7806495320,2022,sankt-petersburg,41.20,,,,,,,9.0,1.0,0.0,0.0,,,,,,,,,,
5252041438,2022,nizhni novgorod,02.20,86115.0,1441.0,41471.0,37989.0,3482.0,,5.0,1.0,1.0,0.0,17364.0,24107.0,3998.0,,-19518.0,6277.0,3905.0,,,
3327701546,2022,vladimir,94.20,,,,,,,23.0,1.0,0.0,0.0,,,,,,,,,,
4027135563,2022,kaluga,93.12,,,1.0,,0.0,,4.0,1.0,1.0,0.0,,1.0,1.0,,,,,,,
7814648844,2022,sankt-petersburg,41.20,,-96.0,9717.0,5703.0,4013.0,,6.0,1.0,1.0,0.0,,9716.0,12.0,,,,-96.0,,,
1326256070,2022,mordovia,94.99,,,0.0,,,,2.0,1.0,1.0,0.0,,0.0,,,,,,,,
9717045869,2022,moscow city,43.22,97820.0,-11571.0,75576.0,-12720.0,86819.0,,6.0,1.0,1.0,0.0,29728.0,45848.0,1943.0,,-104475.0,-6655.0,-11334.0,,,
7727271670,2022,moscow city,43.21,17646.0,-2314.0,9261.0,-314.0,9576.0,,7.0,1.0,1.0,0.0,,9261.0,1563.0,,-18638.0,-992.0,-1328.0,,,
5321156841,2022,novgorod,68.32,,,,,,,10.0,1.0,0.0,0.0,,,,,,,,,,
3804050166,2022,irkutsk,71.10,33974.0,1327.0,11199.0,7345.0,1908.0,,9.0,1.0,1.0,0.0,3418.0,7781.0,1137.0,1096.0,-31787.0,2187.0,1709.0,,,
7718314493,2022,moscow city,46.73,,,,,,,8.0,1.0,0.0,0.0,,,,,,,,,,
5904333355,2022,perm,68.20,1836.0,1189.0,5264.0,-2246.0,7510.0,,6.0,1.0,1.0,0.0,3427.0,1837.0,174.0,,-1986.0,-150.0,1423.0,,,
2222815907,2022,altai terr.,10.71,,,203.0,23.0,30.0,,9.0,1.0,1.0,0.0,,203.0,,150.0,,,,,,
2320226145,2022,krasnodar,73.11,,,,,,,8.0,1.0,0.0,0.0,,,,,,,,,,
7721830459,2022,moscow reg.,82.99,0.0,0.0,4010.0,31.0,3978.0,,8.0,1.0,1.0,0.0,2.0,4008.0,0.0,0.0,0.0,,0.0,,,
5262363392,2022,nizhni novgorod,43.21,6783.0,36.0,18545.0,149.0,18396.0,-177.0,3.0,1.0,1.0,0.0,25.0,18520.0,2.0,0.0,-3620.0,65.0,50.0,0.0,0.0,-177.0
5402055224,2022,novosibirsk,71.20.80,94.0,-71.0,1.0,-163.0,164.0,,3.0,1.0,1.0,0.0,,1.0,0.0,0.0,-148.0,-54.0,-70.0,,,
7842123550,2022,sankt-petersburg,46.73,46201.0,5129.0,13026.0,10589.0,1243.0,,6.0,1.0,1.0,0.0,1145.0,11881.0,15.0,1194.0,-35565.0,5344.0,5129.0,,,
7807172829,2022,sankt-petersburg,79.11,89.0,13.0,50.0,47.0,3.0,,5.0,1.0,1.0,0.0,,50.0,2.0,,-63.0,26.0,18.0,,,
2634108880,2022,stavropol,45.11.39,,-7.0,2.0,-58.0,60.0,,1.0,1.0,1.0,0.0,,2.0,2.0,,-7.0,-7.0,-7.0,,,
9728007801,2022,moscow city,47.91,,,,,,,2.0,1.0,0.0,0.0,,,,,,,,,,
3512004885,2022,vologda,16.10,169405.0,59984.0,98083.0,78255.0,4855.0,,16.0,1.0,1.0,0.0,29066.0,69017.0,36462.0,0.0,,76866.0,64246.0,,,
6658481865,2022,sverdlovsk,46.69,159290.0,6612.0,66113.0,11404.0,54569.0,,6.0,1.0,1.0,0.0,,66113.0,3299.0,140.0,-193671.0,-34381.0,8222.0,,,
5911011373,2022,perm,71.20,18097.0,3224.0,23217.0,20533.0,2459.0,,23.0,1.0,1.0,0.0,2017.0,21200.0,13071.0,225.0,-12976.0,5121.0,4432.0,,,
8602262431,2022,khanty-mansijsk,68.20,5797.0,2548.0,37676.0,11507.0,26169.0,,7.0,1.0,1.0,0.0,36952.0,724.0,250.0,,-2822.0,2975.0,2607.0,,,
9102186294,2022,crimea,68.32,,-111.0,0.0,,,0.0,7.0,1.0,1.0,0.0,,,,,-109.0,-109.0,-111.0,,,0.0
9308007189,2022,donetsk,81.10,,,0.0,,0.0,,8.0,1.0,0.0,0.0,,0.0,,,,,,,,
5638067164,2022,orenburg,49.41.10,990.0,-83.0,448.0,246.0,203.0,,7.0,1.0,1.0,0.0,,448.0,8.0,,-461.0,529.0,-68.0,,,
7725388369,2022,moscow city,70.22,,,0.0,,,,5.0,1.0,0.0,0.0,,,,,,,,,,
7723433190,2022,moscow city,13.30,0.0,-145.0,41.0,-255.0,0.0,,6.0,1.0,1.0,0.0,0.0,42.0,1.0,296.0,-145.0,-145.0,-145.0,,,
7811733971,2022,sankt-petersburg,25.62,,-61.0,164.0,-22.0,6.0,,3.0,1.0,1.0,0.0,,164.0,12.0,180.0,-60.0,-60.0,-61.0,,,
0276946701,2022,bashkortostan,86.23,9326.0,-626.0,1150.0,494.0,656.0,,3.0,1.0,1.0,0.0,100.0,1050.0,673.0,,-9732.0,-406.0,-556.0,,,
9204549356,2022,sevastopol,46.42.11,,,,,,,7.0,1.0,0.0,0.0,,,,,,,,,,
7715204742,2022,moscow city,55.90,0.0,-597.0,4244.0,2861.0,959.0,,23.0,1.0,1.0,0.0,2128.0,2116.0,31.0,424.0,-580.0,-580.0,-597.0,,,
2463120620,2022,krasnoyarsk,43.21,0.0,0.0,4703.0,4156.0,547.0,,2.0,1.0,1.0,0.0,,4703.0,0.0,,0.0,,0.0,,,
2463128594,2022,krasnoyarsk,43.32.30,,0.0,0.0,,,,0.0,0.0,0.0,0.0,,,,,,,,,,
7727655764,2022,moscow city,46.66,,,,,,,14.0,1.0,0.0,0.0,,,,,,,,,,
5005070882,2022,moscow reg.,43.91,,,,,,,1.0,1.0,0.0,0.0,,,,,,,,,,
7602115812,2022,yaroslavl,46.90,2571.0,54.0,2776.0,507.0,2269.0,,7.0,1.0,1.0,0.0,,2776.0,17.0,0.0,-2500.0,71.0,67.0,,,
9304005913,2022,donetsk,,,,,,,,8.0,1.0,0.0,0.0,,,,,,,,,,
9715316859,2022,moscow city,93.11,,0.0,394.0,,1.0,,4.0,1.0,1.0,0.0,,394.0,288.0,,,,0.0,,,
1656108000,2022,tatarstan,43.21,23004.0,153.0,23292.0,277.0,18957.0,,3.0,1.0,1.0,0.0,3682.0,19610.0,564.0,,-21857.0,271.0,191.0,,,0.0
7203119967,2022,tyumen,52.21.24,2840.0,19.0,16233.0,-151.0,16384.0,,21.0,1.0,1.0,0.0,11612.0,4621.0,53.0,,-1692.0,1148.0,19.0,,,
3017043255,2022,astrakhan,41.20,10148.0,2530.0,7245.0,6435.0,810.0,,17.0,1.0,1.0,0.0,,7245.0,1738.0,,-6793.0,3355.0,3370.0,,,
6901012394,2022,tver,86.90.90,5570.0,-1746.0,8222.0,3429.0,4793.0,,20.0,1.0,1.0,0.0,935.0,7288.0,1261.0,,-7129.0,-1559.0,-1585.0,,,
2727160177,2022,khabarovsk,94.20,,,4.0,0.0,0.0,0.0,21.0,1.0,1.0,0.0,0.0,4.0,4.0,0.0,,,,0.0,0.0,0.0
2225189817,2022,altai terr.,46.73.20,,,,,,,4.0,1.0,0.0,0.0,,,,,,,,,,
9723088388,2022,moscow city,46.73.30,0.0,0.0,15.0,-2.0,9.0,,3.0,1.0,1.0,0.0,,15.0,1.0,8.0,0.0,,0.0,,,
2222865009,2022,altai terr.,49.41,47364.0,2019.0,6935.0,3534.0,3401.0,,4.0,1.0,1.0,0.0,0.0,6935.0,110.0,0.0,-44650.0,2714.0,2493.0,,,
5445106667,2022,novosibirsk,94.99,0.0,0.0,0.0,0.0,,,21.0,1.0,1.0,0.0,,,,,0.0,0.0,0.0,,,
7733281517,2022,moscow city,46.47,33748.0,1518.0,17467.0,9691.0,7776.0,,6.0,1.0,1.0,0.0,142.0,17325.0,247.0,,-31807.0,1941.0,1898.0,,,
5047199302,2022,moscow reg.,46.17,1667.0,-2.0,26607.0,958.0,25650.0,,5.0,1.0,1.0,0.0,,26608.0,46.0,,-1598.0,69.0,-2.0,,,
6686137840,2022,sverdlovsk,46.43,9379.0,318.0,911.0,337.0,574.0,432.0,1.0,1.0,1.0,0.0,,911.0,452.0,,-6287.0,389.0,398.0,,20.0,452.0
6670494638,2022,sverdlovsk,49.42,30104.0,306.0,17748.0,739.0,11415.0,,2.0,1.0,1.0,0.0,7939.0,9808.0,1271.0,,-29665.0,439.0,404.0,,,
2221054632,2022,altai terr.,01.13.30,,,,,,,19.0,1.0,0.0,0.0,,,,,,,,,,
5107917582,2022,murmansk,49.41,2246.0,-1234.0,2694.0,-247.0,328.0,,2.0,1.0,1.0,0.0,1874.0,821.0,29.0,337.0,-3459.0,-1213.0,-1223.0,,,
5249162577,2022,nizhni novgorod,46.32,,,,,,,4.0,1.0,0.0,0.0,,,,,,,,,,
6671051340,2022,sverdlovsk,46.90,1712.0,26.0,4848.0,316.0,3730.0,,6.0,1.0,1.0,0.0,,4848.0,40.0,802.0,-1681.0,31.0,26.0,,,
6679046158,2022,sverdlovsk,52.29,,,0.0,0.0,,,8.0,1.0,1.0,0.0,,0.0,,,,,,,,0.0
3662240232,2022,voronezh,41.20,329618.0,4869.0,399161.0,14716.0,120709.0,139464.0,6.0,1.0,1.0,0.0,9108.0,390053.0,3506.0,263736.0,-255119.0,49094.0,6380.0,0.0,-136794.0,2670.0
1101160644,2022,komi,02.40.10,7310.0,3830.0,16594.0,17176.0,1076.0,,4.0,1.0,1.0,0.0,,16595.0,84.0,-1658.0,-3351.0,3959.0,3948.0,,,
2315190775,2022,krasnodar,85.42.90,262.0,-70.0,15.0,-47.0,62.0,,8.0,1.0,1.0,0.0,,15.0,3.0,,-317.0,-55.0,-62.0,,,
6324095099,2022,samara,46.73,,,,,,,4.0,1.0,0.0,0.0,,,,,,,,,,
6417000727,2022,saratov,68.20,1286.0,-505.0,8775.0,-720.0,3163.0,,5.0,1.0,1.0,0.0,5068.0,3707.0,164.0,6331.0,-1920.0,-634.0,-422.0,,,
6164313638,2022,rostov,64.19,,-9.0,3607.0,3136.0,471.0,,9.0,1.0,1.0,0.0,,3607.0,24.0,0.0,,,-9.0,,,
6432007460,2022,saratov,46.90,22444.0,292.0,18558.0,459.0,18099.0,,13.0,1.0,1.0,0.0,,18558.0,298.0,,-22075.0,369.0,365.0,,,
6317120393,2022,samara,46.49,,,,,,,5.0,1.0,0.0,0.0,,,,,,,,,,
3245016701,2022,bryansk,16.10,33711.0,-16464.0,43197.0,-37332.0,77495.0,-41313.0,3.0,1.0,1.0,0.0,12965.0,30232.0,60.0,1280.0,-31628.0,-15461.0,-16464.0,,23657.0,-17656.0
5001119086,2022,moscow reg.,41.20,0.0,0.0,49.0,20.0,,,4.0,1.0,1.0,0.0,,49.0,2.0,29.0,0.0,,0.0,,,
4402005535,2022,kostroma,47.73,129745.0,6611.0,113917.0,110815.0,3102.0,-4729.0,23.0,1.0,1.0,0.0,84087.0,29830.0,6949.0,,-88941.0,9740.0,7990.0,6689.0,-4208.0,-2248.0
2613009084,2022,dagestan,01.11,,,19610.0,18819.0,548.0,,16.0,1.0,0.0,0.0,5261.0,14349.0,48.0,243.0,,,,,,
6671014771,2022,sverdlovsk,31.01,5066.0,41.0,424.0,51.0,373.0,,7.0,1.0,1.0,0.0,,424.0,8.0,,-4974.0,92.0,92.0,,,
3810337375,2022,irkutsk,49.40,16075.0,33.0,22361.0,340.0,8051.0,-62.0,8.0,1.0,1.0,0.0,1431.0,20930.0,644.0,13970.0,-3422.0,140.0,40.0,,,-62.0
7728381820,2022,moscow city,10.11,182929.0,343.0,109956.0,680.0,32045.0,,5.0,1.0,1.0,0.0,7479.0,102478.0,3530.0,73260.0,-167345.0,15584.0,557.0,,,
5245017177,2022,nizhni novgorod,68.32.10,0.0,0.0,0.0,0.0,0.0,,12.0,1.0,1.0,0.0,,,,,,0.0,0.0,,,
4632120765,2022,kursk,18.10,25616.0,5175.0,7379.0,5105.0,2274.0,,12.0,1.0,1.0,0.0,,7380.0,2118.0,,-19098.0,6518.0,6470.0,,,
4706011033,2022,leningrad,68.32.20,,227.0,16172.0,13484.0,2688.0,,27.0,1.0,1.0,0.0,14921.0,1251.0,185.0,,,,242.0,,,0.0
3435137782,2022,volgograd,52.29,10266.0,76.0,14555.0,295.0,12786.0,,3.0,1.0,1.0,0.0,,14555.0,404.0,1500.0,-10033.0,233.0,95.0,,,
2320078722,2022,krasnodar,41.20,2664.0,211.0,8706.0,5867.0,2839.0,,24.0,1.0,1.0,0.0,7208.0,1498.0,604.0,,-2356.0,308.0,281.0,,,
7734455780,2022,moscow city,86.22,,,,,,,0.0,1.0,0.0,0.0,,,,,,,,,,
7726364681,2022,moscow city,26.52.10,253.0,-6.0,30805.0,1764.0,27906.0,0.0,7.0,1.0,1.0,0.0,1454.0,29351.0,0.0,,-258.0,-5.0,-5.0,,,0.0
5904206903,2022,perm,68.20.20,2887.0,-1492.0,6975.0,5393.0,1582.0,,13.0,1.0,1.0,0.0,6741.0,234.0,25.0,,-2348.0,-1447.0,-1462.0,,,
6950011019,2022,tver,70.22,,-3.0,3467.0,3466.0,1.0,,16.0,1.0,1.0,0.0,3166.0,301.0,,,-3.0,-3.0,-3.0,,,
7715015181,2022,moscow city,15.12,82060.0,5381.0,42871.0,41484.0,1387.0,,28.0,1.0,1.0,0.0,335.0,42536.0,5713.0,0.0,-75074.0,6986.0,7793.0,,,
0105011095,2022,adygeya,47.11.20,91581.0,11215.0,97126.0,92388.0,4738.0,,24.0,1.0,1.0,0.0,1129.0,95997.0,6073.0,,-70827.0,10970.0,10200.0,,,
4345443850,2022,kirov,71.20.30,37707.0,382.0,9533.0,2339.0,7194.0,,6.0,1.0,1.0,0.0,451.0,9082.0,79.0,,-35464.0,572.0,483.0,,,
6027188865,2022,pskov,46.73,,,,,,,4.0,1.0,0.0,0.0,,,,,,,,,,
7802620442,2022,sankt-petersburg,62.01,4299.0,1512.0,13290.0,13126.0,164.0,,5.0,1.0,1.0,0.0,0.0,13290.0,8907.0,0.0,-2744.0,1555.0,1558.0,,,
5536000033,2022,omsk,68.20.20,433.0,8.0,1650.0,1527.0,123.0,,20.0,1.0,1.0,0.0,1204.0,446.0,446.0,,-425.0,8.0,8.0,,,
2801239958,2022,amur,52.10,,,589.0,15.0,574.0,,4.0,1.0,1.0,0.0,,589.0,2.0,,,,,,,
2308184883,2022,krasnodar,46.71,14553.0,92.0,64109.0,11153.0,52956.0,,10.0,1.0,1.0,0.0,917.0,63193.0,15490.0,,-26552.0,-11999.0,115.0,,,
7460051159,2022,chelyabinsk,35.30,56548.0,3799.0,31449.0,3629.0,27820.0,-404.0,1.0,1.0,1.0,0.0,826.0,30623.0,382.0,,-56423.0,125.0,4286.0,,1055.0,651.0
2112004286,2022,chuvashia,41.20,15778.0,288.0,2430.0,1632.0,799.0,,8.0,1.0,1.0,0.0,,2430.0,441.0,,-12687.0,3091.0,3059.0,,,
7726758573,2022,moscow city,46.69,,,,,,,8.0,1.0,0.0,0.0,,,,,,,,,,
5507290578,2022,omsk,32.99.90,3294.0,163.0,1071.0,171.0,900.0,,0.0,1.0,1.0,0.0,,1071.0,1000.0,0.0,-2951.0,163.0,163.0,,,
1435970415,2022,yakutia,93.10,,,0.0,,0.0,,11.0,1.0,1.0,0.0,,0.0,0.0,,,,,,,
1623011299,2022,tatarstan,68.20,333.0,34.0,19.0,19.0,,,12.0,1.0,1.0,0.0,,19.0,2.0,,-299.0,34.0,34.0,,,
2720058640,2022,khabarovsk,43.22,,-20.0,6463.0,-166.0,6629.0,,4.0,1.0,1.0,0.0,,6463.0,103.0,,-204.0,-204.0,-20.0,,,
6829911398,2022,tambov,86.10,2322.0,105.0,251.0,217.0,34.0,,9.0,1.0,1.0,0.0,,251.0,251.0,,,105.0,105.0,,,
2625801840,2022,stavropol,47.74,,,,,,,9.0,1.0,0.0,0.0,,,,,,,,,,
6322021623,2022,samara,49.31,93036.0,-1802.0,73775.0,25202.0,30777.0,,23.0,1.0,1.0,0.0,49666.0,24109.0,722.0,17796.0,-91111.0,1925.0,-1655.0,,,
2540137807,2022,primorsky terr.,79.11,,,0.0,0.0,,,15.0,1.0,1.0,0.0,0.0,0.0,0.0,,,,,,,
7810897800,2022,sankt-petersburg,47.73,,,,,,,9.0,1.0,0.0,0.0,,,,,,,,,,
4825124565,2022,lipetzk,46.90,4780.0,108.0,2884.0,2884.0,0.0,,5.0,1.0,1.0,0.0,382.0,2502.0,72.0,,-4158.0,216.0,135.0,,,
2014020650,2022,chechnya,41.20,,,,,,,3.0,1.0,0.0,0.0,,,,,,,,,,
2312115138,2022,krasnodar,46.75.20,109639.0,650.0,59797.0,3187.0,56610.0,,18.0,1.0,1.0,0.0,17613.0,42184.0,7761.0,0.0,-93477.0,-361.0,813.0,,,0.0
7751168641,2022,moscow city,68.31,5927.0,158.0,3028.0,2498.0,165.0,,3.0,1.0,1.0,0.0,689.0,2338.0,892.0,364.0,-5593.0,334.0,216.0,,,
9403008150,2022,luhansk,,,,,,,,2.0,1.0,0.0,0.0,,,,,,,,,,
1001314795,2022,karelia,86.23,8861.0,1406.0,2640.0,2492.0,148.0,,6.0,1.0,1.0,0.0,1171.0,1469.0,138.0,,-7258.0,1603.0,1603.0,,,
7728273398,2022,moscow city,72.19,164769.0,51332.0,339871.0,10242.0,328874.0,36297.0,20.0,1.0,1.0,0.0,17353.0,322518.0,29851.0,,-41714.0,52737.0,64261.0,23205.0,-43763.0,15739.0
5405063625,2022,novosibirsk,86.23,200684.0,6389.0,87209.0,5038.0,82171.0,,1.0,1.0,1.0,0.0,3900.0,83309.0,67706.0,,-192709.0,7975.0,6389.0,,,
5751059649,2022,oryol,47.73,12918.0,208.0,653.0,-1650.0,2303.0,,6.0,1.0,1.0,0.0,,653.0,224.0,,-10932.0,443.0,208.0,,,
0533017495,2022,dagestan,41.10,,,,,,,3.0,1.0,0.0,0.0,,,,,,,,,,
6732220213,2022,smolensk,73.11,42119.0,9.0,15564.0,39.0,15525.0,,1.0,1.0,1.0,0.0,,15564.0,16.0,,-39171.0,16.0,11.0,,,
2411029680,2022,krasnoyarsk,43.29,0.0,0.0,39.0,12.0,27.0,,3.0,1.0,1.0,0.0,,39.0,0.0,,0.0,,,,,
7325160666,2022,ulyanovsk,71.12.20,0.0,-1505.0,86524.0,70170.0,10754.0,,4.0,1.0,1.0,0.0,13239.0,73285.0,21.0,5600.0,-116.0,-1304.0,-1484.0,,,
2466293331,2022,krasnoyarsk,46.90,,,10.0,10.0,,,0.0,0.0,1.0,0.0,,10.0,10.0,,,,,,,
5260440813,2022,nizhni novgorod,93.29.90,,,,,,,5.0,1.0,0.0,0.0,,,,,,,,,,
7806113901,2022,sankt-petersburg,46.74.30,,,,,,,21.0,1.0,0.0,0.0,,,,,,,,,,
5047233465,2022,moscow reg.,81.21,,,,,,,3.0,1.0,0.0,0.0,,,,,,,,,,
6453166566,2022,saratov,20.42,1294.0,93.0,2206.0,398.0,1808.0,,1.0,1.0,1.0,0.0,,2206.0,362.0,,-1150.0,144.0,138.0,,,
7451241026,2022,chelyabinsk,33.12,,-27.0,0.0,0.0,0.0,,16.0,1.0,1.0,0.0,,0.0,0.0,,-23.0,-23.0,-27.0,,,
7715799641,2022,moscow city,80.10,,,,,,,12.0,1.0,0.0,0.0,,,,,,,,,,
0411070124,2022,altai rep.,94.20,,,0.0,0.0,,,23.0,1.0,1.0,0.0,,,,,,,,,,0.0
4345413856,2022,kirov,43.31,44873.0,3187.0,12203.0,8621.0,3582.0,,7.0,1.0,1.0,0.0,2318.0,9885.0,4582.0,,-39923.0,4950.0,4084.0,,,
9718147373,2022,moscow city,61.10.90,,,,,,,3.0,1.0,0.0,0.0,,,,,,,,,,
3702246650,2022,ivanovo,46.90,32709.0,66.0,6467.0,33.0,6434.0,,2.0,1.0,1.0,0.0,,6467.0,58.0,,-32602.0,107.0,82.0,,,0.0
7602029264,2022,yaroslavl,41.20,,6.0,208.0,25.0,183.0,,22.0,1.0,1.0,0.0,,208.0,10.0,,-26.0,-26.0,8.0,,,
4317007066,2022,kirov,47.10,4239.0,129.0,3075.0,3004.0,71.0,,9.0,1.0,1.0,0.0,,3075.0,42.0,,-3421.0,129.0,129.0,,,
7220004853,2022,tyumen,01.11,19084.0,-24355.0,21065.0,-21425.0,32946.0,,10.0,1.0,1.0,0.0,4335.0,16730.0,1505.0,6762.0,-39120.0,-21534.0,-24251.0,,,
7722350007,2022,moscow city,45.20,,,,,,,7.0,1.0,0.0,0.0,,,,,,,,,,
4703079393,2022,leningrad,68.32.20,,,3703.0,,1538.0,,17.0,1.0,1.0,0.0,2166.0,1537.0,53.0,,,,,,,
1215232941,2022,marij el,02.20,93049.0,2430.0,28955.0,17589.0,6442.0,,2.0,1.0,1.0,0.0,17931.0,11024.0,831.0,0.0,-87322.0,3758.0,3801.0,,,
6663046829,2022,sverdlovsk,52.10,,,0.0,,,,28.0,1.0,0.0,0.0,,,,,,,,,,
7720462717,2022,moscow city,43.33,,,,,,,3.0,1.0,0.0,0.0,,,,,,,,,,
9705102791,2022,moscow city,46.42,,,,,,,5.0,1.0,0.0,0.0,,,,,,,,,,
7709774399,2022,moscow city,64.99.10,70.0,262.0,886371.0,301871.0,584500.0,-365.0,14.0,1.0,1.0,0.0,0.0,886371.0,1353.0,,-224.0,-154.0,383.0,,,-365.0
6315619236,2022,samara,82.99,1459247.0,350036.0,499079.0,253540.0,214151.0,257238.0,14.0,1.0,1.0,0.0,47135.0,451944.0,385.0,,-989310.0,435243.0,438972.0,-21461.0,-236000.0,-223.0
4720033938,2022,leningrad,94.90,,,,,,,12.0,1.0,0.0,0.0,,,,,,,,,,
1001290270,2022,karelia,02.10,14528.0,9482.0,21008.0,14969.0,6039.0,,8.0,1.0,1.0,0.0,6453.0,14555.0,1716.0,,-11194.0,3334.0,11007.0,,,
3662251763,2022,voronezh,49.41,54756.0,1021.0,19707.0,5147.0,14412.0,,5.0,1.0,1.0,0.0,3333.0,16374.0,3.0,100.0,-53840.0,916.0,1276.0,,,
7743142368,2022,moscow city,49.40,,,,,,,6.0,1.0,0.0,0.0,,,,,,,,,,
3102049392,2022,belgorod,43.21,9020.0,618.0,1809.0,783.0,1017.0,,1.0,1.0,1.0,0.0,49.0,1761.0,84.0,,-8227.0,793.0,776.0,,,
6623132694,2022,sverdlovsk,10.13.40,5.0,-42418.0,48197.0,-37741.0,60621.0,,3.0,1.0,1.0,0.0,35526.0,12671.0,183.0,517.0,-17257.0,-17252.0,-42418.0,,,
3810072538,2022,irkutsk,68.32.20,,,0.0,0.0,0.0,0.0,5.0,1.0,1.0,0.0,0.0,0.0,0.0,0.0,,,,0.0,0.0,0.0
6671215171,2022,sverdlovsk,79.11,,-211.0,102.0,102.0,,,15.0,1.0,1.0,0.0,,102.0,2.0,,-6.0,-6.0,-211.0,,,
7806311822,2022,sankt-petersburg,68.32.10,939.0,939.0,14726.0,,14726.0,,17.0,1.0,1.0,0.0,,14726.0,134.0,,,939.0,939.0,,,
6166104904,2022,rostov,93.19,,,,,,,5.0,1.0,0.0,0.0,,,,,,,,,,
5047204023,2022,moscow reg.,46.36,,,,,,,5.0,1.0,0.0,0.0,,,,,,,,,,
1513057149,2022,north ossetia,96.04,,,,,,,7.0,1.0,0.0,0.0,,,,,,,,,,
2463059118,2022,krasnoyarsk,55.10,5895.0,-762.0,8439.0,7619.0,820.0,,20.0,1.0,1.0,0.0,1692.0,6747.0,1315.0,,-6537.0,-642.0,-732.0,,,
7734436097,2022,moscow city,95.22,,,,,,,2.0,1.0,0.0,0.0,,,,,,,,,,
7840497341,2022,sankt-petersburg,47.59,0.0,-79.0,26025.0,11735.0,14290.0,,9.0,1.0,1.0,0.0,0.0,26025.0,41.0,0.0,-66.0,-66.0,-79.0,,,
5405057950,2022,novosibirsk,62.02,,,0.0,0.0,,,2.0,1.0,1.0,0.0,,,,,,,,,,
9723164423,2022,moscow city,43.21,22630.0,1.0,300.0,50.0,150.0,,0.0,1.0,1.0,0.0,250.0,50.0,50.0,100.0,-22629.0,1.0,1.0,,,
9704048870,2022,moscow city,62.01,,,,,,,1.0,1.0,0.0,0.0,,,,,,,,,,
7455025562,2022,chelyabinsk,95.11,36.0,-3.0,276.0,156.0,15.0,,6.0,1.0,1.0,0.0,,276.0,34.0,105.0,0.0,2.0,-3.0,,,
1657237618,2022,tatarstan,41.20,0.0,0.0,18022.0,832.0,16702.0,,5.0,1.0,1.0,0.0,,18022.0,263.0,488.0,0.0,,0.0,,,
2308181770,2022,krasnodar,71.12.90,45637.0,5508.0,65034.0,55722.0,6251.0,,11.0,1.0,1.0,0.0,24104.0,40930.0,702.0,3060.0,-39029.0,6608.0,6738.0,,,
5917592244,2022,perm,68.32.10,81.0,81.0,2718.0,2150.0,568.0,,17.0,1.0,1.0,0.0,,2718.0,2020.0,,,81.0,81.0,,,
4345503725,2022,kirov,02.40,43083.0,0.0,26817.0,11.0,26806.0,-448.0,2.0,1.0,1.0,0.0,4600.0,22217.0,1920.0,0.0,-19393.0,23690.0,23599.0,0.0,0.0,-448.0
7726022180,2022,moscow city,47.19,,-125.0,73192.0,47531.0,1242.0,,30.0,1.0,1.0,0.0,,73191.0,56.0,24419.0,-138.0,-138.0,-123.0,,,
4632253620,2022,kursk,46.90,,,,,,,3.0,1.0,0.0,0.0,,,,,,,,,,
7017489551,2022,tomsk,52.21,,,0.0,,,,1.0,1.0,1.0,0.0,,,,,,,,,,
9110001290,2022,crimea,94.20,,,18.0,,,,8.0,1.0,1.0,0.0,,18.0,18.0,,,,,,,0.0
9408007305,2022,luhansk,01.20,,,,,,,6.0,1.0,0.0,0.0,,,,,,,,,,
7801164645,2022,sankt-petersburg,41.20,9203.0,261.0,6885.0,3347.0,3538.0,,22.0,1.0,1.0,0.0,44.0,6841.0,427.0,,-8794.0,409.0,315.0,,,
3438008087,2022,volgograd,47.19,10351.0,699.0,10.0,10.0,,,14.0,1.0,1.0,0.0,,10.0,10.0,,-9652.0,699.0,699.0,,,
5408025410,2022,novosibirsk,62.01,0.0,-879.0,299.0,-3461.0,3760.0,,3.0,1.0,1.0,0.0,0.0,299.0,-218.0,0.0,-870.0,-870.0,-879.0,,,
9717046809,2022,moscow city,73.20.10,2030754.0,9507.0,95460.0,3228.0,92226.0,17110.0,6.0,1.0,1.0,0.0,339.0,95121.0,1135.0,,-1978131.0,12853.0,11854.0,-145.0,-16313.0,652.0
7709966615,2022,moscow city,68.10,370.0,-195.0,46.0,-1864.0,1910.0,,8.0,1.0,1.0,0.0,,46.0,13.0,,-522.0,-152.0,-167.0,,,
4826090140,2022,lipetzk,85.41,1169.0,-61.0,67.0,,51.0,,11.0,1.0,1.0,0.0,,67.0,55.0,,-1206.0,-37.0,-49.0,,,
5246055908,2022,nizhni novgorod,68.31,517.0,11.0,110.0,21.0,89.0,,1.0,1.0,1.0,0.0,0.0,110.0,42.0,,-502.0,11.0,11.0,,,
7118017192,2022,tula,52.21.24,,,,,,,6.0,1.0,0.0,0.0,,,,,,,,,,
3811046869,2022,irkutsk,47.71,,,17949.0,10385.0,7564.0,,7.0,1.0,1.0,0.0,3914.0,14035.0,0.0,,,,,,,
3711504410,2022,ivanovo,68.32.20,,,0.0,0.0,,,21.0,1.0,1.0,0.0,,,,,,,,,,
3461059844,2022,moscow reg.,46.77,79900.0,16.0,674.0,674.0,,,6.0,1.0,1.0,0.0,64.0,609.0,39.0,,-77334.0,2046.0,20.0,,,0.0
2631043151,2022,stavropol,41.20,,-40.0,198.0,-40.0,238.0,,0.0,1.0,1.0,0.0,,198.0,1.0,,-9.0,-9.0,-40.0,,,
7813476977,2022,sankt-petersburg,47.11,,,,,,,12.0,1.0,0.0,0.0,,,,,,,,,,
2801190131,2022,amur,46.73.60,,-2.0,9143.0,628.0,8515.0,0.0,9.0,1.0,1.0,0.0,2076.0,7067.0,0.0,,,,-2.0,0.0,,0.0
5074072778,2022,moscow reg.,43.21,3531.0,-77.0,484.0,10.0,474.0,,1.0,1.0,1.0,0.0,0.0,484.0,484.0,0.0,-3305.0,-62.0,-77.0,,,
2538091626,2022,primorsky terr.,11.07.10,,0.0,61985.0,2438.0,59547.0,,17.0,1.0,0.0,0.0,1440.0,60545.0,58105.0,,,,0.0,,,
2536266091,2022,primorsky terr.,62.02,2288.0,0.0,10.0,10.0,0.0,,9.0,1.0,1.0,0.0,,10.0,0.0,,-2288.0,0.0,0.0,,,
1612007188,2022,tatarstan,42.91.20,46973.0,1520.0,11915.0,7342.0,4573.0,,14.0,1.0,1.0,0.0,82.0,11833.0,231.0,0.0,-44463.0,2510.0,2100.0,,,
7602153896,2022,yaroslavl,81.22,1101.0,574.0,1203.0,1185.0,18.0,,2.0,1.0,1.0,0.0,20.0,1183.0,76.0,,-311.0,615.0,607.0,,,
7743251945,2022,moscow city,43.22,51925.0,332.0,1515.0,342.0,1173.0,,4.0,1.0,1.0,0.0,,1515.0,1515.0,,-50947.0,978.0,415.0,,,
2823000786,2022,amur,49.41,56226.0,96.0,198.0,198.0,0.0,18.0,6.0,1.0,1.0,0.0,0.0,198.0,18.0,,-56106.0,120.0,120.0,,,18.0
5610093975,2022,orenburg,47.11,,,200.0,200.0,,,16.0,1.0,1.0,0.0,,200.0,200.0,,,,,,,
6829025752,2022,tambov,43.30,,,,,,,16.0,1.0,0.0,0.0,,,,,,,,,,
3123214826,2022,belgorod,25.99.29,,,,,,,12.0,1.0,0.0,0.0,,,,,,,,,,
5036129247,2022,moscow reg.,79.10,8497.0,475.0,5023.0,2243.0,2759.0,,9.0,1.0,1.0,0.0,,5022.0,1248.0,21.0,-7804.0,693.0,713.0,,,
2465344424,2022,krasnoyarsk,46.72,,,,,,,0.0,1.0,0.0,0.0,,,,,,,,,,
9731010515,2022,moscow city,46.49,,,,,,,4.0,1.0,0.0,0.0,,,,,,,,,,
5906174630,2022,perm,71.12,,0.0,0.0,,,,0.0,0.0,0.0,0.0,,,,,,,,,,
7702436016,2022,moscow city,73.20,0.0,-751.0,138.0,138.0,0.0,-35.0,4.0,1.0,1.0,0.0,120.0,18.0,0.0,0.0,,-299.0,-740.0,,-96.0,-131.0
2015043755,2022,chechnya,46.73,,,,,,,14.0,1.0,0.0,0.0,,,,,,,,,,
2466272571,2022,krasnoyarsk,46.73,,,,,,,8.0,1.0,0.0,0.0,,,,,,,,,,
7805794944,2022,sankt-petersburg,43.29,,,,,,,0.0,1.0,0.0,0.0,,,,,,,,,,
7810168413,2022,sankt-petersburg,68.32.20,38.0,-1124.0,389.0,-7188.0,94.0,,23.0,1.0,1.0,0.0,,389.0,106.0,7483.0,-1135.0,-1097.0,-1122.0,,,
9709080919,2022,moscow city,41.20,,,,,,,0.0,1.0,0.0,0.0,,,,,,,,,,
7724811630,2022,moscow city,43.99,0.0,0.0,0.0,0.0,0.0,,11.0,1.0,1.0,0.0,,0.0,0.0,,0.0,0.0,0.0,,,
0573007895,2022,dagestan,94.99,,,,,,,6.0,1.0,0.0,0.0,,,,,,,,,,
6324069028,2022,samara,46.32.10,,,,,,,6.0,1.0,0.0,0.0,,,,,,,,,,
5404408108,2022,novosibirsk,03.11,,,,,,,12.0,1.0,0.0,0.0,,,,,,,,,,
5045007929,2022,moscow reg.,68.32.20,,,0.0,0.0,,,26.0,1.0,1.0,0.0,,,,,,,,,,
2463127022,2022,krasnoyarsk,45.11.20,,,25665.0,50.0,25615.0,,0.0,1.0,1.0,0.0,,25665.0,1026.0,,,,,,,
5834128649,2022,penza,41.20,334.0,3.0,265.0,53.0,212.0,,0.0,1.0,1.0,0.0,,265.0,33.0,,-317.0,17.0,4.0,,,
0326558802,2022,buryatia,73.20,,,,,,,4.0,1.0,0.0,0.0,,,,,,,,,,
9704115653,2022,moscow city,41.20,,,,,,,0.0,1.0,0.0,0.0,,,,,,,,,,
6122019183,2022,rostov,28.22,,,10.0,10.0,,,5.0,1.0,1.0,0.0,10.0,0.0,,,,,,,,
7206057540,2022,tyumen,69.10,,,,,,,5.0,1.0,0.0,0.0,,,,,,,,,,
1655476770,2022,tatarstan,41.20,,,,,,,0.0,1.0,0.0,0.0,,,,,,,,,,
3662301911,2022,voronezh,46.31,,,10.0,10.0,,,0.0,0.0,1.0,0.0,10.0,,,,,,,,,
3664253692,2022,voronezh,68.31,,,10.0,10.0,,,0.0,0.0,1.0,0.0,,10.0,,,,,,,,
9403025156,2022,luhansk,41.20,27224.0,1100.0,1818.0,3341.0,-1523.0,,7.0,1.0,0.0,0.0,,1818.0,115.0,,-25658.0,1566.0,1519.0,,,
5425002194,2022,altai terr.,01.47,94535.0,570.0,118275.0,30814.0,55524.0,,13.0,1.0,1.0,0.0,49824.0,68451.0,13189.0,31937.0,-98153.0,-3618.0,2905.0,,,
9705164879,2022,moscow city,62.01,0.0,0.0,10.0,10.0,0.0,,0.0,1.0,1.0,0.0,0.0,10.0,10.0,,,0.0,0.0,,,
3323000243,2022,vladimir,01.25.10,,,,,,,11.0,1.0,0.0,0.0,,,,,,,,,,
7825096602,2022,sankt-petersburg,85.14,13642.0,1085.0,5062.0,,1592.0,,26.0,1.0,1.0,0.0,,5062.0,3642.0,,-12304.0,1338.0,1238.0,,,
7203480250,2022,tyumen,46.39,540.0,2.0,889.0,10.0,404.0,,3.0,1.0,1.0,0.0,,889.0,13.0,475.0,-520.0,20.0,7.0,,,
6165117611,2022,rostov,96.02,8838.0,690.0,5916.0,3214.0,2702.0,,18.0,1.0,1.0,0.0,131.0,5785.0,168.0,,-144.0,1027.0,790.0,,,
5904353143,2022,perm,02.20,,,2907.0,-370.0,3277.0,,5.0,1.0,1.0,0.0,,2907.0,4.0,,,,,,,
7702434210,2022,moscow city,41.20,20942.0,2422.0,222212.0,61969.0,139538.0,,4.0,1.0,1.0,0.0,83745.0,138467.0,1124.0,4453.0,-18283.0,2659.0,2596.0,,,
6330093163,2022,samara,46.69,,,,,,,1.0,1.0,0.0,0.0,,,,,,,,,,
9704121784,2022,moscow city,41.20,,,80.0,80.0,,,0.0,1.0,1.0,0.0,,80.0,,,,,,,,
7703122615,2022,moscow city,73.20.10,,-975.0,3342621.0,-59388.0,3391473.0,0.0,26.0,1.0,1.0,0.0,612750.0,2729871.0,0.0,10535.0,,,-979.0,,0.0,0.0
9109007716,2022,crimea,25.11,80100.0,10689.0,31500.0,22896.0,8604.0,15269.0,25.0,1.0,1.0,0.0,5635.0,25865.0,9713.0,,-67281.0,12819.0,12224.0,,-5556.0,9713.0
7720738034,2022,moscow city,66.20,272.0,0.0,1488.0,-1013.0,2501.0,,11.0,1.0,1.0,0.0,,1488.0,1.0,,-254.0,18.0,3.0,,,
3123367205,2022,belgorod,62.01,41347.0,868.0,42038.0,3563.0,6001.0,2648.0,7.0,1.0,1.0,0.0,1721.0,40317.0,294.0,32474.0,-37878.0,1054.0,977.0,0.0,-2370.0,278.0
5262352295,2022,nizhni novgorod,93.29,18697.0,36.0,1719.0,1563.0,155.0,,5.0,1.0,1.0,0.0,,1719.0,115.0,0.0,-18470.0,227.0,223.0,,,
2635248671,2022,stavropol,41.20,757.0,107.0,102965.0,87786.0,689.0,,1.0,1.0,1.0,0.0,87886.0,15079.0,20.0,14490.0,-622.0,135.0,135.0,,,
5047102173,2022,moscow reg.,82.99,,,,,,,13.0,1.0,0.0,0.0,,,,,,,,,,
7840098812,2022,sankt-petersburg,43.22,,,,,,,1.0,1.0,0.0,0.0,,,,,,,,,,
7714995788,2022,moscow city,62.01,,0.0,2.0,-1419.0,1421.0,,5.0,1.0,0.0,0.0,0.0,2.0,,,,,0.0,,,
7726455628,2022,moscow city,47.19,,,,,,,3.0,1.0,0.0,0.0,,,,,,,,,,
2311136576,2022,krasnodar,70.22,,,,,,,11.0,1.0,0.0,0.0,,,,,,,,,,
7448218789,2022,chelyabinsk,94.99,,,0.0,,,,3.0,1.0,1.0,0.0,,,,,,,,,,
4401129337,2022,kostroma,68.20,9920.0,5702.0,26677.0,15296.0,11381.0,,11.0,1.0,1.0,0.0,24910.0,1767.0,125.0,,-3255.0,6665.0,6607.0,,,
7604386590,2022,yaroslavl,46.90,12527.0,72.0,1083.0,122.0,961.0,,0.0,1.0,1.0,0.0,,1083.0,866.0,,-12289.0,238.0,90.0,,,
7107011463,2022,tula,73.11,,,,,,,31.0,1.0,0.0,0.0,,,,,,,,,,
3811016960,2022,irkutsk,,,,,,,,27.0,1.0,0.0,0.0,,,,,,,,,,
3810073877,2022,irkutsk,46.32,,,,,,,4.0,1.0,0.0,0.0,,,,,,,,,,
5956001417,2022,perm,47.73,,,,,,,24.0,1.0,0.0,0.0,,,,,,,,,,
7604311844,2022,yaroslavl,46.90,,,,,,,6.0,1.0,0.0,0.0,,,,,,,,,,
7708754329,2022,moscow city,46.52,,,17828.0,9785.0,6197.0,,10.0,1.0,0.0,0.0,,17828.0,161.0,1846.0,,,,,,
5235001812,2022,nizhni novgorod,94.20,,,0.0,,,,26.0,1.0,1.0,0.0,,,,,,,,,,
7841512585,2022,sankt-petersburg,69.10,2603.0,256.0,2370.0,2148.0,222.0,,8.0,1.0,1.0,0.0,43.0,2327.0,216.0,,,448.0,392.0,,,
6732080196,2022,smolensk,46.66,33526.0,20916.0,22379.0,21372.0,1008.0,,8.0,1.0,1.0,0.0,11953.0,10428.0,1296.0,,-11025.0,22501.0,22383.0,,,
5836695001,2022,penza,43.21,668.0,60.0,184.0,184.0,,,2.0,1.0,1.0,0.0,,184.0,0.0,0.0,-595.0,73.0,70.0,,,
8622005351,2022,khanty-mansijsk,85.41,3.0,3.0,3.0,,0.0,,4.0,1.0,1.0,0.0,,3.0,0.0,,,3.0,3.0,,,
6950248723,2022,tver,93.12,,,0.0,,,,1.0,1.0,1.0,0.0,0.0,0.0,0.0,,,,,,,
9701143910,2022,moscow city,46.90,,,,,,,3.0,1.0,0.0,0.0,,,,,,,,,,
5752018229,2022,oryol,68.31,,,55.0,55.0,,,26.0,1.0,1.0,0.0,55.0,,,,,,,,,
6672316648,2022,sverdlovsk,46.90,87785.0,39007.0,47560.0,39017.0,1449.0,,12.0,1.0,1.0,0.0,,47560.0,1635.0,7095.0,-47122.0,40663.0,40456.0,,,
7729465293,2022,moscow city,46.73,,,,,,,7.0,1.0,0.0,0.0,,,,,,,,,,
6330096414,2022,samara,43.39,,,,,,,0.0,1.0,0.0,0.0,,,,,,,,,,
3301020599,2022,vladimir,47.52,192.0,-3.0,1098.0,62.0,876.0,,16.0,1.0,1.0,0.0,,1098.0,0.0,160.0,-192.0,0.0,0.0,,,
5029272447,2022,moscow reg.,86.23,,-5.0,10.0,5.0,5.0,,0.0,1.0,1.0,0.0,,10.0,10.0,,-5.0,-5.0,-5.0,,,
7203414850,2022,tyumen,47.91.20,,,10.0,10.0,,,5.0,1.0,1.0,0.0,,10.0,,,,,,,,
5024199881,2022,moscow reg.,45.31,9242.0,159.0,4076.0,777.0,3299.0,204.0,3.0,1.0,1.0,0.0,0.0,4076.0,380.0,,-9025.0,217.0,199.0,,,204.0
7810688765,2022,sankt-petersburg,52.21,6468.0,188.0,509.0,259.0,250.0,,5.0,1.0,1.0,0.0,,509.0,14.0,,-6130.0,338.0,253.0,,,
9717048027,2022,moscow city,88.99,,,0.0,0.0,,,6.0,1.0,1.0,0.0,,,,,,,,,,
7703443672,2022,moscow city,46.18.90,,,,,,,4.0,1.0,0.0,0.0,,,,,,,,,,
7736296720,2022,moscow city,46.71,203696.0,12013.0,36094.0,12031.0,24063.0,,5.0,1.0,1.0,0.0,0.0,36094.0,328.0,0.0,-180370.0,15316.0,15016.0,,,
5260162556,2022,nizhni novgorod,96.02,708.0,265.0,96.0,-596.0,92.0,,17.0,1.0,1.0,0.0,,96.0,82.0,600.0,-415.0,293.0,287.0,,,
6729033615,2022,smolensk,79.10,,,,,,,16.0,1.0,0.0,0.0,,,,,,,,,,
2724220156,2022,khabarovsk,56.10,28018.0,-2816.0,28488.0,6288.0,21553.0,,5.0,1.0,1.0,0.0,,28488.0,4764.0,647.0,-29798.0,-1780.0,-2405.0,,,
7707360459,2022,moscow city,69.10,,,878.0,397.0,481.0,,6.0,1.0,1.0,0.0,,878.0,386.0,,,,,,,
6154157323,2022,rostov,71.20.20,6895.0,-3515.0,3238.0,,28.0,,2.0,1.0,1.0,0.0,3139.0,99.0,99.0,45.0,-9963.0,-3068.0,-3133.0,,,
0273945393,2022,bashkortostan,94.99,,,,,,,0.0,1.0,0.0,0.0,,,,,,,,,,
4726002196,2022,leningrad,68.20.20,,-46.0,1.0,-198.0,10.0,,7.0,1.0,1.0,0.0,,1.0,1.0,189.0,-46.0,-46.0,-46.0,,,
1655115036,2022,tatarstan,56.10,,,,,,,16.0,1.0,0.0,0.0,,,,,,,,,,
1658244463,2022,tatarstan,47.59,,0.0,0.0,,,,0.0,0.0,0.0,0.0,,,,,,,,,,
6950234262,2022,tver,46.73,,,,,,,3.0,1.0,0.0,0.0,,,,,,,,,,
9727004212,2022,moscow city,95.22.10,3070.0,215.0,314.0,225.0,89.0,,0.0,1.0,1.0,0.0,0.0,314.0,171.0,,-2780.0,290.0,269.0,,,
4501219697,2022,kurgan,31.02,,,,,,,4.0,1.0,0.0,0.0,,,,,,,,,,
4826070746,2022,lipetzk,79.11,510.0,46.0,64.0,56.0,8.0,,12.0,1.0,1.0,0.0,10.0,54.0,54.0,,-456.0,54.0,54.0,,,
7814801450,2022,sankt-petersburg,46.90,,,,,,,1.0,1.0,0.0,0.0,,,,,,,,,,
5259024350,2022,nizhni novgorod,46.90,5575.0,22.0,4807.0,3206.0,1601.0,,23.0,1.0,1.0,0.0,0.0,4807.0,439.0,0.0,-5509.0,66.0,28.0,,,
9718074492,2022,moscow city,22.23,167733.0,8548.0,30829.0,10339.0,20490.0,,5.0,1.0,1.0,0.0,5855.0,24974.0,884.0,,-157337.0,10396.0,10709.0,,,
9102246120,2022,crimea,46.73.60,5297.0,0.0,53550.0,10.0,22875.0,,4.0,1.0,1.0,0.0,0.0,53550.0,86.0,30665.0,-5297.0,0.0,0.0,,,
2130200364,2022,chuvashia,47.30,,,,,,,4.0,1.0,0.0,0.0,,,,,,,,,,
7743388202,2022,moscow city,46.90,,,,,,,0.0,1.0,0.0,0.0,,,,,,,,,,
6322045913,2022,samara,45.11.10,,,,,,,13.0,1.0,0.0,0.0,,,,,,,,,,
7100017434,2022,tula,41.20,48791.0,1722.0,13525.0,1732.0,1613.0,,0.0,1.0,1.0,0.0,10533.0,2992.0,76.0,,-46529.0,2262.0,2215.0,,,
9204009262,2022,sevastopol,56.30,0.0,-4.0,2.0,-161.0,163.0,,8.0,1.0,1.0,0.0,,2.0,2.0,,0.0,,-4.0,,,
5034052782,2022,moscow reg.,32.12.10,83468.0,90.0,26975.0,5826.0,6979.0,,6.0,1.0,1.0,0.0,1942.0,25032.0,1593.0,14169.0,-83278.0,190.0,90.0,,,
3702244317,2022,ivanovo,46.90,135804.0,1850.0,21995.0,3846.0,18149.0,,2.0,1.0,1.0,0.0,,21995.0,3455.0,,-133252.0,2552.0,2313.0,,,
5024178730,2022,moscow reg.,43.21,3033.0,-183.0,985.0,948.0,37.0,,5.0,1.0,1.0,0.0,,985.0,3.0,,-3104.0,-71.0,-39.0,,,
3702202363,2022,ivanovo,46.38.20,,,334.0,56.0,278.0,,4.0,1.0,1.0,0.0,,334.0,,,,,,,,
7728731993,2022,moscow reg.,46.73,,0.0,334.0,333.0,1.0,,12.0,1.0,1.0,0.0,,334.0,262.0,,,,0.0,,,
6027194964,2022,pskov,68.20,,0.0,1002.0,-34.0,736.0,,4.0,1.0,1.0,0.0,1000.0,2.0,0.0,300.0,,,0.0,,,
6671009404,2022,sverdlovsk,41.20,20236.0,685.0,12345.0,-1136.0,10581.0,,7.0,1.0,1.0,0.0,3951.0,8394.0,568.0,,-19102.0,1134.0,697.0,,,
5402059853,2022,novosibirsk,46.73.60,,,,,,,2.0,1.0,0.0,0.0,,,,,,,,,,
5220000870,2022,nizhni novgorod,01.41,27.0,0.0,12562.0,11971.0,591.0,0.0,20.0,1.0,1.0,0.0,2248.0,10314.0,,,-27.0,0.0,0.0,,,0.0
7708724282,2022,moscow city,46.90,,,,,,,12.0,1.0,0.0,0.0,,,,,,,,,,
1215137053,2022,marij el,55.10,1053.0,270.0,836.0,651.0,185.0,,14.0,1.0,1.0,0.0,27.0,809.0,52.0,,-716.0,337.0,302.0,,,
2466267807,2022,krasnoyarsk,79.11,,,,,,,9.0,1.0,0.0,0.0,,,,,,,,,,
5050006455,2022,moscow reg.,68.32.20,,,0.0,,,,29.0,1.0,1.0,0.0,,,,,,,,,,
0278114145,2022,bashkortostan,71.20.90,3721.0,9.0,3449.0,3436.0,13.0,,17.0,1.0,1.0,0.0,,3449.0,196.0,,-3718.0,3.0,98.0,,,
6101931367,2022,rostov,68.32,,,,,,,9.0,1.0,0.0,0.0,,,,,,,,,,
6312103436,2022,samara,45.30,,,,,,,12.0,1.0,0.0,0.0,,,,,,,,,,
5903013994,2022,perm,94.20,,4.0,686.0,0.0,686.0,,26.0,1.0,1.0,0.0,,686.0,686.0,,,,4.0,,,
2814005192,2022,amur,46.61,26302.0,1848.0,15478.0,10.0,5629.0,,1.0,1.0,1.0,0.0,0.0,15478.0,1382.0,0.0,-24034.0,2268.0,2226.0,,,
5259081849,2022,nizhni novgorod,46.16,,,,,,,13.0,1.0,0.0,0.0,,,,,,,,,,
5262362409,2022,nizhni novgorod,46.61.20,41402.0,184.0,17681.0,927.0,16754.0,,3.0,1.0,1.0,0.0,40.0,17641.0,1353.0,,-40912.0,490.0,230.0,,,
3304008261,2022,vladimir,85.13,,,1758.0,763.0,995.0,,23.0,1.0,1.0,0.0,,1758.0,87.0,,,,,,,
7447267695,2022,chelyabinsk,73.11,15138.0,915.0,6461.0,3150.0,2286.0,,6.0,1.0,1.0,0.0,639.0,5823.0,7.0,1025.0,-13935.0,1203.0,1144.0,,,
0101012179,2022,adygeya,47.11,0.0,0.0,10.0,10.0,0.0,,7.0,1.0,1.0,0.0,,10.0,0.0,,0.0,,0.0,,,
7724949678,2022,moscow city,46.71,9080603.0,62788.0,617194.0,243204.0,215690.0,148740.0,8.0,1.0,1.0,0.0,1126.0,616068.0,8129.0,158295.0,-8636780.0,107004.0,79658.0,,-143854.0,4886.0
2318041570,2022,krasnodar,49.31.20,,,10000.0,10000.0,,,9.0,1.0,1.0,0.0,,10000.0,10000.0,,,,,,,0.0
7703421291,2022,moscow city,62.09,,-1289.0,6066.0,6066.0,,,6.0,1.0,1.0,0.0,1577.0,4489.0,45.0,,-913.0,-913.0,-1289.0,,,
7903528919,2022,jewish ao,16.10,25.0,-16443.0,121362.0,-49599.0,56959.0,,8.0,1.0,1.0,0.0,13662.0,107700.0,,113998.0,-5513.0,-5488.0,-15231.0,,,
7802871446,2022,sankt-petersburg,85.42.90,,,,,,,8.0,1.0,0.0,0.0,,,,,,,,,,
2225224074,2022,altai terr.,68.10.11,50510.0,6926.0,15717.0,6926.0,8792.0,,0.0,1.0,1.0,0.0,2375.0,13342.0,5361.0,,-42631.0,7879.0,7391.0,,,
0278964960,2022,bashkortostan,46.32,,,,,,,1.0,1.0,0.0,0.0,,,,,,,,,,
5009113833,2022,moscow reg.,41.20,,-28.0,11.0,-73.0,84.0,,4.0,1.0,1.0,0.0,7.0,4.0,,,-20.0,-20.0,-28.0,,,
7814385786,2022,sankt-petersburg,42.22,556904.0,31800.0,337869.0,96625.0,181957.0,1054.0,15.0,1.0,1.0,0.0,36348.0,301521.0,12480.0,55904.0,-474400.0,40342.0,40429.0,-12835.0,8621.0,-3160.0
4401179218,2022,kostroma,31.09,,,,,,,5.0,1.0,0.0,0.0,,,,,,,,,,
6625038376,2022,sverdlovsk,41.20,3543.0,10.0,4444.0,2874.0,1570.0,,16.0,1.0,1.0,0.0,,4444.0,152.0,0.0,-3189.0,354.0,111.0,,,
7713428987,2022,moscow city,47.19,37.0,-4.0,27.0,-96.0,0.0,,5.0,1.0,1.0,0.0,,27.0,8.0,123.0,,-2.0,-2.0,,,
6672331269,2022,sverdlovsk,62.09,7481.0,269.0,1533.0,732.0,,,11.0,1.0,1.0,0.0,,1533.0,1097.0,,-6763.0,718.0,718.0,,,
6320034257,2022,samara,45.20,,,,,,,3.0,1.0,0.0,0.0,,,,,,,,,,
7811262507,2022,sankt-petersburg,58.11.10,5654.0,1616.0,4998.0,4794.0,204.0,,7.0,1.0,1.0,0.0,,4998.0,1986.0,0.0,-3956.0,1698.0,1738.0,,,
7840446844,2022,sankt-petersburg,46.69.80,,,3095.0,438.0,132.0,,11.0,1.0,1.0,0.0,,3095.0,1.0,2525.0,,,,,,
4338006930,2022,kirov,84.11.35,,,65974399.0,57713967.0,8260432.0,,17.0,0.0,0.0,0.0,49654497.0,16319902.0,1680481.0,,,,,,,
7709555238,2022,moscow city,70.22,,,41123.0,20595.0,20528.0,,18.0,1.0,1.0,0.0,29166.0,11957.0,4.0,,,,,,,0.0
7725748639,2022,moscow city,46.40,44688.0,441.0,3803.0,1453.0,2350.0,,10.0,1.0,1.0,0.0,248.0,3555.0,1792.0,,-42732.0,787.0,551.0,,,
2315208535,2022,krasnodar,46.73,680.0,-13.0,383.0,-358.0,741.0,,4.0,1.0,1.0,0.0,,383.0,19.0,,-472.0,49.0,31.0,,,
4704054987,2022,leningrad,46.39,,-27.0,1472.0,1036.0,436.0,,18.0,1.0,1.0,0.0,,1472.0,0.0,,,,-25.0,,,
5078008445,2022,moscow reg.,94.99,,,,,,,31.0,1.0,0.0,0.0,,,,,,,,,,
2537085740,2022,primorsky terr.,93.19,,,138.0,138.0,0.0,0.0,11.0,1.0,1.0,0.0,,138.0,138.0,,,,,,,0.0
7449134450,2022,chelyabinsk,33.12,12580.0,138.0,5376.0,1122.0,4254.0,,5.0,1.0,1.0,0.0,,5376.0,77.0,,-12533.0,47.0,176.0,,,
6220006143,2022,ryazan,45.30,22838.0,3217.0,17578.0,17387.0,191.0,,18.0,1.0,1.0,0.0,,17578.0,391.0,,-15868.0,3217.0,3217.0,,,
5029240886,2022,moscow reg.,46.90,38654.0,0.0,100.0,100.0,,,3.0,1.0,1.0,0.0,100.0,,,,-38654.0,0.0,0.0,,,
0520003304,2022,dagestan,03.20,,,,,,,20.0,1.0,0.0,0.0,,,,,,,,,,
6513000198,2022,sakhalin,03.11,,-138.0,1170.0,1170.0,,,23.0,1.0,1.0,0.0,1170.0,,,,-138.0,-138.0,-138.0,,,
8603233345,2022,khanty-mansijsk,42.21,11260.0,41.0,280.0,19.0,261.0,0.0,4.0,1.0,1.0,0.0,0.0,280.0,216.0,,-11162.0,98.0,51.0,,,0.0
5036161040,2022,moscow reg.,46.47,,,,,,,6.0,1.0,0.0,0.0,,,,,,,,,,
1660315560,2022,tatarstan,46.73,,,0.0,0.0,,,4.0,1.0,1.0,0.0,,,,,,,,,,
4217203035,2022,kemerovo,43.22,,,0.0,0.0,,,1.0,1.0,0.0,0.0,,,,,,,,,,
2334007182,2022,krasnodar,84.24,,,0.0,,,,22.0,1.0,1.0,0.0,,,,,,,,,,
7729717705,2022,moscow city,46.52.20,1336.0,17.0,3636.0,1053.0,2583.0,,10.0,1.0,1.0,0.0,,3636.0,540.0,,-1206.0,20.0,17.0,,,
0268092870,2022,bashkortostan,49.42,40672.0,121.0,13909.0,435.0,12334.0,,1.0,1.0,1.0,0.0,,13908.0,836.0,1139.0,-40155.0,517.0,185.0,,,
7702851260,2022,moscow city,71.12.45,,,,,,,8.0,1.0,0.0,0.0,,,,,,,,,,
7203379250,2022,tyumen,43.21,1671.0,1456.0,2323.0,1589.0,732.0,,6.0,1.0,1.0,0.0,,2323.0,22.0,2.0,-127.0,1544.0,1534.0,,,
9305006846,2022,donetsk,68.20,,0.0,12000.0,12000.0,,,0.0,1.0,0.0,0.0,,12000.0,12000.0,,,,,,,
7816338213,2022,moscow reg.,45.31.10,,,,,,,6.0,1.0,0.0,0.0,,,,,,,,,,
6330080189,2022,samara,68.20,15296.0,-4737.0,104213.0,99617.0,4596.0,,5.0,1.0,1.0,0.0,98722.0,5491.0,5.0,,-19451.0,-4155.0,-4253.0,,,
3702571064,2022,yaroslavl,46.12.22,5017.0,2363.0,1130.0,1012.0,118.0,316.0,14.0,1.0,1.0,0.0,41.0,1089.0,317.0,,-2425.0,2592.0,2574.0,,0.0,316.0
5902156460,2022,perm,46.74.20,305.0,5.0,14178.0,15.0,848.0,,16.0,1.0,1.0,0.0,,14178.0,56.0,13315.0,-231.0,6.0,6.0,,,
2317081965,2022,krasnodar,28.25,4690.0,1230.0,5805.0,1865.0,3940.0,,6.0,1.0,1.0,0.0,,5805.0,1421.0,0.0,-3164.0,1526.0,1495.0,,,
2315133632,2022,krasnodar,71.12.53,,,,,,,15.0,1.0,0.0,0.0,,,,,,,,,,
3303007321,2022,vladimir,49.41.20,1257.0,-74.0,914.0,642.0,272.0,,19.0,1.0,1.0,0.0,116.0,798.0,571.0,,-1237.0,20.0,-36.0,,,
5018200289,2022,moscow reg.,42.21,,-832.0,12278.0,-709.0,12987.0,,3.0,1.0,0.0,0.0,,12278.0,3.0,,-808.0,-808.0,-832.0,,,
5018192278,2022,moscow reg.,46.46.20,21116.0,-3000.0,12283.0,4499.0,5333.0,,5.0,1.0,1.0,0.0,6037.0,6247.0,4344.0,600.0,-23699.0,-2583.0,-2323.0,,,
3811147419,2022,irkutsk,33.12,2202.0,337.0,92.0,92.0,0.0,,11.0,1.0,1.0,0.0,,92.0,77.0,,-325.0,1877.0,388.0,,,
6451901288,2022,saratov,68.32.20,,,187.0,187.0,0.0,,24.0,1.0,1.0,0.0,,187.0,187.0,,,,,,,
5406799778,2022,novosibirsk,46.52.20,10052.0,368.0,1641.0,765.0,876.0,,3.0,1.0,1.0,0.0,,1641.0,2.0,,-9549.0,479.0,469.0,,,
2538028617,2022,primorsky terr.,52.20,,,,,,,49.0,1.0,0.0,0.0,,,,,,,,,,
2508138725,2022,primorsky terr.,47.52.50,8485.0,17.0,1587.0,27.0,1560.0,,2.0,1.0,1.0,0.0,,1587.0,80.0,,-8386.0,99.0,88.0,,,
5904371625,2022,perm,52.29,26468.0,1206.0,21356.0,3363.0,17993.0,,3.0,1.0,1.0,0.0,27.0,21329.0,358.0,,-21677.0,1507.0,1507.0,,,
7717285218,2022,moscow city,46.72.20,13945.0,746.0,28132.0,2791.0,25341.0,,7.0,1.0,0.0,0.0,,28132.0,368.0,,-12980.0,965.0,933.0,,,
2312980341,2022,krasnodar,86,,,0.0,,,,10.0,1.0,1.0,0.0,,,,,,,,,,
7811755478,2022,sankt-petersburg,46.73,10657.0,58.0,3549.0,132.0,3417.0,,1.0,1.0,1.0,0.0,1160.0,2389.0,60.0,,-10590.0,67.0,70.0,,,
5034055494,2022,moscow reg.,70.22,1446.0,0.0,36.0,-156.0,192.0,,4.0,1.0,1.0,0.0,,36.0,36.0,,-1387.0,59.0,43.0,,,
6829160286,2022,tambov,46.71,2421810.0,609.0,1117417.0,709.0,1116708.0,,1.0,1.0,1.0,0.0,,1117417.0,25941.0,,-2421370.0,440.0,761.0,,,
2348041602,2022,krasnodar,47.91,,,,,,,3.0,1.0,0.0,0.0,,,,,,,,,,
2508119673,2022,primorsky terr.,52.22,2079.0,-577.0,3759.0,3750.0,0.0,,8.0,1.0,1.0,0.0,,3759.0,0.0,9.0,-2350.0,-271.0,-422.0,,,
9725034081,2022,moscow city,46.46.20,,-293.0,61.0,-535.0,596.0,-255.0,2.0,1.0,1.0,0.0,14.0,47.0,23.0,,,,-292.0,,277.0,22.0
7709936748,2022,moscow city,77.12,,,,,,,9.0,1.0,0.0,0.0,,,,,,,,,,
7326051677,2022,ulyanovsk,46.73,29127.0,455.0,7378.0,523.0,6855.0,,6.0,1.0,1.0,0.0,,7378.0,1.0,,-12523.0,-79.0,568.0,,,
2311285666,2022,krasnodar,46.13,18496.0,460.0,4910.0,1327.0,3584.0,,3.0,1.0,1.0,0.0,498.0,4412.0,1197.0,,-17936.0,560.0,570.0,,,
9308004205,2022,donetsk,,,,,,,,6.0,1.0,0.0,0.0,,,,,,,,,,
7203279689,2022,tyumen,47.43,,-1088.0,507.0,-1209.0,1715.0,,10.0,1.0,1.0,0.0,,507.0,0.0,,-845.0,-845.0,-1088.0,,,
9701182348,2022,moscow city,69.10,8867.0,4190.0,4360.0,4205.0,155.0,,1.0,1.0,1.0,0.0,,4360.0,29.0,,-3825.0,5042.0,4358.0,,,
4715030579,2022,sankt-petersburg,16.10,,,,,,,6.0,1.0,0.0,0.0,,,,,,,,,,
3123303071,2022,belgorod,46.73,,,,,,,10.0,1.0,0.0,0.0,,,,,,,,,,
3453005549,2022,volgograd,08.12,2054.0,-509.0,155.0,-4212.0,4367.0,,4.0,1.0,1.0,0.0,,155.0,5.0,,-1331.0,723.0,-443.0,,,
5406753910,2022,novosibirsk,41.20,0.0,-61.0,185.0,-54.0,24.0,,9.0,1.0,1.0,0.0,,185.0,10.0,215.0,-58.0,-58.0,-61.0,,,
0107000652,2022,adygeya,58.13,308.0,0.0,441.0,441.0,0.0,7.0,19.0,1.0,1.0,0.0,25.0,416.0,17.0,,-578.0,-4966.0,0.0,,,7.0
7801688769,2022,sankt-petersburg,23.69,,,,,,,2.0,1.0,0.0,0.0,,,,,,,,,,
7728854064,2022,moscow city,63.11.10,,0.0,2915.0,984.0,1258.0,0.0,9.0,1.0,1.0,0.0,1655.0,1260.0,1090.0,673.0,,,0.0,,,0.0
5405021054,2022,novosibirsk,46.73,5708.0,68.0,78.0,78.0,0.0,,4.0,1.0,1.0,0.0,,78.0,38.0,,-5640.0,68.0,68.0,,,
6677008848,2022,sverdlovsk,52.29,4025.0,-664.0,4320.0,-935.0,5255.0,,7.0,1.0,1.0,0.0,,4320.0,89.0,0.0,-4298.0,-273.0,-646.0,,,
7609038532,2022,yaroslavl,25.61,1252.0,176.0,2162.0,1553.0,608.0,,4.0,1.0,1.0,0.0,30.0,2131.0,1055.0,,-702.0,216.0,191.0,,,
7717120449,2022,moscow city,64.99,,,,,,,21.0,1.0,0.0,0.0,,,,,,,,,,
6671212371,2022,sverdlovsk,46.49.42,,,0.0,0.0,,,0.0,1.0,1.0,0.0,,,,,,,,,,
9701061618,2022,moscow city,10.11,,,,,,,5.0,1.0,0.0,0.0,,,,,,,,,,
2456016025,2022,krasnoyarsk,47.30,75178.0,-860.0,19596.0,7313.0,1322.0,,5.0,1.0,1.0,0.0,16809.0,2787.0,576.0,10961.0,-72569.0,2609.0,-108.0,,,
1832153096,2022,udmurtia,43.22,9108.0,-212.0,1878.0,5.0,1223.0,,3.0,1.0,1.0,0.0,80.0,1798.0,114.0,650.0,-9306.0,-198.0,-197.0,,,
6450611152,2022,saratov,68.20.20,4059.0,-8633.0,77718.0,-8721.0,86439.0,,17.0,1.0,1.0,0.0,75996.0,1722.0,808.0,,-9354.0,-5315.0,-8580.0,,,
2100000520,2022,chuvashia,94.99,,,0.0,,,,0.0,1.0,1.0,0.0,,,,,,,,,,
6452137812,2022,saratov,46.69,,,,,,,3.0,1.0,0.0,0.0,,,,,,,,,,
6367053294,2022,samara,86.21,,,,,,,16.0,1.0,0.0,0.0,,,,,,,,,,
7806450343,2022,sankt-petersburg,41.20,11553.0,1465.0,320.0,-857.0,979.0,,11.0,1.0,1.0,0.0,,320.0,51.0,198.0,-9977.0,1576.0,1546.0,,,
7805463283,2022,sankt-petersburg,20.30,6626.0,1023.0,4997.0,2600.0,2397.0,,14.0,1.0,1.0,0.0,0.0,4997.0,451.0,0.0,-5031.0,1073.0,1023.0,,,
4345368201,2022,kirov,95.22.10,1670.0,661.0,4753.0,4720.0,33.0,,9.0,1.0,1.0,0.0,,4753.0,27.0,,-624.0,746.0,661.0,,,
7705798254,2022,moscow city,43.22,10855.0,838.0,2027.0,1677.0,350.0,,15.0,1.0,1.0,0.0,,2027.0,1566.0,,-9796.0,1059.0,948.0,,,
9701099770,2022,moscow city,46.73.70,,,,,,,4.0,1.0,0.0,0.0,,,,,,,,,,
6685140303,2022,sverdlovsk,16.10,0.0,0.0,2749.0,-2003.0,4752.0,,5.0,1.0,1.0,0.0,88.0,2661.0,273.0,,0.0,,0.0,,,
2309130129,2022,krasnodar,47.90,,,,,,,10.0,1.0,0.0,0.0,,,,,,,,,,
7802895824,2022,sankt-petersburg,46.90,,,,,,,1.0,1.0,0.0,0.0,,,,,,,,,,
1655291352,2022,tatarstan,50.30,7852.0,5081.0,12913.0,5115.0,298.0,,8.0,1.0,1.0,0.0,2249.0,10663.0,906.0,7500.0,-978.0,6874.0,5484.0,,,
5611080672,2022,orenburg,85.42.10,,,10.0,10.0,,,5.0,1.0,1.0,0.0,,10.0,,,,,,,,
5252040508,2022,nizhni novgorod,46.71,306528.0,214.0,229574.0,-15494.0,142446.0,,6.0,1.0,1.0,0.0,28.0,229546.0,1822.0,102623.0,-275703.0,9781.0,494.0,,,
1624014550,2022,tatarstan,41.20,,,,,,,7.0,1.0,0.0,0.0,,,,,,,,,,
7722534614,2022,moscow city,46.18.99,,,,,,,18.0,1.0,0.0,0.0,,,,,,,,,,
2328039718,2022,krasnodar,94.99,,,,,,,12.0,1.0,0.0,0.0,,,,,,,,,,
5260153985,2022,nizhni novgorod,68.32,27292.0,1194.0,105259.0,46317.0,8726.0,1730.0,17.0,1.0,1.0,0.0,97763.0,7496.0,96.0,13216.0,,10012.0,1701.0,,-3326.0,-1596.0
3528287501,2022,vologda,46.72,34479.0,107.0,9260.0,1928.0,7332.0,,4.0,1.0,1.0,0.0,,9260.0,1009.0,0.0,-33381.0,1078.0,459.0,,,
6659149589,2022,sverdlovsk,86.90,3868.0,684.0,1175.0,1089.0,86.0,,15.0,1.0,1.0,0.0,278.0,897.0,842.0,,-3064.0,804.0,721.0,,,
7708369214,2022,moscow city,81.10,,,,,,,3.0,1.0,0.0,0.0,,,,,,,,,,
7727271550,2022,moscow city,46.49.43,25536.0,1028.0,4669.0,1385.0,3284.0,,7.0,1.0,1.0,0.0,1764.0,2905.0,469.0,,-24014.0,1522.0,1292.0,,,
7804459975,2022,sankt-petersburg,69,,,1684.0,171.0,1513.0,,11.0,1.0,1.0,0.0,0.0,1684.0,17.0,,,,,,,
5611030738,2022,orenburg,84.24,,,0.0,0.0,,,18.0,0.0,1.0,0.0,0.0,0.0,0.0,,,,,,,
6321054866,2022,samara,41.20,,,1192.0,,169.0,,27.0,1.0,1.0,0.0,,1192.0,195.0,,,,,,,
7840100250,2022,sankt-petersburg,56.10,2239.0,-30480.0,16942.0,-30470.0,3242.0,,0.0,1.0,1.0,0.0,111.0,16831.0,86.0,44170.0,-33082.0,-30843.0,-30444.0,,,
3019021708,2022,astrakhan,47.41,7095.0,108.0,9096.0,-127.0,7107.0,,5.0,1.0,1.0,0.0,,9096.0,923.0,2116.0,-6901.0,194.0,141.0,,,
2312272772,2022,krasnodar,86.90,24279.0,9508.0,25238.0,3955.0,11987.0,,4.0,1.0,1.0,0.0,1779.0,23459.0,99.0,9296.0,-13372.0,10907.0,10498.0,,,
7810645722,2022,sankt-petersburg,41.20,,,,,,,5.0,1.0,0.0,0.0,,,,,,,,,,
6670446994,2022,sverdlovsk,42.21,25661.0,987.0,22345.0,1645.0,20700.0,,5.0,1.0,1.0,0.0,,22345.0,453.0,,-19699.0,1277.0,1233.0,,,
7716871273,2022,moscow city,81.22,,,,,,,5.0,1.0,0.0,0.0,,,,,,,,,,
7814725866,2022,sankt-petersburg,45.31,0.0,-1.0,500.0,268.0,232.0,,4.0,1.0,1.0,0.0,,500.0,0.0,,0.0,,-1.0,,,
3662293001,2022,voronezh,46.13,4205.0,0.0,15.0,15.0,0.0,,1.0,1.0,1.0,0.0,,15.0,12.0,,-4141.0,1.0,0.0,,,
7714553363,2022,moscow city,59.11,9367.0,-6562.0,11832.0,9131.0,855.0,,18.0,1.0,1.0,0.0,0.0,11832.0,1009.0,1845.0,-14612.0,-5245.0,-6083.0,,,
7806599551,2022,sankt-petersburg,46.18.99,13997.0,212.0,6748.0,223.0,6525.0,,0.0,1.0,1.0,0.0,,6748.0,248.0,,-13632.0,365.0,265.0,,,
1658115612,2022,tatarstan,68.20,5577.0,-854.0,10600.0,3924.0,6676.0,,12.0,1.0,1.0,0.0,8496.0,2104.0,32.0,,-6371.0,-794.0,-795.0,,,
9728057425,2022,moscow city,56.30,,,10000.0,10000.0,,,0.0,1.0,1.0,0.0,,10000.0,10000.0,,,,,,,
0270021026,2022,bashkortostan,77.39.20,,0.0,0.0,0.0,0.0,,11.0,1.0,1.0,0.0,0.0,0.0,0.0,,,,0.0,,,
2630050452,2022,stavropol,86.22,2436.0,549.0,476.0,447.0,29.0,,3.0,1.0,1.0,0.0,111.0,365.0,10.0,,-1858.0,578.0,578.0,,,
4909113785,2022,magadan,64.90,385.0,-53.0,617112.0,-106896.0,634678.0,,10.0,1.0,1.0,0.0,403196.0,213916.0,52.0,89330.0,-342.0,43.0,-53.0,,,
7104525622,2022,tula,41.20,,,10.0,10.0,,,8.0,1.0,1.0,0.0,,10.0,,,,,,,,
1661067662,2022,tatarstan,18.12,,,,,,,2.0,1.0,0.0,0.0,,,,,,,,,,
3661038721,2022,voronezh,93.19,,,10.0,10.0,,,11.0,1.0,1.0,0.0,0.0,10.0,10.0,,,,,,,
2301098346,2022,krasnodar,47.81,,,0.0,-1.0,1.0,,4.0,1.0,1.0,0.0,,,,,,,,,,
2901292680,2022,arkhangelsk,94.99,,,0.0,,,,4.0,1.0,1.0,0.0,,,,,,,,,,
7720776907,2022,moscow city,45.20,38417.0,7142.0,3822.0,3548.0,274.0,,9.0,1.0,1.0,0.0,200.0,3622.0,638.0,,-29102.0,9315.0,8644.0,,,
1650382648,2022,tatarstan,46.61,,,,,,,3.0,1.0,0.0,0.0,,,,,,,,,,
5044067604,2022,moscow reg.,68.32.20,,,0.0,0.0,,,14.0,1.0,1.0,0.0,,,,,,,,,,
5707004471,2022,oryol,47.41,,,,,,,2.0,1.0,0.0,0.0,,,,,,,,,,
7714386391,2022,moscow city,72.19,,,,,,,6.0,1.0,0.0,0.0,,,,,,,,,,
5043072270,2022,moscow reg.,41.20,0.0,-92.0,606.0,516.0,91.0,,1.0,1.0,1.0,0.0,,607.0,2.0,,-72.0,-72.0,-73.0,,,
3812019667,2022,irkutsk,71.12.30,,-1.0,832.0,-175.0,1007.0,,5.0,1.0,1.0,0.0,0.0,832.0,289.0,,,,-1.0,,,
6123013240,2022,rostov,10.51.30,1176.0,2.0,8982.0,8944.0,38.0,,18.0,1.0,1.0,0.0,3017.0,5965.0,0.0,,-1162.0,14.0,14.0,,,
1102076314,2022,komi,68.32,,,0.0,,,,7.0,1.0,1.0,0.0,,,,,,,,,,
3812150559,2022,irkutsk,45.20,,,10.0,10.0,,,9.0,1.0,1.0,0.0,0.0,10.0,0.0,,,,,,,
3015083774,2022,astrakhan,94.20,0.0,0.0,16.0,,,,14.0,1.0,1.0,0.0,,16.0,16.0,,0.0,,0.0,,,
2311120914,2022,krasnodar,52.21.24,,,21.0,,21.0,,13.0,1.0,1.0,0.0,,21.0,1.0,,,,,,,
7707723840,2022,moscow city,61.10,,,,,,,12.0,1.0,0.0,0.0,,,,,,,,,,
7810734588,2022,sankt-petersburg,43.21,,,,,,,4.0,1.0,0.0,0.0,,,,,,,,,,
7017456027,2022,tomsk,73.11,8732.0,1025.0,1087.0,867.0,220.0,,3.0,1.0,1.0,0.0,,1087.0,101.0,,-7707.0,1025.0,1025.0,,,
5022053936,2022,moscow reg.,46.42,6187.0,109.0,5463.0,-910.0,3443.0,,5.0,1.0,1.0,0.0,0.0,5463.0,25.0,2930.0,-6006.0,181.0,136.0,,,
7814790897,2022,sankt-petersburg,88.99,,,10.0,10.0,,,1.0,1.0,1.0,0.0,0.0,10.0,10.0,,,,,,,
2014013557,2022,chechnya,37,1511.0,1055.0,10.0,,10.0,,6.0,1.0,1.0,0.0,,10.0,,,-456.0,1055.0,1055.0,,,
6382088485,2022,samara,82.11,2347.0,1155.0,2324.0,1185.0,989.0,,0.0,1.0,1.0,0.0,0.0,2324.0,5.0,150.0,-1182.0,1165.0,1164.0,,,
7702732784,2022,moscow city,70.22,6174.0,929.0,9315.0,5330.0,3985.0,,12.0,1.0,1.0,0.0,0.0,9315.0,1896.0,,-6267.0,-93.0,929.0,,,
3123328559,2022,belgorod,49.41,3030.0,257.0,3841.0,2004.0,1837.0,,9.0,1.0,1.0,0.0,2626.0,1215.0,40.0,,,359.0,257.0,,,0.0
8911031456,2022,yamal-nenets ao,41.20,77389.0,1743.0,162455.0,-1640.0,124667.0,,2.0,1.0,1.0,0.0,127503.0,34952.0,2625.0,39428.0,-74344.0,3045.0,2179.0,,,
7714978260,2022,moscow city,46.47,17584.0,1489.0,10496.0,10370.0,126.0,,5.0,1.0,1.0,0.0,203.0,10293.0,81.0,,-13327.0,1516.0,1489.0,,,
3904021602,2022,kaliningrad,68.32.20,,,436.0,436.0,,,28.0,1.0,1.0,0.0,,436.0,436.0,,,,,,,
1513071866,2022,north ossetia,46.73.40,,,,,,,4.0,1.0,0.0,0.0,,,,,,,,,,
4900011186,2022,magadan,07.29.41,,,10.0,10.0,,,1.0,1.0,1.0,0.0,,10.0,10.0,,,,,,,
6685192319,2022,sverdlovsk,70.10.10,0.0,0.0,319.0,319.0,,,1.0,1.0,1.0,0.0,,319.0,0.0,,0.0,,,,,
1001274461,2022,karelia,08.11,169309.0,71410.0,87276.0,43099.0,44177.0,,9.0,1.0,1.0,0.0,8759.0,78517.0,59141.0,,-82097.0,78875.0,77777.0,,,
3917056419,2022,kaliningrad,68.32,,-287.0,335.0,,335.0,,0.0,1.0,1.0,0.0,5.0,330.0,4.0,,-287.0,-287.0,-287.0,,,
7720829732,2022,moscow city,45.31.10,54085.0,3828.0,51444.0,4248.0,22417.0,-8013.0,8.0,1.0,1.0,0.0,10110.0,41334.0,1602.0,14466.0,-34198.0,1348.0,4769.0,,9001.0,988.0
7453347099,2022,chelyabinsk,52.29,27808.0,4023.0,3940.0,3089.0,851.0,,0.0,1.0,1.0,0.0,,3940.0,1267.0,,-22637.0,5171.0,4383.0,,,
9724114288,2022,moscow city,41.20,,0.0,0.0,,,,0.0,0.0,0.0,0.0,,,,,,,,,,
5024225059,2022,moscow reg.,62.01,1053.0,41.0,102.0,91.0,11.0,,0.0,1.0,1.0,0.0,,102.0,52.0,,-992.0,61.0,52.0,,,
5034058294,2022,moscow reg.,46.73,1626.0,-157.0,8767.0,585.0,8182.0,,3.0,1.0,1.0,0.0,,8767.0,0.0,,-1748.0,-122.0,-157.0,,,
6145004786,2022,rostov,52.21.24,,,0.0,,,,25.0,1.0,1.0,0.0,,,,,,,,,,
5256146738,2022,nizhni novgorod,45.30,10202.0,-1605.0,2346.0,-1742.0,2246.0,,7.0,1.0,1.0,0.0,0.0,2346.0,106.0,1842.0,-11747.0,-1712.0,-1508.0,,,
4715031484,2022,leningrad,52.29,23984.0,56.0,2083.0,1168.0,440.0,,5.0,1.0,1.0,0.0,21.0,2062.0,302.0,474.0,-23520.0,464.0,91.0,,,
1108019464,2022,komi,75,6654.0,450.0,301.0,95.0,206.0,,13.0,1.0,1.0,0.0,21.0,280.0,,,,6654.0,450.0,,,
5505223664,2022,omsk,86.23,7055.0,571.0,2146.0,1943.0,204.0,,8.0,1.0,1.0,0.0,4.0,2142.0,658.0,,-3413.0,801.0,658.0,,,
9202000994,2022,sevastopol,77.34,,,,,,,14.0,1.0,0.0,0.0,,,,,,,,,,
1841036222,2022,udmurtia,46.90,38481.0,513.0,52726.0,2569.0,3073.0,,9.0,1.0,1.0,0.0,,52726.0,2406.0,47084.0,-37770.0,711.0,616.0,,,
2465175864,2022,krasnoyarsk,47.52.50,7912.0,462.0,1861.0,1627.0,234.0,,4.0,1.0,1.0,0.0,,1861.0,247.0,,-7288.0,624.0,577.0,,,
0274181126,2022,bashkortostan,43.11,,,,,,,9.0,1.0,0.0,0.0,,,,,,,,,,
9715362929,2022,moscow city,49.41,19848.0,1767.0,7928.0,848.0,1957.0,,3.0,1.0,1.0,0.0,5896.0,2032.0,185.0,0.0,-12683.0,2378.0,1923.0,,,
3525347061,2022,vologda,22.29.20,,,,,,,7.0,1.0,0.0,0.0,,,,,,,,,,
7703406590,2022,moscow city,73.20,203713.0,7906.0,72458.0,48176.0,24281.0,-20155.0,6.0,1.0,1.0,0.0,4657.0,67801.0,14739.0,,,17298.0,12053.0,,,-20155.0
2320210836,2022,krasnodar,47.20,,,,,,,9.0,1.0,0.0,0.0,,,,,,,,,,
2320136928,2022,krasnodar,68.10,4056.0,-612.0,4414.0,4414.0,0.0,,16.0,1.0,1.0,0.0,2909.0,1505.0,1505.0,0.0,-3933.0,123.0,-490.0,,,
0800003770,2022,kalmykia,41.20,127.0,2.0,170.0,11.0,11.0,,0.0,1.0,1.0,0.0,,170.0,4.0,148.0,-123.0,4.0,3.0,,,
5402575833,2022,novosibirsk,56.10,,,,,,,8.0,1.0,0.0,0.0,,,,,,,,,,
9102188580,2022,crimea,62.01,0.0,0.0,0.0,0.0,0.0,,10.0,1.0,1.0,0.0,0.0,0.0,0.0,0.0,0.0,,0.0,,,
6321221059,2022,samara,62.01,203.0,13.0,120.0,120.0,0.0,25.0,14.0,1.0,1.0,0.0,,120.0,113.0,,-182.0,21.0,20.0,,-21.0,4.0
3664243077,2022,voronezh,47.91,,,,,,,3.0,1.0,0.0,0.0,,,,,,,,,,
0570009799,2022,dagestan,94.20,,,66.0,-271.0,337.0,60.0,11.0,1.0,1.0,0.0,,66.0,61.0,,,,,,,60.0
0274145216,2022,bashkortostan,46.21,,,10.0,10.0,,,12.0,1.0,1.0,0.0,,10.0,,,,,,,,
2465313296,2022,krasnoyarsk,94.99,,,11365.0,,0.0,,8.0,1.0,1.0,0.0,,11364.0,22.0,,,,,,,
4703152269,2022,leningrad,86.23,59894.0,13505.0,45103.0,35269.0,9834.0,,5.0,1.0,1.0,0.0,4726.0,40377.0,36176.0,0.0,-45678.0,14216.0,14216.0,,,
6165228640,2022,rostov,25.11,0.0,0.0,0.0,0.0,,,1.0,1.0,1.0,0.0,,,,0.0,0.0,,0.0,,,
2724247817,2022,khabarovsk,46.90,,-17.0,3.0,-7.0,10.0,,0.0,1.0,1.0,0.0,,3.0,2.0,,,,-17.0,,,
2221233127,2022,altai terr.,79.12,,,,,,,5.0,1.0,0.0,0.0,,,,,,,,,,
2912006518,2022,arkhangelsk,41.20,306038.0,113503.0,272681.0,217775.0,54906.0,,8.0,1.0,1.0,0.0,74582.0,198099.0,1235.0,,-192479.0,113559.0,113546.0,,,
7444041675,2022,chelyabinsk,46.72.21,6122.0,2929.0,10512.0,9782.0,730.0,,18.0,1.0,1.0,0.0,6663.0,3848.0,10.0,,-2728.0,3394.0,3368.0,,,
8603163049,2022,khanty-mansijsk,71.12.53,9412.0,7914.0,21013.0,20836.0,177.0,,13.0,1.0,1.0,0.0,,21013.0,1113.0,,-5214.0,4198.0,8032.0,,,
5902992218,2022,perm,91.02,,,,,,,8.0,1.0,0.0,0.0,,,,,,,,,,
5403351603,2022,novosibirsk,41.20,,,,,,,9.0,1.0,0.0,0.0,,,,,,,,,,
2461212748,2022,krasnoyarsk,52.29,7655.0,1022.0,10276.0,2815.0,7461.0,,11.0,1.0,1.0,0.0,,10276.0,218.0,,-6190.0,1465.0,1462.0,,,
7704400872,2022,moscow city,73.11,,,,,,,5.0,1.0,0.0,0.0,,,,,,,,,,
9725084075,2022,moscow city,78.10,,,,,,,0.0,1.0,0.0,0.0,,,,,,,,,,
2352032872,2022,krasnodar,77.32,16096.0,36308.0,3172963.0,2340029.0,832934.0,,21.0,1.0,1.0,0.0,2962980.0,209983.0,6477.0,,-4370.0,5554.0,36308.0,,,0.0
1326225604,2022,mordovia,96.04,,,0.0,,,,9.0,1.0,1.0,0.0,,,,,,,,,,
7701716684,2022,moscow city,69.10,1381.0,912.0,1001.0,923.0,79.0,,15.0,1.0,1.0,0.0,,1002.0,515.0,,-503.0,878.0,950.0,,,
9706006900,2022,moscow city,73.20,5375.0,21.0,1696.0,20.0,1676.0,,2.0,1.0,1.0,0.0,,1697.0,717.0,,-5343.0,32.0,26.0,,,
4706038645,2022,leningrad,30.11,,,,,,,5.0,1.0,0.0,0.0,,,,,,,,,,
7707373257,2022,moscow city,46.73.60,1945413.0,161046.0,554467.0,210695.0,280236.0,180244.0,6.0,1.0,1.0,0.0,127372.0,427095.0,10382.0,0.0,-1647610.0,266081.0,254581.0,-144001.0,-52235.0,-15992.0
7901543615,2022,jewish ao,46.73,,,0.0,-19448.0,19448.0,,8.0,1.0,1.0,0.0,0.0,0.0,0.0,0.0,,,,,,
9111022775,2022,crimea,27.90,48031.0,58.0,22686.0,-3488.0,26098.0,,5.0,1.0,1.0,0.0,,22686.0,9.0,76.0,-48145.0,-114.0,78.0,,,
6455010003,2022,saratov,94.99,,,25.0,,,,24.0,1.0,1.0,0.0,,25.0,25.0,,,,,,,
7448175020,2022,chelyabinsk,46.90,,,,,,,7.0,1.0,0.0,0.0,,,,,,,,,,
3528173720,2022,vologda,80,2121.0,322.0,932.0,891.0,41.0,,12.0,1.0,1.0,0.0,247.0,685.0,83.0,,-1752.0,369.0,363.0,,,
7751216180,2022,moscow city,43.21,,,10.0,10.0,,,0.0,1.0,1.0,0.0,,10.0,,,,,,,,
5020064925,2022,moscow reg.,46.90,24473.0,7650.0,7945.0,6355.0,664.0,,12.0,1.0,1.0,0.0,,7945.0,5946.0,,-14795.0,9678.0,9072.0,,,
8904063023,2022,yamal-nenets ao,68.32,,,,,,,12.0,1.0,0.0,0.0,,,,,,,,,,
1821902353,2022,udmurtia,10.71,,,,,,,18.0,1.0,0.0,0.0,,,,,,,,,,
9701180904,2022,moscow city,71.11,,,,,,,1.0,1.0,0.0,0.0,,,,,,,,,,
7751216510,2022,moscow city,41.20,21676.0,26.0,5843.0,36.0,5807.0,,0.0,1.0,1.0,0.0,,5843.0,112.0,,-21531.0,145.0,33.0,,,
2632075477,2022,stavropol,68.10.22,,,,,,,17.0,1.0,0.0,0.0,,,,,,,,,,
3915013882,2022,kaliningrad,41.20,0.0,-19.0,593.0,590.0,3.0,,1.0,1.0,1.0,0.0,,593.0,7.0,,-5.0,-5.0,-19.0,,,
7804473507,2022,sankt-petersburg,46.73.30,30685.0,156.0,2097.0,424.0,1673.0,,11.0,1.0,1.0,0.0,,2096.0,75.0,,-30428.0,257.0,195.0,,,
9701220522,2022,moscow city,43.99,,,,,,,0.0,1.0,0.0,0.0,,,,,,,,,,
0544014030,2022,dagestan,47.11,,,,,,,2.0,1.0,0.0,0.0,,,,,,,,,,
7816372239,2022,sankt-petersburg,46.69.30,779133.0,31551.0,458786.0,78420.0,380366.0,,17.0,1.0,1.0,0.0,1011.0,457774.0,5088.0,,-743022.0,36111.0,39439.0,,,
7327059090,2022,ulyanovsk,70.22,32584.0,-530.0,17820.0,5616.0,12204.0,,11.0,1.0,1.0,0.0,11039.0,6781.0,3378.0,,-32612.0,-28.0,-218.0,,,
7728866574,2022,moscow city,63.91,,,0.0,,,,9.0,1.0,0.0,0.0,,,,,,,,,,
5904378652,2022,perm,47.22,,,,,,,3.0,1.0,0.0,0.0,,,,,,,,,,
9729324377,2022,moscow city,47.91,928.0,30.0,453.0,-1007.0,12.0,,0.0,1.0,1.0,0.0,,453.0,73.0,1448.0,-890.0,38.0,34.0,,,
6455062266,2022,moscow city,69.20.10,4020.0,1112.0,9213.0,0.0,9213.0,,8.0,1.0,1.0,0.0,87.0,9126.0,478.0,,-2797.0,1223.0,1206.0,,,
3703022966,2022,ivanovo,46.33,,,,,,,3.0,1.0,0.0,0.0,,,,,,,,,,
7724317171,2022,moscow reg.,52.29,19322.0,315.0,10646.0,881.0,9765.0,,7.0,1.0,1.0,0.0,15.0,10630.0,329.0,,-14544.0,-625.0,399.0,,,0.0
5501279722,2022,omsk,69.20,1003.0,32.0,14.0,10.0,4.0,,0.0,1.0,1.0,0.0,,14.0,10.0,,-976.0,27.0,27.0,,,
9110024392,2022,crimea,74.90,1269.0,90.0,1191.0,1174.0,17.0,,3.0,1.0,1.0,0.0,,1191.0,1063.0,,-1117.0,152.0,140.0,,,
7710019305,2022,moscow city,,,,,,,,28.0,1.0,0.0,0.0,,,,,,,,,,
9107000458,2022,crimea,49.31,,,531.0,531.0,,,13.0,1.0,1.0,0.0,521.0,10.0,10.0,0.0,,,,,,
5501279867,2022,omsk,68.20.20,11991.0,-10722.0,126149.0,123675.0,2474.0,,0.0,1.0,1.0,0.0,15184.0,110965.0,2659.0,,-21923.0,-9932.0,-10460.0,,,
5834119997,2022,penza,46.46,15606.0,995.0,3891.0,3766.0,125.0,,4.0,1.0,1.0,0.0,,3891.0,3050.0,0.0,-14066.0,1540.0,1170.0,,,
5256199465,2022,nizhni novgorod,43.99,,,,,,,1.0,1.0,0.0,0.0,,,,,,,,,,
1831205714,2022,udmurtia,46.90,323.0,34.0,328.0,45.0,283.0,341.0,0.0,1.0,1.0,0.0,,328.0,85.0,,-198.0,45.0,43.0,,12.0,353.0
7731377559,2022,moscow city,46.49.49,5473.0,4649.0,6025.0,5431.0,594.0,,5.0,1.0,1.0,0.0,,6025.0,310.0,,-747.0,4726.0,4707.0,,,
6168082981,2022,rostov,46.73,66293.0,499.0,21986.0,1104.0,20882.0,-3564.0,7.0,1.0,1.0,0.0,,21986.0,1862.0,,-53202.0,624.0,624.0,,4458.0,894.0
4632200876,2022,kursk,46.73,,,10.0,10.0,,,7.0,1.0,1.0,0.0,,10.0,10.0,,,,,,,
7802669310,2022,sankt-petersburg,94.99,,,,,,,4.0,1.0,0.0,0.0,,,,,,,,,,
4705022635,2022,leningrad,94.99,,,,,,,21.0,1.0,0.0,0.0,,,,,,,,,,
2130099562,2022,irkutsk,79.11,196.0,24.0,1336.0,192.0,577.0,,10.0,1.0,1.0,0.0,,1336.0,44.0,567.0,0.0,196.0,35.0,,,
5043034797,2022,moscow reg.,71.11.10,0.0,,64.0,64.0,,,14.0,1.0,1.0,0.0,,64.0,6.0,,0.0,,0.0,,,
5426000016,2022,novosibirsk,36.00.20,12585.0,-1130.0,37136.0,-28206.0,65342.0,-136.0,17.0,1.0,1.0,0.0,34783.0,2353.0,105.0,,-17457.0,-4872.0,-1008.0,,,-136.0
5117063347,2022,murmansk,59.14,,,10.0,-30.0,40.0,,16.0,1.0,0.0,0.0,,10.0,,,,,,,,
5262315864,2022,nizhni novgorod,70.22,,0.0,0.0,,,,7.0,1.0,1.0,0.0,,,,,,,,,,
9728032607,2022,moscow city,49.42,651.0,600.0,625.0,610.0,15.0,,1.0,1.0,1.0,0.0,,625.0,3.0,,,651.0,642.0,,,
1655485485,2022,tatarstan,43.29,5980.0,0.0,1730.0,10.0,1720.0,940.0,0.0,1.0,1.0,0.0,,1730.0,940.0,,-5420.0,560.0,0.0,,,940.0
6317070135,2022,samara,52.24,16183.0,8158.0,171852.0,167795.0,4057.0,,15.0,1.0,1.0,0.0,58138.0,113714.0,43.0,,-15033.0,1150.0,9365.0,,,
3662167215,2022,voronezh,46.41,,,118.0,62.0,5.0,,11.0,1.0,1.0,0.0,,118.0,,51.0,,,,,,0.0
6432017080,2022,moscow city,46.73,0.0,-87.0,164.0,111.0,31.0,,9.0,1.0,1.0,0.0,,164.0,25.0,22.0,-69.0,-69.0,-86.0,,,
5256112400,2022,nizhni novgorod,42.11,2896.0,32.0,2068.0,163.0,1905.0,65.0,10.0,1.0,1.0,0.0,,2068.0,77.0,,-2846.0,50.0,40.0,,0.0,65.0
9718139284,2022,moscow city,69.10,,,,,,,3.0,1.0,0.0,0.0,,,,,,,,,,
7707288097,2022,moscow reg.,10.86,1660400.0,99793.0,1405741.0,237328.0,364835.0,-417624.0,22.0,1.0,1.0,0.0,810916.0,594825.0,440.0,605136.0,-1016792.0,229637.0,129294.0,-7924.0,-101596.0,-527144.0
9718183879,2022,moscow city,46.41,55118.0,250.0,7462.0,260.0,7202.0,,0.0,1.0,1.0,0.0,,7462.0,47.0,,-53928.0,876.0,313.0,,,
9702032948,2022,moscow city,81.10,,,30.0,30.0,,,1.0,1.0,1.0,0.0,,30.0,30.0,,,,,,,
1661033328,2022,tatarstan,25.11,,,,,,,10.0,1.0,0.0,0.0,,,,,,,,,,
2722070716,2022,khabarovsk,43.21,,,,,,,14.0,1.0,0.0,0.0,,,,,,,,,,
0542018375,2022,dagestan,69.10,1174.0,265.0,2637.0,0.0,2637.0,,4.0,1.0,1.0,0.0,,2637.0,690.0,,-909.0,265.0,265.0,,,
7705538947,2022,moscow city,62.09,128825.0,45359.0,15389.0,15289.0,100.0,,9.0,1.0,1.0,0.0,788.0,14601.0,13354.0,,-78795.0,50030.0,49468.0,,,
5047176496,2022,moscow reg.,35.30,55461.0,1148.0,53737.0,41194.0,11353.0,,7.0,1.0,1.0,0.0,27313.0,26424.0,9573.0,,-51813.0,3648.0,2509.0,,,
7203401730,2022,tyumen,43.21,,,,,,,6.0,1.0,0.0,0.0,,,,,,,,,,
7704476230,2022,moscow city,46.38.21,1980963.0,95540.0,1916295.0,396507.0,1519778.0,11113.0,3.0,1.0,1.0,0.0,1579.0,1914716.0,3133.0,,-1154170.0,78490.0,119555.0,-9100.0,0.0,2013.0
3812057687,2022,irkutsk,94.99,,,,,,,6.0,1.0,0.0,0.0,,,,,,,,,,
4345405140,2022,kirov,02.10,11468.0,1190.0,1146.0,1146.0,0.0,,8.0,1.0,1.0,0.0,645.0,501.0,6.0,,-10260.0,1208.0,1190.0,,,
7204041128,2022,tyumen,71.11.10,4400.0,-630.0,11909.0,11886.0,,,23.0,1.0,1.0,0.0,1553.0,10356.0,1059.0,23.0,-4838.0,-438.0,-519.0,,,
6712009460,2022,smolensk,85.42.10,,,,,,,12.0,1.0,0.0,0.0,,,,,,,,,,
5045013640,2022,moscow reg.,68.32.20,,,626.0,,0.0,,32.0,1.0,1.0,0.0,,626.0,249.0,,,,,,,
2443036810,2022,krasnoyarsk,46.66,560.0,7.0,56.0,10.0,46.0,-9.0,13.0,1.0,1.0,0.0,,56.0,40.0,,-553.0,7.0,7.0,,,-9.0
5727000605,2022,oryol,47.11,86809.0,2690.0,28345.0,20664.0,7681.0,,25.0,1.0,1.0,0.0,18780.0,9565.0,609.0,0.0,-67561.0,4302.0,3421.0,,,
3702656575,2022,ivanovo,62.01,2508.0,115.0,7430.0,1016.0,6414.0,,11.0,1.0,1.0,0.0,,7430.0,5.0,,-2423.0,85.0,146.0,,,
6321287677,2022,samara,69.10,,,18.0,18.0,,,10.0,1.0,1.0,0.0,,18.0,,,,,,,,
6320043445,2022,samara,56.10.10,2308.0,350.0,754.0,-41.0,786.0,,3.0,1.0,1.0,0.0,48.0,706.0,25.0,9.0,-1610.0,698.0,397.0,,,
6027180827,2022,pskov,73.11,,,,,,,5.0,1.0,0.0,0.0,,,,,,,,,,
7203226091,2022,tyumen,69,,,,,,,14.0,1.0,0.0,0.0,,,,,,,,,,
2221046215,2022,altai terr.,46.90,46544.0,404.0,19423.0,5436.0,13987.0,,20.0,1.0,1.0,0.0,,19423.0,841.0,,-41062.0,505.0,505.0,,,0.0
7804061408,2022,sankt-petersburg,26.51.20,,,,,,,26.0,1.0,0.0,0.0,,,,,,,,,,
2310117267,2022,krasnodar,73.11,0.0,0.0,16.0,-431.0,447.0,,16.0,1.0,1.0,0.0,,16.0,0.0,0.0,0.0,,0.0,,,
9108114923,2022,crimea,01.11,73689.0,2127.0,104858.0,94871.0,9987.0,-7036.0,6.0,1.0,1.0,0.0,11590.0,93268.0,1070.0,,-58900.0,14789.0,2127.0,,0.0,-7036.0
2465350690,2022,krasnoyarsk,63.11,3240.0,738.0,1902.0,10.0,1892.0,,0.0,0.0,0.0,0.0,,1902.0,1902.0,,-1702.0,738.0,738.0,,,
2130224083,2022,chuvashia,95.11,341.0,0.0,383.0,10.0,,,1.0,1.0,1.0,0.0,,383.0,2.0,373.0,-341.0,0.0,0.0,,,
6166122195,2022,rostov,46.90,124803.0,10227.0,46701.0,22016.0,24685.0,,1.0,1.0,1.0,0.0,,46701.0,362.0,,-111716.0,13087.0,12784.0,,,
7736340922,2022,moscow city,66.19.40,2287.0,124.0,1454.0,419.0,1035.0,,0.0,1.0,1.0,0.0,,1454.0,47.0,,-1653.0,634.0,159.0,,,
4253020830,2022,kemerovo,43.21,2054.0,594.0,1430.0,1365.0,65.0,,8.0,1.0,1.0,0.0,,1430.0,57.0,,-1360.0,694.0,674.0,,,
5446019030,2022,novosibirsk,49.41,1012999.0,80278.0,1083851.0,430140.0,515088.0,193576.0,5.0,1.0,1.0,0.0,757433.0,326418.0,54745.0,2222.0,-880701.0,88458.0,100838.0,1772.0,-153090.0,42258.0
7816718173,2022,sankt-petersburg,46.90,14286.0,100.0,0.0,0.0,0.0,-409.0,1.0,1.0,1.0,0.0,,0.0,0.0,,-14416.0,-372.0,1477.0,,0.0,-409.0
7802832863,2022,sankt-petersburg,42.21,8667.0,8378.0,18598.0,6612.0,11986.0,,9.0,1.0,0.0,0.0,1452.0,17146.0,521.0,,-718.0,7949.0,8728.0,,,
5904355969,2022,perm,52.29,,,497.0,10.0,487.0,,5.0,1.0,1.0,0.0,,497.0,45.0,,,,,,,
2130188371,2022,chuvashia,69.10,0.0,0.0,275.0,275.0,0.0,,5.0,1.0,1.0,0.0,,275.0,1.0,,0.0,,0.0,,,
9723136218,2022,moscow city,43.21,,,50.0,50.0,,,0.0,1.0,1.0,0.0,,50.0,,,,,,,,
2463067158,2022,krasnoyarsk,81.22,4846.0,1.0,640.0,25.0,615.0,,18.0,1.0,1.0,0.0,,640.0,12.0,,-4590.0,33.0,1.0,,,
7203503316,2022,tyumen,47.91,31221.0,1802.0,18281.0,2815.0,15466.0,,2.0,1.0,1.0,0.0,,18281.0,162.0,,-28782.0,2439.0,2255.0,,,
2536194986,2022,primorsky terr.,69,120.0,-651.0,7526.0,2504.0,5022.0,,15.0,1.0,1.0,0.0,,7526.0,0.0,,-733.0,-613.0,-639.0,,,
6623068022,2022,sverdlovsk,62.09,,,0.0,,,,12.0,1.0,1.0,0.0,,,,,,,,,,
5013054281,2022,moscow reg.,47.25,4694.0,1564.0,319.0,-2970.0,3289.0,,15.0,1.0,1.0,0.0,,319.0,124.0,0.0,-1289.0,1738.0,1708.0,,,
7802891298,2022,sankt-petersburg,71.12,,,100.0,100.0,,,1.0,1.0,1.0,0.0,0.0,100.0,100.0,,,,,,,
7728661496,2022,moscow city,43.91,0.0,0.0,1175.0,288.0,887.0,,14.0,1.0,0.0,0.0,25.0,1150.0,5.0,,0.0,,0.0,,,
2457087903,2022,krasnoyarsk,46.32,29532.0,1063.0,1397.0,1273.0,124.0,,1.0,1.0,1.0,0.0,,1397.0,2.0,,-27676.0,1856.0,1364.0,,,
7733569464,2022,moscow city,77.32,571482.0,41990.0,497084.0,76903.0,263344.0,,16.0,1.0,1.0,0.0,247335.0,249750.0,183.0,7667.0,-521981.0,42690.0,42849.0,,,
2320032485,2022,krasnodar,49.41.20,,,,,,,23.0,1.0,0.0,0.0,,,,,,,,,,
7817089432,2022,sankt-petersburg,25.61,,,,,,,3.0,1.0,0.0,0.0,,,,,,,,,,
3662993290,2022,voronezh,71.10,750.0,12.0,1397.0,783.0,614.0,,7.0,1.0,1.0,0.0,,1397.0,337.0,,-651.0,99.0,74.0,,,
7714463141,2022,moscow city,41.20,89472.0,-426.0,1154.0,452.0,702.0,,2.0,1.0,1.0,0.0,,1154.0,823.0,,-85460.0,4012.0,3878.0,,,
7728368522,2022,moscow city,43.22,51841.0,244.0,7962.0,508.0,6869.0,,5.0,1.0,1.0,0.0,,7962.0,36.0,585.0,-405.0,331.0,305.0,,,0.0
6215007085,2022,ryazan,94.99,,,,,,,31.0,1.0,0.0,0.0,,,,,,,,,,
7720795963,2022,moscow city,70.22,100333.0,2643.0,10022.0,1376.0,8646.0,-10333.0,9.0,1.0,1.0,0.0,537.0,9485.0,1563.0,,-100959.0,-626.0,5537.0,10322.0,-4495.0,-4506.0
4345342122,2022,kirov,68.32.10,,,,,,,10.0,1.0,0.0,0.0,,,,,,,,,,
7444041763,2022,chelyabinsk,56.10,,,10.0,10.0,,,18.0,1.0,1.0,0.0,0.0,10.0,10.0,,,,,,,
0543018723,2022,dagestan,46.71,,,,,,,2.0,1.0,0.0,0.0,,,,,,,,,,
6659162678,2022,sverdlovsk,68.32.10,653.0,766.0,31594.0,12966.0,18628.0,,15.0,1.0,1.0,0.0,282.0,31312.0,681.0,,-55.0,598.0,793.0,,,
5043073228,2022,moscow reg.,46.34.10,,,,,,,1.0,1.0,0.0,0.0,,,,,,,,,,
6453132158,2022,saratov,72.19,69208.0,6549.0,15980.0,8107.0,7800.0,,9.0,1.0,1.0,0.0,945.0,15035.0,7613.0,,-33089.0,8516.0,8229.0,,,
5003083340,2022,moscow city,46.60,1450998.0,193648.0,1341215.0,875601.0,428917.0,233346.0,14.0,1.0,1.0,0.0,47134.0,1294081.0,270713.0,,-681000.0,275849.0,243188.0,-9489.0,-50000.0,173857.0
2311277714,2022,krasnodar,47.25,,,,,,,4.0,1.0,0.0,0.0,,,,,,,,,,
7713245091,2022,moscow city,72.19,0.0,0.0,831.0,340.0,491.0,0.0,22.0,1.0,1.0,0.0,,831.0,0.0,,0.0,0.0,0.0,0.0,0.0,0.0
5905064585,2022,perm,68.32,1054.0,615.0,2029.0,1773.0,256.0,,2.0,1.0,1.0,0.0,,2029.0,277.0,,-372.0,682.0,674.0,,,
7704228318,2022,moscow city,61.10.10,,,6669.0,278.0,6391.0,,21.0,1.0,1.0,0.0,5347.0,1322.0,69.0,,,,,,,
8703010776,2022,chukotka,86.23,,,,,,,11.0,1.0,0.0,0.0,,,,,,,,,,
3403301912,2022,volgograd,68.32.20,,,,,,,23.0,1.0,0.0,0.0,,,,,,,,,,
5012097797,2022,moscow reg.,46.90,2538.0,361.0,1610.0,1522.0,88.0,,4.0,1.0,1.0,0.0,,1610.0,0.0,,-2032.0,506.0,472.0,,,
7708357628,2022,moscow city,68.20,112.0,8.0,89.0,-51.0,140.0,,3.0,1.0,1.0,0.0,0.0,89.0,81.0,,-98.0,14.0,11.0,,,
5506186750,2022,omsk,46.72.23,5365.0,253.0,55366.0,155.0,48411.0,,2.0,1.0,1.0,0.0,0.0,55366.0,469.0,6800.0,-3605.0,356.0,305.0,,,
5050084012,2022,moscow reg.,86.21,,,,,,,12.0,1.0,0.0,0.0,,,,,,,,,,
2464218917,2022,krasnoyarsk,46.73.10,,,,,,,13.0,1.0,0.0,0.0,,,,,,,,,,
5403069678,2022,novosibirsk,49.41,483.0,7.0,17.0,17.0,,,0.0,1.0,1.0,0.0,,17.0,15.0,,-473.0,10.0,9.0,,,
8606008362,2022,khanty-mansijsk,94.99,,,715.0,0.0,715.0,,21.0,1.0,1.0,0.0,715.0,0.0,0.0,0.0,,,,,,
2309178988,2022,krasnodar,43.33,144493.0,21769.0,27440.0,21779.0,5661.0,,0.0,1.0,1.0,0.0,,27440.0,678.0,,-117280.0,27213.0,27211.0,,,
0554004049,2022,dagestan,41.20,,,0.0,,,,4.0,1.0,1.0,0.0,,,,,,,,,,0.0
7709949088,2022,moscow city,47.59,,,,,,,8.0,1.0,0.0,0.0,,,,,,,,,,
7460051529,2022,chelyabinsk,47.99,,,,,,,1.0,1.0,0.0,0.0,,,,,,,,,,
6829052040,2022,tambov,68.32.10,0.0,16.0,5405.0,,5405.0,,14.0,1.0,1.0,0.0,0.0,5405.0,2300.0,0.0,0.0,,19.0,,,
6658264733,2022,sverdlovsk,68.32.10,1078.0,93.0,20948.0,16671.0,4277.0,0.0,15.0,1.0,1.0,0.0,,20948.0,5245.0,,,1078.0,1368.0,0.0,0.0,0.0
7727492319,2022,moscow city,64.91,80275.0,5311.0,48658.0,5811.0,2447.0,,0.0,1.0,1.0,0.0,48221.0,437.0,324.0,40400.0,-71517.0,8758.0,6115.0,,,
3445088365,2022,volgograd,72.19,5202.0,1465.0,32523.0,2800.0,26237.0,,15.0,1.0,1.0,0.0,,32522.0,4228.0,3487.0,-3624.0,1578.0,1551.0,,,
0545023790,2022,dagestan,47.30,,,,,,,12.0,1.0,0.0,0.0,,,,,,,,,,
6501160670,2022,sakhalin,82.99,8486.0,-8510.0,55622.0,-34022.0,82433.0,-6905.0,17.0,1.0,1.0,0.0,12704.0,42918.0,2476.0,,-921.0,-8128.0,-9363.0,,,-6905.0
4632244739,2022,kursk,46.73,,,,,,,4.0,1.0,0.0,0.0,,,,,,,,,,
3338002645,2022,vladimir,95.11,25197.0,825.0,15903.0,12237.0,3666.0,,16.0,1.0,1.0,0.0,3196.0,12707.0,2349.0,0.0,-23795.0,1402.0,1076.0,,,
7841005497,2022,sankt-petersburg,47.78.30,,,,,,,7.0,1.0,0.0,0.0,,,,,,,,,,
3507314666,2022,vologda,81.30,,,,,,,3.0,1.0,0.0,0.0,,,,,,,,,,
9719030716,2022,moscow city,52.23,350.0,23.0,372.0,23.0,349.0,,0.0,1.0,1.0,0.0,,372.0,272.0,,-320.0,30.0,27.0,,,
3436012715,2022,volgograd,41.20,0.0,0.0,0.0,-78.0,78.0,,20.0,1.0,1.0,0.0,0.0,0.0,0.0,,0.0,0.0,0.0,,,
2329018823,2022,krasnodar,85.42,1894.0,0.0,178.0,97.0,81.0,-626.0,17.0,1.0,1.0,0.0,,178.0,62.0,0.0,-1123.0,49.0,19.0,,398.0,-228.0
3917050512,2022,kaliningrad,46.38.23,,,,,,,4.0,1.0,0.0,0.0,,,,,,,,,,
6155090495,2022,rostov,95.11,,,,,,,1.0,1.0,0.0,0.0,,,,,,,,,,
7810755316,2022,sankt-petersburg,41.20,480.0,2.0,6932.0,3589.0,3343.0,,3.0,1.0,1.0,0.0,,6932.0,1.0,,-462.0,18.0,9.0,,,
5717003519,2022,moscow city,01.10,,,,,,,11.0,1.0,0.0,0.0,,,,,,,,,,
4703178370,2022,leningrad,71.12.41,2022.0,311.0,474.0,354.0,120.0,,2.0,1.0,1.0,0.0,,474.0,104.0,,-1084.0,380.0,365.0,,,
5834026929,2022,penza,46.69.20,4577.0,79.0,2602.0,1768.0,834.0,,19.0,1.0,1.0,0.0,,2602.0,134.0,,-3051.0,93.0,79.0,,,
5904387706,2022,perm,56.10,347.0,-56.0,250.0,250.0,,,1.0,1.0,1.0,0.0,,250.0,0.0,,-400.0,-53.0,-53.0,,,
2460099560,2022,krasnoyarsk,41.20,,,,,,,6.0,1.0,0.0,0.0,,,,,,,,,,
2465118513,2022,krasnoyarsk,94.99,,,,,,,12.0,1.0,0.0,0.0,,,,,,,,,,
9404002962,2022,luhansk,01.11,0.0,0.0,13689.0,11792.0,1897.0,,0.0,1.0,0.0,0.0,1191.0,12498.0,255.0,0.0,0.0,0.0,0.0,,,
2721246614,2022,khabarovsk,07.29.40,,,162.0,-14.0,1.0,,2.0,1.0,1.0,0.0,,162.0,1.0,175.0,,,,,,
0276948145,2022,bashkortostan,43.99,20083.0,737.0,21225.0,159.0,21066.0,,3.0,1.0,1.0,0.0,37.0,21187.0,749.0,,-13189.0,1096.0,935.0,,,
7705168904,2022,moscow city,,,,,,,,25.0,1.0,0.0,0.0,,,,,,,,,,
7813280460,2022,sankt-petersburg,90.04.20,16700.0,-1590.0,3642.0,2967.0,675.0,,5.0,1.0,1.0,0.0,33.0,3609.0,2297.0,0.0,-17978.0,-1278.0,-1421.0,,,
3702745641,2022,ivanovo,86.10,11879.0,623.0,17366.0,1922.0,15444.0,,8.0,1.0,1.0,0.0,,17366.0,3.0,,-11043.0,836.0,755.0,,,
3702221327,2022,ivanovo,90.03,176.0,176.0,201.0,10.0,191.0,,3.0,1.0,1.0,0.0,0.0,201.0,144.0,,,176.0,176.0,,,
4345493675,2022,kirov,33.12,3630.0,1193.0,1785.0,1578.0,207.0,,3.0,1.0,1.0,0.0,,1785.0,1316.0,,-1992.0,1395.0,1380.0,,,
5258139415,2022,nizhni novgorod,46.73.40,2483.0,28.0,78.0,38.0,40.0,,5.0,1.0,1.0,0.0,,78.0,16.0,,-2306.0,177.0,177.0,,,
6312204138,2022,samara,46.71,,,,,,,2.0,1.0,0.0,0.0,,,,,,,,,,
5048025394,2022,moscow reg.,68.32.10,,,0.0,,,,12.0,1.0,1.0,0.0,,,,,,,,,,
1001343073,2022,karelia,55.30,,,,,,,3.0,1.0,0.0,0.0,,,,,,,,,,
6324072775,2022,samara,77.39.11,,,,,,,6.0,1.0,0.0,0.0,,,,,,,,,,
5263135769,2022,nizhni novgorod,73.11,,,10.0,10.0,,,4.0,1.0,1.0,0.0,0.0,10.0,10.0,,,,,,,
9309006090,2022,donetsk,,,,,,,,8.0,1.0,0.0,0.0,,,,,,,,,,
7718949937,2022,moscow city,49.41.20,,,,,,,9.0,1.0,0.0,0.0,,,,,,,,,,
2013002802,2022,chechnya,41.20,,,,,,,11.0,1.0,0.0,0.0,,,,,,,,,,
7203545588,2022,tyumen,02.30,,0.0,0.0,,,,0.0,0.0,0.0,0.0,,,,,,,,,,
7704396175,2022,moscow city,71.12,141554.0,93887.0,34373.0,26798.0,7575.0,,5.0,1.0,1.0,0.0,41.0,34332.0,1.0,0.0,-49655.0,91899.0,99803.0,,,
0272017875,2022,bashkortostan,41.20,2115.0,-2447.0,35334.0,34936.0,398.0,,13.0,1.0,1.0,0.0,28398.0,6936.0,51.0,,-3158.0,-1043.0,-2189.0,,,
7328062882,2022,ulyanovsk,36.00.20,1346.0,42.0,5629.0,2443.0,255.0,,11.0,1.0,1.0,0.0,3719.0,1910.0,2.0,2931.0,-726.0,249.0,53.0,,,
6671215012,2022,sverdlovsk,86.10,90693.0,841.0,18365.0,15302.0,3063.0,,15.0,1.0,1.0,0.0,2609.0,15756.0,5019.0,,-89026.0,1667.0,1495.0,,,
6671104369,2022,sverdlovsk,42.21,3591.0,684.0,10.0,10.0,,,2.0,1.0,1.0,0.0,,10.0,,,-2871.0,720.0,720.0,,,0.0
6815006372,2022,tambov,43.21,,,,,,,4.0,1.0,0.0,0.0,,,,,,,,,,
7811701899,2022,sankt-petersburg,43.29,,,,,,,4.0,1.0,0.0,0.0,,,,,,,,,,
9103066881,2022,crimea,43.21,120.0,-233.0,28.0,21.0,7.0,,7.0,1.0,1.0,0.0,,28.0,1.0,,-267.0,-147.0,-231.0,,,
7725294880,2022,moscow city,49.31,,,,,,,7.0,1.0,0.0,0.0,,,,,,,,,,
6324119110,2022,samara,52.29,,,,,,,1.0,1.0,0.0,0.0,,,,,,,,,,
2452200337,2022,krasnoyarsk,96.02,,,19.0,13.0,6.0,,11.0,1.0,1.0,0.0,19.0,,,,,,,,,
3662228884,2022,voronezh,41.20,130414.0,9484.0,130566.0,35370.0,59278.0,,6.0,1.0,1.0,0.0,60982.0,69585.0,4108.0,,-118338.0,12076.0,10863.0,,,
5018193553,2022,moscow reg.,64.99.30,,,,,,,4.0,1.0,0.0,0.0,,,,,,,,,,
2222850362,2022,altai terr.,01.11,,,,,,,6.0,1.0,0.0,0.0,,,,,,,,,,
9704167450,2022,moscow city,49.41,,,,,,,0.0,1.0,0.0,0.0,,,,,,,,,,
7720875922,2022,moscow city,46.90,,,0.0,,,,0.0,1.0,0.0,0.0,,,,,,,,,,
7726351097,2022,moscow city,45.11.20,0.0,0.0,810.0,10.0,800.0,,7.0,1.0,1.0,0.0,,810.0,0.0,0.0,0.0,,0.0,,,
2369009423,2022,krasnodar,88.99,,,1009.0,,134.0,,0.0,0.0,1.0,0.0,,1009.0,832.0,,,,,,,
3123397626,2022,belgorod,62.01,,0.0,212.0,85.0,127.0,,6.0,1.0,1.0,0.0,15.0,197.0,137.0,,0.0,0.0,0.0,,,
7703770655,2022,moscow city,46.69.80,901312.0,35986.0,388954.0,85254.0,296566.0,-7840.0,10.0,1.0,1.0,0.0,66836.0,322118.0,27019.0,0.0,-538676.0,-7880.0,46910.0,4050.0,-37967.0,-41757.0
3810341043,2022,irkutsk,68.20,1524.0,41.0,10.0,10.0,,,8.0,1.0,1.0,0.0,5.0,5.0,5.0,,-1483.0,41.0,41.0,,,
0912005359,2022,karachaevo-chercessia,71.12,276.0,-522.0,140.0,-858.0,318.0,-286.0,4.0,1.0,1.0,0.0,20.0,120.0,4.0,680.0,-781.0,-505.0,-514.0,,240.0,-46.0
7207012598,2022,tyumen,33.12,,,,,,,11.0,1.0,0.0,0.0,,,,,,,,,,
7810016957,2022,sankt-petersburg,80.10,16987.0,10291.0,1504.0,1382.0,122.0,,17.0,1.0,1.0,0.0,119.0,1385.0,1176.0,,-6083.0,10904.0,10838.0,,,
4205165321,2022,kemerovo,68.30,497.0,4.0,178.0,178.0,,,14.0,1.0,1.0,0.0,,178.0,1.0,,,30.0,30.0,,,
2721250522,2022,khabarovsk,47.11,169589.0,8015.0,39551.0,7591.0,25920.0,,1.0,1.0,1.0,0.0,7712.0,31839.0,19387.0,6040.0,-156308.0,13281.0,9731.0,,,
0106008761,2022,adygeya,10.32,3864309.0,385175.0,3074876.0,980870.0,1368120.0,-19943.0,23.0,1.0,1.0,0.0,707991.0,2366885.0,48716.0,719271.0,-3004999.0,509116.0,519730.0,-198915.0,258563.0,39705.0
5835136635,2022,penza,47.64,63395.0,1171.0,37053.0,2411.0,25172.0,,2.0,1.0,1.0,0.0,658.0,36395.0,5155.0,9470.0,-7893.0,1007.0,1497.0,,,
2632004363,2022,stavropol,46.46.10,44848.0,20.0,37024.0,23863.0,8753.0,,7.0,1.0,1.0,0.0,199.0,36826.0,2.0,4408.0,-43400.0,1448.0,1029.0,,,
7115022500,2022,tula,68.20.20,104840.0,18365.0,113250.0,110825.0,2425.0,,6.0,1.0,1.0,0.0,75834.0,37416.0,26635.0,0.0,-78882.0,25958.0,22969.0,,,
1655469116,2022,tatarstan,43.29,,,,,,,1.0,1.0,0.0,0.0,,,,,,,,,,
6679094659,2022,sverdlovsk,45.30,694.0,-469.0,5680.0,-332.0,6012.0,,6.0,1.0,0.0,0.0,4072.0,1608.0,10.0,,-1081.0,-387.0,-437.0,,,
3905088649,2022,kaliningrad,47.79,,0.0,0.0,,,,15.0,1.0,0.0,0.0,,,,,,,,,,
2904031655,2022,arkhangelsk,94.99,,,0.0,,,,1.0,1.0,1.0,0.0,,,,,,,,,,
7727849520,2022,moscow city,52.29,313656.0,1940.0,40358.0,-5567.0,45925.0,,8.0,1.0,1.0,0.0,543.0,39815.0,26771.0,0.0,-310677.0,2979.0,2080.0,,,
7730516432,2022,moscow city,46.90,,,,,,,18.0,1.0,0.0,0.0,,,,,,,,,,
6950029305,2022,tver,62.09,,,10.0,10.0,,,7.0,1.0,1.0,0.0,0.0,10.0,0.0,,,,,,,
2222862488,2022,altai terr.,46.45,313.0,-53.0,394.0,-347.0,640.0,,5.0,1.0,1.0,0.0,,394.0,5.0,101.0,-96.0,-28.0,-46.0,,,
5053086650,2022,moscow reg.,46.19,,,,,,,11.0,1.0,0.0,0.0,,,,,,,,,,
7811775555,2022,sankt-petersburg,46.47,48149.0,24458.0,32302.0,24468.0,7834.0,,0.0,1.0,1.0,0.0,377.0,31925.0,1302.0,,-17607.0,26881.0,26280.0,,,
7730676475,2022,moscow city,59.11,,,,,,,10.0,1.0,0.0,0.0,,,,,,,,,,
7723761017,2022,moscow city,46.90,,,0.0,,,,12.0,1.0,1.0,0.0,,,,,,,,,,
4029065600,2022,kaluga,46.73,670.0,23.0,128.0,23.0,105.0,,0.0,1.0,1.0,0.0,,128.0,22.0,,-641.0,29.0,29.0,,,
3444262941,2022,volgograd,94.99,,,13.0,10.0,3.0,,5.0,1.0,1.0,0.0,,13.0,13.0,,,,,,,
5047249659,2022,moscow reg.,21.10,62159.0,406.0,20961.0,592.0,20369.0,,1.0,1.0,1.0,0.0,,20961.0,6672.0,,-60874.0,546.0,508.0,,,0.0
9710071500,2022,moscow city,86.23,1339.0,-709.0,1371.0,-1782.0,2004.0,,4.0,1.0,1.0,0.0,,1371.0,0.0,1149.0,-1895.0,-556.0,-639.0,,,
5262261312,2022,nizhni novgorod,46.40,1575.0,77.0,3736.0,237.0,1233.0,,11.0,1.0,1.0,0.0,1992.0,1744.0,38.0,2266.0,-1369.0,97.0,16.0,,,
3702259137,2022,ivanovo,63.99,2752.0,26.0,233.0,68.0,165.0,,1.0,1.0,1.0,0.0,,233.0,27.0,,-2548.0,204.0,191.0,,,
2127025930,2022,chuvashia,68.32,29.0,29.0,5463.0,,809.0,,17.0,1.0,1.0,0.0,,5463.0,5463.0,,,29.0,29.0,,,
2462214152,2022,krasnoyarsk,47.75.10,6611.0,782.0,4465.0,4004.0,461.0,,12.0,1.0,1.0,0.0,,4465.0,3438.0,,-5628.0,983.0,922.0,,,
2308138083,2022,krasnodar,94.99,,,36.0,31.0,5.0,,15.0,1.0,1.0,0.0,,36.0,36.0,,,,,,,
4400010226,2022,kostroma,46.71,,-25.0,1770.0,-7.0,,,0.0,1.0,1.0,0.0,4.0,1766.0,1263.0,1777.0,,,-21.0,,,
2372001865,2022,krasnodar,47.91.10,,,,,,,10.0,1.0,0.0,0.0,,,,,,,,,,
3810316752,2022,irkutsk,42.91.40,4346.0,131.0,401.0,-105.0,506.0,,12.0,1.0,1.0,0.0,,401.0,65.0,,-3991.0,355.0,206.0,,,
5027035240,2022,moscow reg.,68.20.20,22345.0,-1305.0,10532.0,9690.0,842.0,533.0,29.0,1.0,1.0,0.0,3751.0,6781.0,4383.0,,-13945.0,664.0,-1098.0,,,533.0
0326041387,2022,buryatia,47.11.20,,,10.0,10.0,,,15.0,1.0,1.0,0.0,,10.0,10.0,,,,,,,
6311172187,2022,samara,45.31.10,13552.0,234.0,30542.0,2644.0,27882.0,,5.0,1.0,1.0,0.0,,30542.0,390.0,16.0,-12783.0,769.0,372.0,,,
7457007590,2022,chelyabinsk,46.69,5562.0,42.0,16420.0,560.0,13225.0,,5.0,1.0,1.0,0.0,,16420.0,10.0,2635.0,-5314.0,248.0,53.0,,,
6163125487,2022,rostov,86,,,1936.0,-11375.0,12873.0,,10.0,1.0,1.0,0.0,,1936.0,,438.0,,,,,,
5904379906,2022,perm,10.82.20,534.0,-132.0,598.0,-340.0,6.0,,2.0,1.0,1.0,0.0,563.0,35.0,15.0,932.0,-509.0,25.0,-127.0,,,
2537138712,2022,primorsky terr.,68.32,,,0.0,,,,4.0,1.0,0.0,0.0,,,,,,,,,,
9705158868,2022,moscow city,41.20,331436.0,3.0,50.0,50.0,,,1.0,1.0,1.0,0.0,,50.0,,,-331432.0,4.0,4.0,,,
7735162603,2022,moscow city,71.12.60,,,,,,,5.0,1.0,0.0,0.0,,,,,,,,,,
8603174971,2022,khanty-mansijsk,68.20.20,840.0,4877.0,16036.0,11599.0,4036.0,,12.0,1.0,1.0,0.0,9836.0,6201.0,386.0,,-845.0,-5.0,4901.0,,,
5001136934,2022,moscow reg.,46.90,14221.0,1145.0,4755.0,1256.0,3499.0,,2.0,1.0,1.0,0.0,949.0,3807.0,1603.0,,-12813.0,1408.0,1386.0,,,
6634003757,2022,sverdlovsk,35.13,10389.0,4338.0,25356.0,11220.0,14136.0,,23.0,1.0,1.0,0.0,23466.0,1890.0,190.0,0.0,-8399.0,1775.0,4469.0,,,
5403225567,2022,novosibirsk,43.12,105496.0,299.0,128734.0,309.0,128425.0,,13.0,1.0,1.0,0.0,,128734.0,,,-105122.0,374.0,374.0,,,
7810743328,2022,sankt-petersburg,46.72,,,,,,,4.0,1.0,0.0,0.0,,,,,,,,,,
1435285096,2022,yakutia,49.40,19329.0,682.0,2320.0,-2868.0,2531.0,,8.0,1.0,1.0,0.0,240.0,2080.0,478.0,2657.0,-18822.0,507.0,866.0,,,
5110004039,2022,murmansk,10.10,,,,,,,9.0,1.0,0.0,0.0,,,,,,,,,,
2411029056,2022,krasnoyarsk,45.20,7262.0,1390.0,3598.0,3061.0,537.0,,4.0,1.0,1.0,0.0,,3598.0,343.0,0.0,-5607.0,1655.0,1635.0,,,
3525279929,2022,vologda,63.11.10,156915.0,2624.0,32247.0,14635.0,17612.0,,10.0,1.0,1.0,0.0,500.0,31748.0,8276.0,,-96376.0,6647.0,4179.0,,,
7602145246,2022,yaroslavl,46.36,2446.0,93.0,974.0,344.0,630.0,,4.0,1.0,1.0,0.0,,974.0,118.0,,-2287.0,159.0,118.0,,,
5017074610,2022,moscow reg.,94.99,0.0,4561.0,43585.0,,0.0,,14.0,1.0,1.0,0.0,,43585.0,3377.0,,,0.0,4561.0,,,
6684042504,2022,sverdlovsk,68.32.10,,,0.0,0.0,,,0.0,1.0,1.0,0.0,,,,,,,,,,
9705128609,2022,moscow city,86.23,2966.0,237.0,342.0,342.0,,,3.0,1.0,1.0,0.0,137.0,205.0,4.0,,-2418.0,548.0,415.0,,,
6154148505,2022,rostov,93.19,0.0,-417.0,86.0,-1034.0,65.0,,5.0,1.0,1.0,0.0,,86.0,0.0,1055.0,-400.0,-400.0,-417.0,,,
8604053899,2022,khanty-mansijsk,49.40,0.0,0.0,0.0,0.0,0.0,,7.0,1.0,1.0,0.0,,0.0,0.0,,0.0,,0.0,,,
3906179458,2022,kaliningrad,46.47.30,,,,,,,15.0,1.0,0.0,0.0,,,,,,,,,,
5402019770,2022,novosibirsk,68.20,74812.0,18667.0,17789.0,12446.0,5343.0,,6.0,1.0,1.0,0.0,141.0,17648.0,15389.0,,,22072.0,21611.0,,,0.0
3409013526,2022,volgograd,81.29.90,,,,,,,12.0,1.0,0.0,0.0,,,,,,,,,,
2014017417,2022,chechnya,46.21,,,0.0,0.0,0.0,,4.0,1.0,0.0,0.0,,0.0,,,,,,,,
7714057005,2022,moscow city,68.20.20,7243.0,5705.0,4606.0,4022.0,584.0,,31.0,1.0,1.0,0.0,174.0,4432.0,4399.0,,-1100.0,6143.0,6020.0,,,
0531005141,2022,dagestan,03.11,7420.0,1885.0,460.0,360.0,100.0,,21.0,1.0,1.0,0.0,350.0,110.0,110.0,0.0,-5625.0,1795.0,1795.0,,,
7447165742,2022,chelyabinsk,46.90,,,,,,,12.0,1.0,0.0,0.0,,,,,,,,,,
6319726060,2022,samara,28.29,1983.0,65.0,167.0,75.0,92.0,,12.0,1.0,1.0,0.0,0.0,167.0,12.0,0.0,-1836.0,147.0,121.0,,,
9731091360,2022,moscow city,68.10,,,6204.0,100.0,,,0.0,1.0,1.0,0.0,,6204.0,5372.0,6104.0,,,,,,
2635057980,2022,stavropol,94.99,,,,,,,21.0,1.0,0.0,0.0,,,,,,,,,,
2511073718,2022,primorsky terr.,45.30,7699.0,323.0,7165.0,1889.0,5230.0,,11.0,1.0,1.0,0.0,232.0,6933.0,91.0,46.0,-6915.0,784.0,425.0,,,
7838435838,2022,sankt-petersburg,46.14.90,50658.0,23060.0,43832.0,21364.0,22468.0,,13.0,1.0,1.0,0.0,2676.0,41156.0,61.0,,-22166.0,28492.0,28859.0,,,
9500004948,2022,kherson,,,,,,,,6.0,1.0,0.0,0.0,,,,,,,,,,
5252018037,2022,nizhni novgorod,47.11,2354.0,-147.0,206.0,206.0,,,16.0,1.0,1.0,0.0,206.0,,,,-2477.0,-123.0,-123.0,,,
2461126129,2022,krasnoyarsk,46.38.20,78306.0,1954.0,154535.0,144077.0,10458.0,,15.0,1.0,1.0,0.0,40.0,154495.0,667.0,,-76618.0,1688.0,2448.0,,,
5906996710,2022,perm,94.99,,,60.0,,0.0,,8.0,1.0,1.0,0.0,,60.0,0.0,,,,,,,
6324115154,2022,samara,46.73,,,,,,,2.0,1.0,0.0,0.0,,,,,,,,,,
2221181327,2022,altai terr.,46.90,,,,,,,12.0,1.0,0.0,0.0,,,,,,,,,,
2346010461,2022,krasnodar,84.24,,2078.0,4322.0,,,,21.0,1.0,1.0,0.0,1000.0,3322.0,2700.0,,,,2078.0,,,
5402512270,2022,novosibirsk,46.30,,,,,,,13.0,1.0,0.0,0.0,,,,,,,,,,
5452111403,2022,novosibirsk,47.41,6207.0,42.0,2702.0,2555.0,31.0,,17.0,1.0,1.0,0.0,,2702.0,16.0,116.0,-6100.0,107.0,107.0,,,
9729032303,2022,moscow city,46.46,11125.0,352.0,410.0,-2023.0,2335.0,,6.0,1.0,1.0,0.0,96.0,314.0,15.0,28.0,-11266.0,-141.0,363.0,,,
3309011821,2022,vladimir,68.32.10,,,430.0,,,,13.0,1.0,1.0,0.0,,430.0,430.0,,,,,,,
7447190072,2022,chelyabinsk,79.11,31.0,3.0,382.0,382.0,0.0,,11.0,1.0,1.0,0.0,,382.0,0.0,,-24.0,7.0,3.0,,,
2724162507,2022,khabarovsk,46.73.30,1865.0,16.0,692.0,37.0,655.0,,10.0,1.0,1.0,0.0,,692.0,199.0,,-1380.0,52.0,36.0,,,
9701186624,2022,moscow city,81.22,,,,,,,1.0,1.0,0.0,0.0,,,,,,,,,,
7451461670,2022,chelyabinsk,46.74,2345.0,57.0,8798.0,57.0,8741.0,,0.0,0.0,1.0,0.0,,8798.0,964.0,,-1875.0,72.0,71.0,,,
2309179766,2022,krasnodar,69.10,,,10.0,10.0,,,0.0,1.0,1.0,0.0,,10.0,,,,,,,,
7839016036,2022,sankt-petersburg,46.90,7491.0,511.0,10216.0,6571.0,3645.0,,18.0,1.0,1.0,0.0,1007.0,9209.0,2286.0,,-6890.0,601.0,601.0,,,
5007117624,2022,moscow reg.,62.01,,0.0,0.0,,,,0.0,0.0,0.0,0.0,,,,,,,,,,
7743299376,2022,moscow city,46.69.50,13797.0,98.0,883.0,150.0,733.0,,3.0,1.0,1.0,0.0,,883.0,287.0,,-13534.0,263.0,123.0,,,
6316276768,2022,samara,56.10,941.0,500.0,564.0,499.0,65.0,,0.0,1.0,1.0,0.0,,564.0,311.0,,-394.0,547.0,528.0,,,
3906172050,2022,kaliningrad,43.99,154298.0,32320.0,354417.0,290496.0,63921.0,,15.0,1.0,1.0,0.0,3195.0,351222.0,1633.0,,-97875.0,41585.0,35023.0,,,
3528217800,2022,vologda,63.11.10,65295.0,10448.0,45893.0,31179.0,14714.0,,8.0,1.0,1.0,0.0,9140.0,36753.0,1858.0,0.0,-881.0,12548.0,11060.0,,,
7722356947,2022,moscow city,73.20,,,,,,,6.0,1.0,0.0,0.0,,,,,,,,,,
5029247497,2022,moscow reg.,47.11,,,,,,,3.0,1.0,0.0,0.0,,,,,,,,,,
7707423613,2022,moscow city,41.20,,,0.0,0.0,,,4.0,1.0,1.0,0.0,0.0,0.0,0.0,,,,,,,
7736234603,2022,moscow city,46.73.40,3560.0,3347.0,8893.0,6387.0,2506.0,,19.0,1.0,1.0,0.0,,8893.0,1263.0,,0.0,3560.0,3560.0,,,
3444099702,2022,volgograd,94.12,,,2463.0,2446.0,17.0,,20.0,1.0,1.0,0.0,,2463.0,765.0,,,,,,,
5029191999,2022,moscow reg.,49.31,89056.0,-1694.0,35240.0,1333.0,12529.0,,8.0,1.0,1.0,0.0,17778.0,17462.0,5862.0,122.0,-89562.0,-506.0,-593.0,,,
7735524130,2022,moscow city,23.40,,,13.0,13.0,,,16.0,1.0,1.0,0.0,,13.0,,,,,,,,
3702188790,2022,ivanovo,46.41,92314.0,544.0,20294.0,1773.0,18521.0,,5.0,1.0,1.0,0.0,368.0,19926.0,273.0,,-89220.0,972.0,706.0,,,
6732217404,2022,smolensk,62.01,,,,,,,1.0,1.0,0.0,0.0,,,,,,,,,,
8604057678,2022,khanty-mansijsk,13.92,,,0.0,0.0,,,8.0,1.0,1.0,0.0,,,,,,,,,,
9102263615,2022,crimea,68.32.10,45.0,4.0,3516.0,,3516.0,,2.0,1.0,1.0,0.0,,3516.0,1656.0,,-40.0,5.0,5.0,,,
2330038180,2022,krasnodar,93.10,,,0.0,,,,13.0,1.0,1.0,0.0,,,,,,,,,,
3706026574,2022,ivanovo,47.54,91185.0,5868.0,26643.0,19993.0,6650.0,,3.0,1.0,1.0,0.0,,26643.0,1388.0,0.0,-84001.0,7184.0,6955.0,,,
7204174061,2022,tyumen,63.91,,,,,,,11.0,1.0,0.0,0.0,,,,,,,,,,
6730077254,2022,smolensk,68.31,,,0.0,,,,14.0,1.0,0.0,0.0,,,,,,,,,,
3528306105,2022,vologda,93.29,,,530.0,,530.0,,3.0,1.0,1.0,0.0,0.0,530.0,9.0,0.0,,,,,,
2225215312,2022,altai terr.,69.10,,,10.0,10.0,,0.0,2.0,1.0,1.0,0.0,0.0,10.0,10.0,,,,,,,0.0
7730279894,2022,moscow city,21.20.20,2856.0,-679.0,3075.0,321.0,2754.0,,0.0,1.0,1.0,0.0,206.0,2869.0,22.0,,-2678.0,-602.0,-676.0,,,0.0
4222010913,2022,kemerovo,68.32.10,,,0.0,0.0,,,15.0,1.0,1.0,0.0,,,,,,,,,,
2301036117,2022,krasnodar,69.20,2777.0,-117.0,657.0,406.0,251.0,,24.0,1.0,1.0,0.0,0.0,657.0,77.0,,,-14.0,-30.0,,,
3651009866,2022,voronezh,23.20,874520.0,56037.0,356729.0,129672.0,176085.0,,3.0,1.0,1.0,0.0,36757.0,319972.0,56.0,45820.0,-789142.0,85378.0,68295.0,,,
2377003954,2022,krasnodar,56.30,,,,,,,0.0,1.0,0.0,0.0,,,,,,,,,,
7728842767,2022,moscow city,46.40,,,5375.0,253.0,5122.0,,9.0,1.0,1.0,0.0,,5375.0,1436.0,,,,,,,
1007014815,2022,karelia,68.32.10,,,0.0,,,,16.0,1.0,1.0,0.0,,,,,,,,,,0.0
1684006151,2022,tatarstan,41.20,,,0.0,,,,0.0,1.0,1.0,0.0,,,,,,,,,,
0268093760,2022,bashkortostan,31.09,4413.0,22.0,6517.0,16.0,2577.0,,1.0,1.0,1.0,0.0,282.0,6235.0,1358.0,3924.0,-4383.0,30.0,29.0,,,
1901124099,2022,khakasia,46.69.20,0.0,0.0,0.0,0.0,0.0,,7.0,1.0,1.0,0.0,,0.0,0.0,,0.0,,0.0,,,
6230086324,2022,ryazan,81.22,,,,,,,8.0,1.0,0.0,0.0,,,,,,,,,,
7721189348,2022,moscow city,69.10,5610.0,2461.0,36788.0,35932.0,854.0,,23.0,1.0,1.0,0.0,35516.0,1272.0,201.0,2.0,-3397.0,2213.0,2683.0,,,
7136025157,2022,tula,41.20,,,10.0,10.0,,,7.0,1.0,1.0,0.0,,10.0,10.0,,,,,,,
7725389450,2022,moscow city,64.20,,-472326.0,3395735.0,-1156307.0,980868.0,-37866.0,5.0,1.0,1.0,0.0,3234746.0,160989.0,2298.0,3401265.0,,-31101.0,-199239.0,38848.0,0.0,982.0
5402011940,2022,novosibirsk,68.32,,,,,,,7.0,1.0,0.0,0.0,,,,,,,,,,
3801088690,2022,irkutsk,16.23,,,,,,,15.0,1.0,0.0,0.0,,,,,,,,,,
3811468780,2022,irkutsk,10.72,30531.0,83.0,9336.0,172.0,2371.0,,2.0,1.0,1.0,0.0,3121.0,6215.0,660.0,6793.0,-30191.0,340.0,105.0,,,
4028035113,2022,kaluga,41.20,,-36.0,450.0,-3264.0,3524.0,,17.0,1.0,1.0,0.0,110.0,340.0,93.0,190.0,-36.0,-36.0,-36.0,,,
5914026466,2022,perm,43.12,,-382.0,853.0,-1552.0,2405.0,,11.0,1.0,1.0,0.0,0.0,853.0,,,,,-382.0,,,
9704083553,2022,moscow city,64.99.10,,,,,,,1.0,1.0,0.0,0.0,,,,,,,,,,
1650215622,2022,tatarstan,23.61,,,,,,,12.0,1.0,0.0,0.0,,,,,,,,,,
7839091072,2022,sankt-petersburg,46.90,3243.0,-775.0,13641.0,3266.0,9974.0,,5.0,1.0,1.0,0.0,529.0,13111.0,3.0,,-2397.0,846.0,-646.0,,,
2612010104,2022,stavropol,45.20,40595.0,4850.0,22235.0,21711.0,524.0,2440.0,26.0,1.0,1.0,0.0,7615.0,14620.0,8798.0,,-32033.0,2621.0,5432.0,-3648.0,10000.0,8792.0
9103001323,2022,crimea,68.31,,,,,,,8.0,1.0,0.0,0.0,,,,,,,,,,
6670346936,2022,sverdlovsk,43.20,3162.0,60.0,896.0,656.0,95.0,,11.0,1.0,1.0,0.0,,896.0,741.0,145.0,-2911.0,90.0,75.0,,,
3664237958,2022,voronezh,43.21,10529.0,8518.0,20454.0,20430.0,24.0,,4.0,1.0,1.0,0.0,,20454.0,2226.0,,-1506.0,9023.0,8972.0,,,
2211005266,2022,altai terr.,86.23,1800.0,89.0,419.0,414.0,5.0,,12.0,1.0,1.0,0.0,0.0,419.0,419.0,0.0,-1635.0,165.0,143.0,,,
2901296318,2022,arkhangelsk,47.74,9471.0,68.0,235.0,,134.0,,3.0,1.0,1.0,0.0,,235.0,68.0,,-9309.0,162.0,162.0,,,
5024038242,2022,moscow reg.,43.29,12139.0,91.0,11890.0,11467.0,423.0,777.0,23.0,1.0,1.0,0.0,8376.0,3514.0,1273.0,,-9795.0,-390.0,216.0,591.0,-500.0,868.0
3702265356,2022,ivanovo,69.10,75.0,5.0,20.0,20.0,,,1.0,1.0,0.0,0.0,,20.0,20.0,,,5.0,5.0,,,
4804011867,2022,lipetzk,14.19,0.0,0.0,3593.0,1773.0,320.0,,10.0,1.0,1.0,0.0,3400.0,193.0,146.0,1500.0,0.0,0.0,0.0,,,
5020074578,2022,moscow reg.,52.29,,,,,,,9.0,1.0,0.0,0.0,,,,,,,,,,
5249033719,2022,nizhni novgorod,01.25.10,,,,,,,20.0,1.0,0.0,0.0,,,,,,,,,,
7707137098,2022,moscow city,94.12,,,1.0,,,,25.0,1.0,1.0,0.0,,1.0,0.0,,,,,,,
7443008805,2022,chelyabinsk,80.10,19688.0,471.0,3436.0,3068.0,368.0,530.0,11.0,1.0,1.0,0.0,,3436.0,327.0,0.0,-179.0,1428.0,1306.0,,-312.0,218.0
4025442840,2022,kaluga,41.20,,,,,,,7.0,1.0,0.0,0.0,,,,,,,,,,
7727353393,2022,moscow city,41.20,,,,,,,4.0,1.0,0.0,0.0,,,,,,,,,,
0259016223,2022,bashkortostan,46.90,,,,,,,2.0,1.0,0.0,0.0,,,,,,,,,,
7713161444,2022,moscow city,68.20,3012.0,111.0,12097.0,4017.0,8080.0,,25.0,1.0,1.0,0.0,3398.0,8699.0,77.0,,-2786.0,226.0,194.0,,,
5609191745,2022,orenburg,63.91,1174.0,-97.0,31.0,-324.0,311.0,,3.0,1.0,1.0,0.0,,31.0,7.0,44.0,-919.0,255.0,-62.0,,,
6166115046,2022,rostov,43.21,,,10.0,10.0,,,3.0,1.0,1.0,0.0,,10.0,0.0,,,,,,,
7703545018,2022,moscow city,26.40.40,5629.0,10312.0,95069.0,11457.0,83612.0,,17.0,1.0,1.0,0.0,1497.0,93572.0,230.0,,-6896.0,-1267.0,10324.0,,,
5434109867,2022,novosibirsk,47.73,,,10.0,10.0,,,16.0,1.0,1.0,0.0,,10.0,,,,,,,,
7017109560,2022,tomsk,66.19.60,,,,,,,17.0,1.0,0.0,0.0,,,,,,,,,,
6452075605,2022,saratov,35.30.40,2024.0,-805.0,1264.0,-1115.0,2379.0,,21.0,1.0,1.0,0.0,29.0,1235.0,17.0,,-2692.0,-668.0,-782.0,,,
7721590253,2022,moscow city,23.70,38897.0,9610.0,30087.0,12843.0,17245.0,,15.0,1.0,1.0,0.0,334.0,29753.0,2126.0,,-26564.0,12333.0,11944.0,,,
2014258878,2022,chechnya,41.20,,,92.0,92.0,0.0,,14.0,1.0,1.0,0.0,,92.0,0.0,,,,,,,0.0
4632040132,2022,kursk,68.20.20,21097.0,18806.0,59132.0,58888.0,244.0,,18.0,1.0,1.0,0.0,5395.0,53737.0,867.0,,-6008.0,15089.0,19128.0,,,
5050119152,2022,moscow reg.,71.10,,,,,,,7.0,1.0,0.0,0.0,,,,,,,,,,
3813002338,2022,irkutsk,47.11,,,0.0,0.0,,,16.0,1.0,1.0,0.0,,,,,,,,,,
1644072197,2022,tatarstan,49.41.10,36769.0,3416.0,63603.0,13012.0,29885.0,,8.0,1.0,1.0,0.0,45102.0,18501.0,4313.0,2485.0,-34103.0,2666.0,4269.0,,,
6102073337,2022,rostov,11.05,,,,,,,2.0,1.0,0.0,0.0,,,,,,,,,,
5921025103,2022,perm,68.32.10,26.0,26.0,3223.0,,0.0,,13.0,1.0,1.0,0.0,0.0,3223.0,2798.0,0.0,0.0,26.0,26.0,,,
5190073275,2022,murmansk,68.20,0.0,-2648.0,7405.0,6094.0,1311.0,,5.0,1.0,1.0,0.0,2344.0,5061.0,264.0,,-430.0,-430.0,-2648.0,,,
6013003000,2022,pskov,68.32.10,,,0.0,0.0,,0.0,27.0,1.0,1.0,0.0,,0.0,,,,,,,,0.0
7707477111,2022,moscow city,46.90,871.0,-10.0,0.0,0.0,,,0.0,0.0,1.0,0.0,,,,,-881.0,-10.0,-10.0,,,
5407227325,2022,novosibirsk,,,,,,,,21.0,1.0,0.0,0.0,,,,,,,,,,
5903038879,2022,perm,64.91,,,,,,,20.0,1.0,0.0,0.0,,,,,,,,,,
6674138990,2022,sverdlovsk,23.64,,-86.0,569.0,-8.0,293.0,,18.0,1.0,1.0,0.0,265.0,304.0,0.0,284.0,-42.0,-42.0,-43.0,,,
7017450900,2022,tomsk,68.32,,,0.0,,,,4.0,1.0,1.0,0.0,0.0,,,,,,,,,
3819009058,2022,moscow reg.,46.39,,,,,,,22.0,1.0,0.0,0.0,,,,,,,,,,
2634063607,2022,stavropol,46.21.12,650227.0,102383.0,296373.0,270599.0,25774.0,160326.0,18.0,1.0,1.0,0.0,10258.0,286115.0,156684.0,,-374137.0,172228.0,128089.0,,-7122.0,153204.0
2604000399,2022,stavropol,01.11.10,345454.0,156026.0,1757662.0,1390992.0,152742.0,43122.0,25.0,1.0,1.0,0.0,809306.0,948356.0,35384.0,162008.0,-341594.0,-13455.0,161826.0,-173719.0,142871.0,12274.0
6925010501,2022,tver,70.10.10,,,35.0,30.0,,,7.0,1.0,1.0,0.0,,35.0,20.0,5.0,,,,,,
0245968423,2022,bashkortostan,46.71,1605.0,3.0,64.0,3.0,61.0,,0.0,1.0,1.0,0.0,,64.0,2.0,,-1593.0,12.0,3.0,,,
1108014561,2022,komi,68.20,10764.0,-4543.0,47995.0,42712.0,5283.0,,18.0,1.0,1.0,0.0,30321.0,17674.0,949.0,0.0,-2795.0,-3190.0,-4399.0,,,
5050106971,2022,moscow reg.,68.31.50,530.0,127.0,312.0,230.0,82.0,,9.0,1.0,1.0,0.0,,312.0,40.0,,-387.0,143.0,129.0,,,
5261130691,2022,nizhni novgorod,41.20,,,0.0,,,,1.0,1.0,1.0,0.0,,,,,,,,,,
7814477170,2022,sankt-petersburg,28.25,,,239.0,212.0,27.0,,12.0,1.0,1.0,0.0,,239.0,37.0,,,,,,,
2540172093,2022,primorsky terr.,43.12,2986.0,114.0,50288.0,3706.0,2425.0,,11.0,1.0,1.0,0.0,0.0,50288.0,4.0,44157.0,,144.0,144.0,,,
2465145595,2022,krasnoyarsk,71.20.80,3349.0,3347.0,14737.0,2779.0,11958.0,,6.0,1.0,1.0,0.0,0.0,14737.0,1.0,0.0,0.0,3349.0,3347.0,,,
7453264766,2022,chelyabinsk,96.02,,,,,,,8.0,1.0,0.0,0.0,,,,,,,,,,
3306005957,2022,vladimir,71.20.80,,,,,,,23.0,1.0,0.0,0.0,,,,,,,,,,
7841402328,2022,sankt-petersburg,46.90,917.0,0.0,1733.0,-79.0,1812.0,,13.0,1.0,1.0,0.0,,1733.0,243.0,,-889.0,28.0,0.0,,,
4101180371,2022,kamchatka,03.12.40,,,0.0,0.0,,,5.0,1.0,1.0,0.0,,,,,,,,,,
7723823538,2022,moscow city,26.51,831453.0,471010.0,608832.0,430524.0,175535.0,488248.0,11.0,1.0,1.0,0.0,10512.0,598320.0,397885.0,,-121837.0,607194.0,592173.0,-1487.0,-95706.0,391055.0
0722004999,2022,kabardino-balkaria,46.21,,,,,,,3.0,1.0,0.0,0.0,,,,,,,,,,
4217197046,2022,kemerovo,46.90,,,,,,,3.0,1.0,0.0,0.0,,,,,,,,,,
7802439476,2022,sankt-petersburg,68.10.22,8485.0,-1218.0,89117.0,30604.0,58513.0,,14.0,1.0,1.0,0.0,20704.0,68413.0,2283.0,,0.0,-928.0,-970.0,,,
3015105435,2022,astrakhan,41.20,,,,,,,7.0,1.0,0.0,0.0,,,,,,,,,,
3627018468,2022,voronezh,68.32.10,0.0,0.0,0.0,0.0,,,20.0,1.0,1.0,0.0,,,,,0.0,,,,,
3664120533,2022,voronezh,71.20.50,5514.0,92.0,8126.0,1829.0,639.0,,10.0,1.0,1.0,0.0,5784.0,2342.0,1034.0,5658.0,-5275.0,239.0,92.0,,,
7718760201,2022,moscow city,41.20,,,,,,,13.0,1.0,0.0,0.0,,,,,,,,,,
3528311017,2022,vologda,41.20,59003.0,134.0,10468.0,265.0,10203.0,,2.0,1.0,1.0,0.0,,10469.0,689.0,,-58698.0,305.0,167.0,,,
2503037040,2022,primorsky terr.,07.29.41,,-213.0,3811.0,-452.0,833.0,,3.0,1.0,1.0,0.0,1951.0,1860.0,267.0,3430.0,,-213.0,-213.0,,,0.0
6811006597,2022,tambov,36,,,,,,,10.0,1.0,0.0,0.0,,,,,,,,,,
9731094681,2022,moscow city,47.11,76962.0,1427.0,10027.0,1527.0,8500.0,,0.0,1.0,1.0,0.0,,10028.0,530.0,,-71021.0,5941.0,5932.0,,,
5257000675,2022,nizhni novgorod,52.29,28214.0,515.0,111165.0,1759.0,109400.0,,32.0,1.0,1.0,0.0,2125.0,109040.0,1987.0,,-18044.0,1710.0,794.0,,,
7720870882,2022,moscow city,46.49,,,10.0,10.0,,,0.0,1.0,1.0,0.0,,10.0,,,,,,,,
3429030382,2022,volgograd,36.00.20,,,0.0,,,,17.0,1.0,0.0,0.0,,,,,,,,,,
7734739912,2022,moscow city,46.46,18952.0,-982.0,16156.0,-22270.0,33034.0,-524.0,8.0,1.0,1.0,0.0,4951.0,11205.0,9.0,4970.0,-11814.0,1985.0,-918.0,,,-524.0
9721106810,2022,moscow city,46.73.60,,,,,,,2.0,1.0,0.0,0.0,,,,,,,,,,
9710102878,2022,moscow city,47.21,,,,,,,0.0,1.0,0.0,0.0,,,,,,,,,,
6234185816,2022,ryazan,41.20,,-10.0,2622.0,10.0,1512.0,,3.0,1.0,1.0,0.0,,2622.0,86.0,1100.0,,,-10.0,,,
7723474252,2022,moscow city,81.21,10503.0,3490.0,7334.0,4858.0,2476.0,,6.0,1.0,1.0,0.0,,7334.0,3925.0,,-6302.0,4201.0,4120.0,,,
2372029042,2022,krasnodar,68.32.10,0.0,0.0,0.0,,,,1.0,1.0,1.0,0.0,0.0,0.0,0.0,,0.0,,0.0,,,
7729650120,2022,moscow city,33.12,37390.0,3581.0,35313.0,14253.0,20257.0,,12.0,1.0,1.0,0.0,573.0,34740.0,3096.0,,-26467.0,5100.0,4510.0,,,
6229045820,2022,ryazan,25.10,2662.0,168.0,871.0,559.0,208.0,,10.0,1.0,1.0,0.0,,871.0,2.0,104.0,-2494.0,168.0,168.0,,,
7724422810,2022,moscow city,46.73.40,246489.0,11394.0,88864.0,52803.0,29209.0,,5.0,1.0,1.0,0.0,5617.0,83247.0,26059.0,,-174391.0,27046.0,14879.0,,,
2703019087,2022,khabarovsk,52.10,,,,,,,30.0,1.0,0.0,0.0,,,,,,,,,,
7718864176,2022,moscow city,45.20,,,,,,,11.0,1.0,0.0,0.0,,,,,,,,,,
7801698301,2022,sankt-petersburg,43.39,,,,,,,1.0,1.0,0.0,0.0,,,,,,,,,,
7713655235,2022,moscow city,62.01,1281.0,1005.0,4081.0,4041.0,40.0,,14.0,1.0,1.0,0.0,,4080.0,2952.0,,-197.0,1084.0,1041.0,,,
5024180376,2022,moscow reg.,46.42.10,9508.0,662.0,4222.0,3452.0,770.0,,5.0,1.0,1.0,0.0,,4222.0,235.0,,-8124.0,1384.0,1232.0,,,
9721152567,2022,moscow city,63.99.10,,-22.0,695.0,-12.0,,,1.0,1.0,1.0,0.0,,695.0,3.0,707.0,-9.0,-9.0,-22.0,,,
8901026930,2022,yamal-nenets ao,85.42,,,,,,,10.0,1.0,0.0,0.0,,,,,,,,,,
0261044563,2022,bashkortostan,45.31,7749.0,563.0,913.0,583.0,330.0,,3.0,1.0,1.0,0.0,20.0,893.0,104.0,,-7186.0,563.0,563.0,,,
7708237458,2022,moscow city,94.12,,-3304.0,574407.0,569358.0,5049.0,223122.0,13.0,1.0,1.0,0.0,388.0,574020.0,541658.0,,,,-3299.0,81.0,0.0,223203.0
1649010959,2022,tatarstan,42.13,408.0,53.0,1738.0,1710.0,28.0,,18.0,1.0,1.0,0.0,993.0,745.0,54.0,,-349.0,59.0,59.0,,,
7702318728,2022,moscow city,68.20,34145.0,23857.0,46047.0,45463.0,584.0,,21.0,1.0,1.0,0.0,43434.0,2613.0,1099.0,,,26480.0,25780.0,,,
1650403270,2022,tatarstan,45.31.10,11566.0,480.0,1806.0,771.0,764.0,,1.0,1.0,1.0,0.0,,1806.0,0.0,271.0,-11033.0,533.0,601.0,,,
7452123145,2022,chelyabinsk,45.31.10,,,,,,,7.0,1.0,0.0,0.0,,,,,,,,,,
7321009061,2022,ulyanovsk,49.41,,,,,,,3.0,1.0,0.0,0.0,,,,,,,,,,
3702665298,2022,ivanovo,46.90,102348.0,424.0,69337.0,5891.0,63446.0,,10.0,1.0,1.0,0.0,4336.0,65002.0,698.0,,-101162.0,1186.0,530.0,,,
7840078774,2022,sankt-petersburg,32.99,3147.0,536.0,1456.0,1344.0,112.0,,4.0,1.0,1.0,0.0,,1456.0,122.0,,-1289.0,623.0,567.0,,,
5826105895,2022,penza,84.11.35,,,0.0,0.0,,,16.0,0.0,1.0,0.0,0.0,0.0,0.0,,,,,,,
7703792715,2022,moscow city,41.20,53370.0,9167.0,89398.0,86012.0,3386.0,,9.0,1.0,1.0,0.0,2550.0,86848.0,15881.0,,-41172.0,12198.0,11809.0,,,
7703363917,2022,moscow city,,,,,,,,20.0,1.0,0.0,0.0,,,,,,,,,,
5406998766,2022,novosibirsk,23.61.10,44146.0,-165.0,31236.0,780.0,28443.0,,3.0,1.0,1.0,0.0,3296.0,27940.0,2.0,,-42689.0,-143.0,-143.0,,,
6164106776,2022,rostov,46.21,,,,,,,6.0,1.0,0.0,0.0,,,,,,,,,,
9723038309,2022,moscow city,10.20,10636.0,-48695.0,150954.0,-150970.0,28485.0,-34174.0,5.0,1.0,1.0,0.0,89138.0,61816.0,48.0,250788.0,-35208.0,-28034.0,-48695.0,-20901.0,53570.0,-1505.0
2801187570,2022,amur,56.30,25172.0,4469.0,17904.0,14444.0,401.0,,9.0,1.0,1.0,0.0,5035.0,12869.0,1681.0,3059.0,-19587.0,5585.0,4595.0,,,
0245956330,2022,bashkortostan,23.63,,,,,,,5.0,1.0,0.0,0.0,,,,,,,,,,
5826003484,2022,penza,73.20,448.0,-121.0,678.0,678.0,,,18.0,1.0,0.0,0.0,,678.0,678.0,,-103.0,345.0,-121.0,,,
2311311965,2022,krasnodar,70.22,,,53.0,53.0,,,2.0,1.0,1.0,0.0,,53.0,53.0,,,,,,,
2105006187,2022,chuvashia,42.11,16756.0,2642.0,82929.0,53301.0,29627.0,,4.0,1.0,1.0,0.0,,82929.0,4209.0,,-14967.0,1789.0,2861.0,,,
6658473825,2022,sverdlovsk,59.11,265.0,154.0,1075.0,1063.0,12.0,,7.0,1.0,1.0,0.0,0.0,1075.0,157.0,,-19.0,223.0,166.0,,,
5027305023,2022,moscow reg.,43.12.30,,,,,,,0.0,1.0,0.0,0.0,,,,,,,,,,
1657112697,2022,tatarstan,73.11,102.0,-479.0,10.0,-10.0,20.0,,11.0,1.0,1.0,0.0,,10.0,0.0,,,-475.0,-477.0,,,
3401006301,2022,volgograd,01.11.10,9933.0,2506.0,21872.0,21576.0,296.0,,20.0,1.0,1.0,0.0,6041.0,15831.0,1858.0,,-7406.0,2527.0,2626.0,,,
5903036617,2022,perm,46.10,0.0,1154.0,17.0,17.0,0.0,,21.0,1.0,1.0,0.0,0.0,17.0,,,0.0,,1154.0,,,
5948061349,2022,perm,47.11,,,,,,,2.0,1.0,0.0,0.0,,,,,,,,,,
5259025026,2022,nizhni novgorod,52.21.24,,,,,,,25.0,1.0,0.0,0.0,,,,,,,,,,
2983014184,2022,nenets ao,28.30,15358.0,2043.0,10513.0,2136.0,8377.0,,1.0,1.0,1.0,0.0,,10513.0,1941.0,,-13544.0,1814.0,2189.0,,,
2801219662,2022,amur,46.90,,,94322.0,4205.0,26655.0,0.0,6.0,1.0,1.0,0.0,0.0,94322.0,11.0,63462.0,,,,0.0,0.0,0.0
7724481291,2022,moscow city,96.02,2079.0,142.0,334.0,77.0,257.0,,3.0,1.0,0.0,0.0,,334.0,14.0,,-1833.0,246.0,205.0,,,
7728190286,2022,moscow city,14.13.22,37184.0,-67516.0,130089.0,25164.0,104925.0,-3782.0,23.0,1.0,1.0,0.0,182.0,129907.0,20816.0,0.0,-34068.0,-9.0,-67176.0,16200.0,2913.0,15331.0
2222893782,2022,altai terr.,49.41,1435.0,93.0,1170.0,150.0,1018.0,,1.0,1.0,1.0,0.0,,1170.0,795.0,2.0,-1312.0,123.0,117.0,,,
5040180729,2022,moscow reg.,43.21,1993.0,151.0,871.0,160.0,711.0,,0.0,1.0,1.0,0.0,,870.0,9.0,,-1802.0,191.0,189.0,,,
7118023012,2022,tula,94.99,,,,,,,4.0,1.0,0.0,0.0,,,,,,,,,,
5407041289,2022,novosibirsk,64.99,,,1.0,,,,15.0,1.0,1.0,0.0,,1.0,1.0,,,,,,,
4202036261,2022,kemerovo,52.10,106.0,98.0,3160.0,3158.0,2.0,,13.0,1.0,1.0,0.0,3040.0,120.0,1.0,,,106.0,104.0,,,
4401098872,2022,kostroma,68.31.20,,,,,,,13.0,1.0,0.0,0.0,,,,,,,,,,
0722422001,2022,kabardino-balkaria,94.99,,,0.0,,,,10.0,1.0,1.0,0.0,,,,,,,,,,
8605029835,2022,khanty-mansijsk,94.99,,,,,,,5.0,1.0,0.0,0.0,,,,,,,,,,
7813321204,2022,sankt-petersburg,68.32.10,429.0,-1.0,49.0,8.0,41.0,,17.0,1.0,1.0,0.0,,49.0,15.0,,,69.0,3.0,,,
9725030520,2022,moscow city,77.40,600.0,143.0,220.0,170.0,50.0,,2.0,1.0,1.0,0.0,120.0,100.0,93.0,0.0,-413.0,187.0,178.0,,,
7413025183,2022,chelyabinsk,46.34,802313.0,1699.0,314592.0,13535.0,300327.0,342.0,4.0,1.0,1.0,0.0,17362.0,297230.0,866.0,729.0,-739886.0,1946.0,1750.0,-90.0,-1757.0,-1505.0
7801663563,2022,sankt-petersburg,86.10,174489.0,10797.0,22083.0,14156.0,7927.0,,3.0,1.0,1.0,0.0,9858.0,12225.0,1047.0,0.0,-35371.0,15525.0,12511.0,,,
7703410821,2022,moscow city,86.23,39647.0,10650.0,84161.0,45526.0,4687.0,,6.0,1.0,1.0,0.0,70337.0,13823.0,1816.0,33948.0,-27344.0,12303.0,11839.0,,,
7728074931,2022,moscow city,94.20,,,334.0,,334.0,,23.0,1.0,1.0,0.0,,334.0,170.0,,,,,,,
7816481340,2022,sankt-petersburg,23.11,100822.0,19158.0,62727.0,32539.0,30188.0,,12.0,1.0,1.0,0.0,38936.0,23791.0,7671.0,,-74861.0,25961.0,23947.0,,,
2006006683,2022,chechnya,47.11,,,,,,,4.0,1.0,0.0,0.0,,,,,,,,,,
5405052430,2022,novosibirsk,68.32,329168.0,39.0,348071.0,209.0,347862.0,,2.0,1.0,1.0,0.0,,348071.0,7159.0,,-328404.0,764.0,171.0,,,
5607014807,2022,orenburg,52.21.24,,,0.0,,,,27.0,1.0,1.0,0.0,,,,,,,,,,
1615013045,2022,tatarstan,62.01,8704.0,4957.0,12527.0,4815.0,7712.0,,6.0,1.0,1.0,0.0,3974.0,8553.0,6339.0,,-3280.0,5424.0,5130.0,,,
5916017989,2022,perm,68.32.20,,,0.0,,,,16.0,1.0,1.0,0.0,,0.0,,,,,,,,
9718099539,2022,moscow city,69.10,,,,,,,4.0,1.0,0.0,0.0,,,,,,,,,,
0257009140,2022,bashkortostan,68.32,,,,,,,12.0,1.0,0.0,0.0,,,,,,,,,,
0253019595,2022,bashkortostan,68.32.20,,,107.0,,3.0,,5.0,1.0,1.0,0.0,5.0,102.0,92.0,,,,,,,
1435151462,2022,yakutia,62.02,879.0,53.0,1179.0,1179.0,0.0,-21.0,18.0,1.0,1.0,0.0,,1179.0,261.0,,-854.0,25.0,53.0,,,-21.0
7720401672,2022,moscow city,41.20,,,,,,,5.0,1.0,0.0,0.0,,,,,,,,,,
7732031514,2022,moscow city,68.10,0.0,0.0,670.0,-379.0,1049.0,,22.0,1.0,1.0,0.0,92.0,578.0,15.0,,0.0,,0.0,,,
7716796080,2022,moscow city,94.20,400.0,-319.0,3221.0,0.0,3221.0,-610.0,7.0,1.0,1.0,0.0,,3221.0,681.0,,,-223.0,-319.0,,,-610.0
4825138504,2022,lipetzk,49.41,35934.0,51.0,133914.0,186.0,130530.0,,2.0,1.0,1.0,0.0,15513.0,118401.0,-15.0,1731.0,-32845.0,1054.0,645.0,,,0.0
7017476023,2022,tomsk,46.69.80,193150.0,24067.0,60584.0,49962.0,10622.0,-9905.0,2.0,1.0,1.0,0.0,,60584.0,38135.0,,-156145.0,30583.0,30084.0,,0.0,-9905.0
2537094350,2022,primorsky terr.,46.90,20588.0,-142.0,4383.0,1136.0,3247.0,,10.0,1.0,1.0,0.0,0.0,4383.0,8.0,,-20668.0,-80.0,-142.0,,,
3664234259,2022,voronezh,25.11,59038.0,670.0,45787.0,2107.0,42402.0,,4.0,1.0,1.0,0.0,92.0,45695.0,287.0,1253.0,-57914.0,1124.0,897.0,,,
6319235142,2022,samara,49.31.20,391.0,-61.0,1845.0,658.0,290.0,,4.0,1.0,1.0,0.0,,1845.0,49.0,897.0,-439.0,-48.0,-48.0,,,
6234087456,2022,ryazan,46.51,53357.0,194.0,9812.0,1161.0,8651.0,,11.0,1.0,1.0,0.0,,9812.0,8690.0,,-53085.0,272.0,243.0,,,
2310181382,2022,krasnodar,60.10,,,,,,,7.0,1.0,0.0,0.0,,,,,,,,,,
7407010319,2022,chelyabinsk,79.11,361.0,0.0,10.0,10.0,0.0,,13.0,1.0,1.0,0.0,,10.0,10.0,,-361.0,0.0,0.0,,,
5042142398,2022,moscow reg.,47.11,,,,,,,6.0,1.0,0.0,0.0,,,,,,,,,,
0269024350,2022,bashkortostan,47.11.10,8265.0,157.0,1508.0,657.0,851.0,,16.0,1.0,1.0,0.0,0.0,1508.0,0.0,,-7221.0,157.0,157.0,,,
7801291107,2022,sankt-petersburg,71.12.10,31161.0,5596.0,21289.0,11239.0,10050.0,,7.0,1.0,1.0,0.0,277.0,21012.0,1412.0,,-28014.0,3147.0,7541.0,,,
7203216463,2022,tyumen,45.20.10,81209.0,6498.0,17749.0,16299.0,1450.0,,14.0,1.0,1.0,0.0,3072.0,14677.0,1519.0,0.0,-73243.0,7966.0,7299.0,,,
7720854810,2022,moscow city,05.10.11,,,3868.0,2100.0,1768.0,,1.0,1.0,1.0,0.0,,3868.0,0.0,,,,,,,
5017107880,2022,moscow reg.,47.11,,,,,,,7.0,1.0,0.0,0.0,,,,,,,,,,
7728834519,2022,moscow city,81.29.90,,,,,,,9.0,1.0,0.0,0.0,,,,,,,,,,
6686112387,2022,sverdlovsk,25.62,423.0,-290.0,1136.0,1124.0,12.0,,3.0,1.0,1.0,0.0,181.0,955.0,955.0,,-734.0,-311.0,-290.0,,,
6154081924,2022,rostov,68.32,42.0,-34.0,2611.0,2494.0,117.0,,36.0,1.0,1.0,0.0,,2611.0,1542.0,,-40.0,2.0,-33.0,,,
5003152963,2022,moscow reg.,62.01,,,10.0,10.0,,,0.0,1.0,1.0,0.0,,10.0,10.0,,,,,,,
4712024513,2022,leningrad,46.63,230630.0,17545.0,96081.0,77842.0,16731.0,,10.0,1.0,1.0,0.0,13617.0,82464.0,0.0,1508.0,-210300.0,20330.0,21908.0,,,
5007010857,2022,moscow reg.,94.99,0.0,0.0,195.0,187.0,8.0,,25.0,1.0,1.0,0.0,,195.0,195.0,,0.0,0.0,0.0,,,
1840007148,2022,udmurtia,46.69,13367.0,258.0,6771.0,918.0,5853.0,,10.0,1.0,1.0,0.0,,6771.0,1905.0,,-10263.0,360.0,322.0,,,
7728549430,2022,moscow reg.,43.20,26198.0,190.0,1846.0,546.0,1300.0,883.0,17.0,1.0,1.0,0.0,132.0,1714.0,126.0,,-21308.0,283.0,248.0,,,883.0
7802527997,2022,sankt-petersburg,20.42,,,,,,,7.0,1.0,0.0,0.0,,,,,,,,,,
9704032090,2022,moscow city,94.12,3720.0,1203.0,1321.0,1192.0,44.0,120.0,2.0,1.0,1.0,0.0,,1321.0,149.0,85.0,-2445.0,1275.0,1258.0,-57.0,86.0,149.0
7743372940,2022,sverdlovsk,77.21,3986.0,-14616.0,4907.0,-14607.0,19514.0,,0.0,1.0,1.0,0.0,,4907.0,85.0,,-19228.0,-15242.0,-14568.0,,,
2538138169,2022,primorsky terr.,94.99,10676.0,1633.0,29985.0,21235.0,8750.0,,12.0,1.0,1.0,0.0,17321.0,12664.0,5938.0,,-22108.0,-11432.0,1633.0,,,
2540100613,2022,primorsky terr.,52.21.24,,,,,,,40.0,1.0,0.0,0.0,,,,,,,,,,
9727002511,2022,moscow city,14.12,,,,,,,0.0,1.0,0.0,0.0,,,,,,,,,,
5904297890,2022,perm,49.40,,,1554.0,1554.0,0.0,,9.0,1.0,1.0,0.0,,1554.0,2.0,,,,,,,
0701017860,2022,kabardino-balkaria,80.20,86.0,10.0,20.0,20.0,0.0,,1.0,1.0,1.0,0.0,,20.0,10.0,,-76.0,10.0,10.0,,,
3665136247,2022,voronezh,46.31,,,,,,,5.0,1.0,0.0,0.0,,,,,,,,,,
2932000056,2022,arkhangelsk,52.10,,,910.0,489.0,421.0,,0.0,0.0,0.0,0.0,,910.0,163.0,,,,,,,
9701190532,2022,moscow city,46.90,118909.0,1304.0,144785.0,1304.0,143481.0,,1.0,1.0,1.0,0.0,,144785.0,1143.0,,-84173.0,2780.0,1632.0,,,
5405957333,2022,novosibirsk,46.69.40,3572.0,50.0,364.0,246.0,,,7.0,1.0,1.0,0.0,,364.0,59.0,118.0,-3496.0,76.0,63.0,,,
7704455945,2022,moscow city,46.73,,,,,,,4.0,1.0,0.0,0.0,,,,,,,,,,
7536183398,2022,irkutsk,41.20,50592.0,1876.0,24286.0,4297.0,19989.0,,2.0,1.0,1.0,0.0,7319.0,16967.0,2.0,0.0,-48054.0,2538.0,2320.0,,,
2404019392,2022,krasnoyarsk,41.20,,,37955.0,10.0,37945.0,0.0,5.0,1.0,1.0,0.0,347.0,37608.0,0.0,,,,,,,0.0
2224203184,2022,altai terr.,23.61,,,,,,,2.0,1.0,0.0,0.0,,,,,,,,,,
2311323551,2022,krasnodar,43.21,0.0,-19.0,-20.0,-61.0,41.0,,1.0,1.0,1.0,0.0,,-20.0,0.0,,-15.0,-15.0,-19.0,,,
1660170441,2022,tatarstan,47.64,85140.0,10910.0,161574.0,135664.0,25910.0,,10.0,1.0,1.0,0.0,,161574.0,36842.0,,-61409.0,11269.0,12040.0,,,
7814686134,2022,sankt-petersburg,10.39,,-624.0,677085.0,151589.0,284309.0,-286.0,5.0,1.0,1.0,0.0,531731.0,145354.0,8.0,241187.0,,-709.0,-780.0,,278.0,-8.0
9704155455,2022,moscow city,43.29,,,,,,,0.0,1.0,0.0,0.0,,,,,,,,,,
2426005298,2022,krasnoyarsk,03.20,,,,,,,7.0,1.0,0.0,0.0,,,,,,,,,,
5247053283,2022,nizhni novgorod,58.14,11950.0,529.0,3819.0,2440.0,1379.0,,7.0,1.0,1.0,0.0,833.0,2987.0,173.0,,-11298.0,652.0,661.0,,,
9311022483,2022,donetsk,,,,,,,,5.0,1.0,0.0,0.0,,,,,,,,,,
2901257968,2022,arkhangelsk,68.20.20,,,,,,,7.0,1.0,0.0,0.0,,,,,,,,,,
9312004663,2022,donetsk,86.23,,,1278.0,917.0,361.0,,7.0,0.0,0.0,0.0,1107.0,171.0,,,,,,,,
7806559206,2022,sankt-petersburg,27.12,33396.0,1142.0,20912.0,4299.0,9919.0,,3.0,1.0,1.0,0.0,,20912.0,260.0,6694.0,-31742.0,1654.0,1435.0,,,
5406739715,2022,novosibirsk,47.21,,,,,,,9.0,1.0,0.0,0.0,,,,,,,,,,
7704494101,2022,moscow city,85.41,,,,,,,3.0,1.0,0.0,0.0,,,,,,,,,,
9201517525,2022,sevastopol,45.20,,,0.0,,,,6.0,1.0,1.0,0.0,,,,,,,,,,
5911073700,2022,perm,94.99,1593.0,-5.0,2.0,-17.0,19.0,,7.0,1.0,1.0,0.0,,2.0,1.0,,-1367.0,-194.0,13.0,,,
3662254700,2022,voronezh,46.38,,,,,,,5.0,1.0,0.0,0.0,,,,,,,,,,
7717161188,2022,moscow city,70.22,59905.0,-20208.0,22221.0,-100268.0,118610.0,,7.0,1.0,1.0,0.0,3312.0,18909.0,566.0,3879.0,-78628.0,-18723.0,-19361.0,,,
2507228140,2022,primorsky terr.,47.73,154822.0,15335.0,37730.0,34353.0,3377.0,,16.0,1.0,1.0,0.0,58.0,37672.0,21337.0,,-124847.0,16692.0,15335.0,,,
9002005307,2022,zaporizhzhia,,,,,,,,28.0,1.0,0.0,0.0,,,,,,,,,,
1903029203,2022,khakasia,71.20.20,121.0,121.0,31.0,,31.0,,2.0,1.0,1.0,0.0,,31.0,,,,121.0,121.0,,,
7715663986,2022,moscow city,32.50,1617.0,-60.0,468.0,-910.0,0.0,,15.0,1.0,1.0,0.0,,468.0,169.0,1378.0,-1630.0,-13.0,-39.0,,,
5614071450,2022,orenburg,41.20,493414.0,-258695.0,71503.0,-488673.0,377778.0,48829.0,7.0,1.0,1.0,0.0,11552.0,59951.0,0.0,182398.0,-708513.0,-266705.0,-215579.0,0.0,-48833.0,-4.0
7733389359,2022,moscow city,46.73,,,,,,,0.0,1.0,0.0,0.0,,,,,,,,,,
9718180518,2022,moscow city,81.10,,,,,,,1.0,1.0,0.0,0.0,,,,,,,,,,
6168114672,2022,rostov,52.21,,,,,,,1.0,1.0,0.0,0.0,,,,,,,,,,
7604132323,2022,yaroslavl,68.32,,,,,,,14.0,1.0,0.0,0.0,,,,,,,,,,
5045057574,2022,moscow reg.,68.20,43488.0,-3080.0,65482.0,14457.0,18633.0,,7.0,1.0,1.0,0.0,788.0,64695.0,2600.0,32392.0,-43233.0,-769.0,-2415.0,,,
2721183361,2022,khabarovsk,68.20.20,7645.0,-547.0,10744.0,9450.0,1293.0,,11.0,1.0,1.0,0.0,9095.0,1648.0,597.0,,-7297.0,348.0,53.0,,,
3917015363,2022,kaliningrad,77.11,365.0,1.0,490.0,-2659.0,2.0,,20.0,1.0,1.0,0.0,4.0,486.0,2.0,3147.0,-333.0,32.0,13.0,,,
5029188114,2022,moscow reg.,46.49,99706.0,364.0,23820.0,5133.0,13718.0,,8.0,1.0,1.0,0.0,234.0,23586.0,100.0,4969.0,-99629.0,77.0,577.0,,,
0277105155,2022,bashkortostan,46.75,6098.0,136.0,2691.0,1096.0,1595.0,,13.0,1.0,1.0,0.0,0.0,2691.0,16.0,,-4095.0,195.0,170.0,,,
2452047865,2022,krasnoyarsk,88.99,0.0,0.0,0.0,,,,2.0,1.0,1.0,0.0,,0.0,0.0,0.0,,0.0,88.0,,,
4401190275,2022,kostroma,58.13,55.0,-6.0,1.0,-2.0,3.0,,3.0,1.0,1.0,0.0,,1.0,1.0,,-42.0,13.0,-6.0,,,
8603177764,2022,khanty-mansijsk,49.40,657.0,35.0,8434.0,-4808.0,13242.0,,12.0,1.0,1.0,0.0,638.0,7796.0,96.0,,-1680.0,-1023.0,70.0,,,
7603032125,2022,yaroslavl,31.09,,,,,,,16.0,1.0,0.0,0.0,,,,,,,,,,
5404039838,2022,novosibirsk,56.10,,,0.0,0.0,,,6.0,1.0,1.0,0.0,0.0,0.0,0.0,,,,,,,
7709953831,2022,moscow city,46.90,,,,,,,8.0,1.0,0.0,0.0,,,,,,,,,,
9715358249,2022,moscow city,81.21,,,,,,,3.0,1.0,0.0,0.0,,,,,,,,,,
4704103190,2022,leningrad,94.99,,,10.0,10.0,,,4.0,1.0,1.0,0.0,0.0,10.0,10.0,,,,,,,
3444079745,2022,volgograd,94.99,,,2193.0,16.0,2177.0,,23.0,1.0,1.0,0.0,,2193.0,2193.0,,,,,,,
2012007244,2022,chechnya,45.31,,,,,,,5.0,1.0,0.0,0.0,,,,,,,,,,
9721150263,2022,moscow city,73.11,,,,,,,1.0,1.0,0.0,0.0,,,,,,,,,,
7453343979,2022,chelyabinsk,64.20,40.0,-42.0,30.0,-22.0,52.0,,1.0,1.0,1.0,0.0,0.0,30.0,4.0,0.0,-169.0,-129.0,-41.0,,,
2901228325,2022,arkhangelsk,46.30,,-62.0,92.0,-319.0,351.0,,10.0,1.0,1.0,0.0,,92.0,2.0,60.0,,-46.0,-62.0,,,
3906366137,2022,kaliningrad,79.11,338.0,-736.0,2969.0,0.0,2769.0,,4.0,1.0,1.0,0.0,,2969.0,0.0,200.0,-1060.0,-722.0,-733.0,,,
2221250210,2022,altai terr.,74.10,31261.0,-644.0,10981.0,-1887.0,12868.0,,2.0,1.0,1.0,0.0,3134.0,7847.0,2769.0,0.0,-31471.0,-210.0,-262.0,,,
2224157450,2022,altai terr.,95.12,2907.0,86.0,4322.0,934.0,3388.0,,9.0,1.0,1.0,0.0,,4322.0,1.0,,-2723.0,184.0,107.0,,,
7725288639,2022,moscow city,59.11,,,20.0,20.0,,,7.0,1.0,1.0,0.0,0.0,20.0,0.0,,,,,,,
5256002817,2022,nizhni novgorod,41.20,,,10.0,10.0,,,30.0,1.0,1.0,0.0,0.0,10.0,10.0,,,,,,,
4345179236,2022,kirov,23.70.30,,,,,,,15.0,1.0,0.0,0.0,,,,,,,,,,
7719461941,2022,moscow city,47.71,153935.0,21227.0,26488.0,14815.0,6673.0,,6.0,1.0,1.0,0.0,4709.0,21779.0,952.0,5000.0,-121773.0,32162.0,24852.0,,,
3460067994,2022,volgograd,41.20,0.0,0.0,406581.0,-10501.0,24437.0,-82825.0,5.0,1.0,1.0,0.0,189816.0,216765.0,188715.0,392645.0,0.0,0.0,0.0,,271540.0,188715.0
7706431837,2022,moscow city,11.05,31456.0,-710.0,13071.0,-6949.0,3242.0,,7.0,1.0,1.0,0.0,391.0,12681.0,385.0,16779.0,-29755.0,1701.0,500.0,,,
6163091220,2022,rostov,47.73,68.0,-15.0,67.0,-186.0,254.0,,14.0,1.0,1.0,0.0,,67.0,7.0,,-74.0,-6.0,-14.0,,,
5017113273,2022,moscow reg.,73.11,273975.0,4686.0,172228.0,39047.0,133181.0,37772.0,5.0,1.0,1.0,0.0,59.0,172169.0,35307.0,,-267582.0,-1940.0,5880.0,0.0,-3000.0,34772.0
2635809045,2022,stavropol,41.20,,,,,,,11.0,1.0,0.0,0.0,,,,,,,,,,
9718152863,2022,moscow city,46.90,129991.0,3213.0,53104.0,5906.0,26351.0,,2.0,1.0,1.0,0.0,264.0,52840.0,7205.0,20847.0,-125457.0,4534.0,3999.0,,,
7460048580,2022,chelyabinsk,46.90,,,,,,,2.0,1.0,0.0,0.0,,,,,,,,,,
5019027171,2022,moscow reg.,46.31,,-7176.0,3632.0,-6645.0,10277.0,-113.0,7.0,1.0,1.0,0.0,378.0,3254.0,651.0,,,-231.0,-7228.0,,,-113.0
3528103786,2022,vologda,33.14,113.0,0.0,292.0,267.0,25.0,,17.0,1.0,1.0,0.0,,292.0,71.0,,-113.0,0.0,0.0,,,
1650061411,2022,tatarstan,45.40,7178.0,669.0,33343.0,28220.0,5124.0,,22.0,1.0,1.0,0.0,8553.0,24791.0,1469.0,,-6615.0,563.0,1061.0,,,
4345982475,2022,kirov,71.20.50,,0.0,3.0,,5.0,,8.0,1.0,1.0,0.0,,3.0,3.0,,,,0.0,,,
3906382700,2022,kaliningrad,45.31,,,,,,,3.0,1.0,0.0,0.0,,,,,,,,,,
0272900400,2022,bashkortostan,43.31,24233.0,365.0,2733.0,364.0,2368.0,,7.0,1.0,1.0,0.0,,2732.0,865.0,,-23752.0,481.0,456.0,,,
3906366850,2022,kaliningrad,68.10,8095.0,1403.0,10719.0,165.0,5633.0,,4.0,1.0,1.0,0.0,7374.0,3346.0,21.0,4745.0,-6592.0,1503.0,1492.0,,,
7737532120,2022,moscow city,93.10,,,,,,,14.0,1.0,0.0,0.0,,,,,,,,,,
2309171608,2022,krasnodar,49.42,,,,,,,3.0,1.0,0.0,0.0,,,,,,,,,,
2623016838,2022,stavropol,08.11,4745.0,290.0,10894.0,3242.0,7652.0,,19.0,1.0,1.0,0.0,474.0,10420.0,146.0,,-4398.0,347.0,347.0,,,
1644095363,2022,tatarstan,41.20,,,,,,,3.0,1.0,0.0,0.0,,,,,,,,,,
9731032340,2022,moscow city,41.20,,,,,,,3.0,1.0,0.0,0.0,,,,,,,,,,
4345512790,2022,kirov,46.73,3384.0,-427.0,4532.0,111.0,1921.0,,1.0,1.0,1.0,0.0,3862.0,670.0,39.0,2500.0,-3374.0,10.0,-389.0,,,
9306003291,2022,donetsk,,,,,,,,0.0,1.0,0.0,0.0,,,,,,,,,,
2130060526,2022,chuvashia,25.12,799.0,2.0,59.0,12.0,47.0,,13.0,1.0,1.0,0.0,,59.0,1.0,,-773.0,26.0,26.0,,,
2619010840,2022,stavropol,41.20,0.0,0.0,588439.0,-418823.0,1007262.0,0.0,18.0,1.0,1.0,0.0,0.0,588439.0,6702.0,,0.0,0.0,0.0,,,0.0
6684003400,2022,sverdlovsk,46.73.60,11320.0,344.0,10065.0,2389.0,7675.0,,10.0,1.0,1.0,0.0,10.0,10055.0,2.0,,-10846.0,474.0,428.0,,,
4826077565,2022,lipetzk,38.32.30,795.0,-48.0,234.0,-350.0,584.0,,11.0,1.0,1.0,0.0,,234.0,91.0,,-807.0,-12.0,-32.0,,,
7839412738,2022,sankt-petersburg,18.12,25125.0,6.0,10687.0,75.0,10613.0,,13.0,1.0,1.0,0.0,657.0,10031.0,12.0,,-24317.0,808.0,7.0,,,
2446010560,2022,krasnoyarsk,52.29,,,0.0,0.0,,,1.0,1.0,1.0,0.0,,,,,,,,,,
7606072775,2022,yaroslavl,46.10,,,,,,,13.0,1.0,0.0,0.0,,,,,,,,,,
5032230944,2022,moscow city,71.12.40,24733.0,-3324.0,47128.0,20160.0,26119.0,,12.0,1.0,1.0,0.0,79.0,47048.0,17.0,850.0,-25118.0,-385.0,-2312.0,,,
7718816310,2022,moscow city,80.10,0.0,0.0,0.0,0.0,0.0,,12.0,1.0,1.0,0.0,,0.0,0.0,,0.0,0.0,0.0,,,
5032284876,2022,moscow reg.,43.99,,,,,,,8.0,1.0,0.0,0.0,,,,,,,,,,
0245963873,2022,bashkortostan,25.91,,,,,,,2.0,1.0,0.0,0.0,,,,,,,,,,
3664102855,2022,voronezh,68.20.20,,,0.0,,,,12.0,1.0,1.0,0.0,,,,,,,,,,0.0
2464155600,2022,krasnoyarsk,43.22,5.0,1.0,422.0,57.0,365.0,,1.0,1.0,1.0,0.0,,422.0,0.0,,0.0,5.0,1.0,,,
4632291400,2022,kursk,85.42,,,0.0,,,,0.0,1.0,1.0,0.0,,,,,,,,,,
6671195616,2022,moscow city,46.40,,,,,,,16.0,1.0,0.0,0.0,,,,,,,,,,
3016035325,2022,astrakhan,43.99.70,,,10.0,10.0,,,21.0,1.0,1.0,0.0,,10.0,10.0,,,,,,,0.0
7825381857,2022,sankt-petersburg,79.12,728.0,-1513.0,2786.0,2234.0,552.0,,25.0,1.0,1.0,0.0,2411.0,375.0,73.0,,-2237.0,-1509.0,-1509.0,,,
7813593261,2022,sankt-petersburg,68.32,34207.0,-125349.0,28243.0,28058.0,185.0,,8.0,1.0,1.0,0.0,,28243.0,943.0,,-28284.0,5923.0,-124969.0,,,
0273945756,2022,bashkortostan,81.22,460.0,-3.0,449.0,10.0,439.0,,0.0,1.0,1.0,0.0,,448.0,294.0,,-458.0,2.0,-3.0,,,
5214011560,2022,nizhni novgorod,35.13,16716.0,16.0,2911.0,29.0,2882.0,,9.0,1.0,1.0,0.0,,2911.0,1018.0,,-16645.0,71.0,30.0,,,0.0
9718091145,2022,moscow city,63.11,,-36.0,782.0,-1030.0,1812.0,,4.0,1.0,1.0,0.0,122.0,661.0,0.0,,-33.0,-33.0,-36.0,,,
6150099695,2022,rostov,46.69.90,2870.0,119.0,761.0,682.0,79.0,,2.0,1.0,1.0,0.0,,761.0,139.0,,-2714.0,156.0,149.0,,,
1652025017,2022,tatarstan,96.04,0.0,0.0,485.0,-399.0,884.0,,5.0,1.0,1.0,0.0,,485.0,2.0,,0.0,,0.0,,,
2018002161,2022,chechnya,68.32.10,,,,,,,0.0,1.0,0.0,0.0,,,,,,,,,,
9721047499,2022,moscow city,43.29,,,10000.0,10000.0,,,5.0,1.0,1.0,0.0,,10000.0,0.0,,,,,,,
7817325168,2022,sankt-petersburg,14.19.21,,,,,,,10.0,1.0,0.0,0.0,,,,,,,,,,
2366030473,2022,krasnodar,71.12.20,3337.0,133.0,866.0,373.0,493.0,,1.0,1.0,1.0,0.0,195.0,671.0,260.0,0.0,-3034.0,303.0,305.0,,,
7736315595,2022,moscow city,56.10,,,,,,,4.0,1.0,0.0,0.0,,,,,,,,,,
5047181513,2022,moscow reg.,63.11,152791.0,104926.0,83012.0,26463.0,56549.0,,6.0,1.0,1.0,0.0,177.0,82835.0,159.0,,-44843.0,107948.0,110504.0,,,
4401139110,2022,kostroma,95.29,103409.0,22659.0,388451.0,311969.0,76482.0,,10.0,1.0,1.0,0.0,,388451.0,7770.0,,-75614.0,21682.0,26977.0,,,
7445040508,2022,chelyabinsk,68.32.10,,,430.0,0.0,430.0,0.0,22.0,1.0,1.0,0.0,0.0,430.0,30.0,0.0,,,,0.0,0.0,0.0
8602234385,2022,khanty-mansijsk,45.31.10,26344.0,1109.0,94256.0,28642.0,63214.0,,19.0,1.0,1.0,0.0,,94256.0,2021.0,2400.0,-23835.0,2509.0,2057.0,,,
5813004995,2022,penza,01.61,1424.0,0.0,58.0,1.0,57.0,58.0,13.0,1.0,1.0,0.0,,58.0,58.0,,-1424.0,0.0,0.0,,,58.0
7726403517,2022,moscow city,46.90,,,,,,,5.0,1.0,0.0,0.0,,,,,,,,,,
3817035373,2022,irkutsk,52.21.24,,,0.0,,,,13.0,1.0,1.0,0.0,,,,,,,,,,
6345026145,2022,samara,95.22.10,,,,,,,8.0,1.0,0.0,0.0,,,,,,,,,,
5047166561,2022,moscow reg.,41.20,23687.0,81.0,254065.0,1196.0,252869.0,,7.0,1.0,1.0,0.0,,254064.0,3.0,,-23554.0,133.0,101.0,,,
2311086244,2022,krasnodar,80.10,,,,,,,16.0,1.0,0.0,0.0,,,,,,,,,,
9202501341,2022,sevastopol,68.32,,,276.0,,206.0,,32.0,1.0,1.0,0.0,,276.0,276.0,0.0,,,,,,
5243009519,2022,nizhni novgorod,86.10,4191.0,1115.0,0.0,0.0,,,30.0,0.0,1.0,0.0,,0.0,,,-3076.0,1115.0,1115.0,,,0.0
6950188256,2022,tver,81.29.90,41219.0,-2256.0,5819.0,2737.0,1941.0,,8.0,1.0,1.0,0.0,20.0,5798.0,532.0,1140.0,-42458.0,-1239.0,-1810.0,,,
5402042419,2022,novosibirsk,74.90.60,24583.0,8172.0,26304.0,19413.0,6891.0,,4.0,1.0,1.0,0.0,22487.0,3817.0,28.0,,-15321.0,9262.0,9260.0,,,
2222046578,2022,altai terr.,46.90,3626.0,722.0,930.0,733.0,197.0,243.0,18.0,1.0,1.0,0.0,,930.0,572.0,,-2614.0,1012.0,902.0,,,243.0
3616023970,2022,voronezh,11.05,9047.0,11.0,32189.0,111.0,32078.0,,3.0,1.0,1.0,0.0,12408.0,19781.0,89.0,,-1426.0,250.0,12.0,,,
5905044758,2022,nizhni novgorod,43.31,,,,,,,6.0,1.0,0.0,0.0,,,,,,,,,,
3306015592,2022,vladimir,15.20,,,,,,,10.0,1.0,0.0,0.0,,,,,,,,,,
9718184872,2022,moscow city,43.99,,,,,,,0.0,1.0,0.0,0.0,,,,,,,,,,
1513069722,2022,north ossetia,71.12,1000.0,-607.0,757.0,-607.0,94.0,,4.0,1.0,0.0,0.0,,757.0,501.0,1270.0,-1581.0,-581.0,-597.0,,,
5638015695,2022,orenburg,46.17.10,,,0.0,0.0,0.0,,24.0,1.0,1.0,0.0,0.0,0.0,0.0,,,,,,,0.0
0725021946,2022,kabardino-balkaria,61.10,,,0.0,,,,5.0,1.0,1.0,0.0,,,,,,,,,,
9704046985,2022,moscow city,46.73,,,,,,,1.0,1.0,0.0,0.0,,,,,,,,,,
3250064355,2022,bryansk,46.74.20,17213.0,504.0,3690.0,1912.0,1682.0,,16.0,1.0,1.0,0.0,,3689.0,875.0,96.0,-16385.0,828.0,630.0,,,
9710030609,2022,moscow city,46.90,,,10.0,10.0,,,5.0,1.0,1.0,0.0,0.0,10.0,10.0,,,,,,,
7203499941,2022,tyumen,72.19,,,0.0,0.0,,,2.0,1.0,1.0,0.0,,0.0,0.0,,,,,,,0.0
1657058827,2022,tatarstan,49.40,123222.0,204.0,87770.0,3819.0,1686.0,,16.0,1.0,1.0,0.0,79017.0,8753.0,5129.0,82265.0,-122967.0,255.0,255.0,,,0.0
5032316912,2022,moscow reg.,96.02.20,505.0,-108.0,137.0,-99.0,236.0,,2.0,1.0,1.0,0.0,,137.0,7.0,,-564.0,-59.0,-78.0,,,
3812052953,2022,irkutsk,71.12.30,,,,,,,4.0,1.0,0.0,0.0,,,,,,,,,,
5408276879,2022,novosibirsk,69,360.0,9.0,49.0,49.0,0.0,,12.0,1.0,1.0,0.0,,49.0,2.0,,-326.0,34.0,9.0,,,
5905022521,2022,perm,52.21.24,,,0.0,0.0,,,28.0,1.0,1.0,0.0,0.0,0.0,0.0,,,,,,,
2533011000,2022,primorsky terr.,46.90,0.0,0.0,10.0,10.0,,,7.0,1.0,1.0,0.0,10.0,0.0,,,0.0,,,,,
5024159776,2022,moscow reg.,38.10,25630.0,447.0,27921.0,4062.0,23859.0,,7.0,1.0,1.0,0.0,,27922.0,166.0,,-25038.0,592.0,559.0,,,
1660255046,2022,tatarstan,46.75,15721.0,-128.0,2543.0,-17.0,324.0,,7.0,1.0,1.0,0.0,,2543.0,1411.0,2236.0,-15774.0,-53.0,-120.0,,,
9701198517,2022,moscow city,45.20,21170.0,5590.0,123857.0,5590.0,34329.0,-98.0,0.0,1.0,1.0,0.0,89489.0,34369.0,1.0,3411.0,-15544.0,5626.0,5590.0,,100.0,2.0
6672310981,2022,sverdlovsk,94.99,,,0.0,0.0,,,12.0,1.0,1.0,0.0,0.0,0.0,0.0,,,,,,,
7329014539,2022,tatarstan,82.99,,,,,,,8.0,1.0,0.0,0.0,,,,,,,,,,
5260060120,2022,nizhni novgorod,68.32.10,,,1381.0,,281.0,,26.0,1.0,1.0,0.0,,1381.0,852.0,,,,,,,
3662211753,2022,voronezh,46.73,1952.0,18.0,1952.0,314.0,1638.0,,8.0,1.0,1.0,0.0,1952.0,0.0,,,-1902.0,50.0,18.0,,,0.0
7734587441,2022,moscow city,63.91,37938.0,293.0,650.0,293.0,357.0,,14.0,1.0,1.0,0.0,,650.0,114.0,,-37537.0,401.0,401.0,,,
2456017396,2022,krasnoyarsk,56.10.10,114.0,28.0,10.0,10.0,,,0.0,0.0,0.0,0.0,,10.0,,,-86.0,28.0,28.0,,,
0278941829,2022,bashkortostan,43.21,,,,,,,4.0,1.0,0.0,0.0,,,,,,,,,,
7719139477,2022,moscow city,73.11,,,,,,,26.0,1.0,0.0,0.0,,,,,,,,,,
5024010529,2022,moscow reg.,94.20,,,17.0,,2.0,,23.0,1.0,1.0,0.0,,17.0,17.0,,,,,,,
6671456868,2022,sverdlovsk,47.78.30,,,,,,,8.0,1.0,0.0,0.0,,,,,,,,,,
4105043986,2022,kamchatka,68.32.10,29230.0,6592.0,22234.0,4428.0,17806.0,,8.0,1.0,1.0,0.0,,22234.0,261.0,,-22399.0,6831.0,6787.0,,,
7702520109,2022,moscow city,95.11,1146.0,0.0,568.0,568.0,0.0,,18.0,1.0,1.0,0.0,,568.0,2.0,,-1132.0,14.0,0.0,,,
5321193579,2022,novgorod,53.20.30,,,,,,,4.0,1.0,0.0,0.0,,,,,,,,,,
9702001160,2022,moscow city,68.20,12907.0,-97.0,11284.0,-4867.0,16151.0,,3.0,1.0,0.0,0.0,95.0,11189.0,74.0,,-12324.0,583.0,70.0,,,
2502066150,2022,primorsky terr.,52.24,49953.0,8943.0,23669.0,8953.0,13517.0,,1.0,1.0,1.0,0.0,14647.0,9022.0,2746.0,1200.0,-26905.0,9651.0,8943.0,,,
6382061959,2022,samara,13.95,8507.0,2773.0,13629.0,7099.0,6530.0,,11.0,1.0,1.0,0.0,130.0,13499.0,81.0,,-5006.0,3501.0,3334.0,,,
7604388068,2022,yaroslavl,49.42,4513.0,6.0,297.0,56.0,241.0,,0.0,1.0,1.0,0.0,,297.0,37.0,,-4427.0,86.0,8.0,,,
5050120165,2022,moscow reg.,10.13,0.0,0.0,3332.0,-4101.0,7173.0,,7.0,1.0,1.0,0.0,,3332.0,103.0,260.0,0.0,,0.0,,,
7839121993,2022,sankt-petersburg,46.33.30,,,,,,,3.0,1.0,0.0,0.0,,,,,,,,,,
5753072067,2022,oryol,46.38,,,10.0,10.0,,,3.0,1.0,1.0,0.0,,10.0,10.0,,,,,,,
5409006160,2022,novosibirsk,47.21,,,,,,,5.0,1.0,0.0,0.0,,,,,,,,,,
7709471193,2022,moscow city,70.22,,,10.0,10.0,,,11.0,1.0,1.0,0.0,0.0,10.0,10.0,,,,,,,
5914004208,2022,perm,41.20,,,,,,,7.0,1.0,0.0,0.0,,,,,,,,,,
7803064981,2022,sankt-petersburg,47.19,4880.0,-970.0,2165.0,1395.0,770.0,,20.0,1.0,1.0,0.0,,2165.0,104.0,0.0,-3931.0,949.0,-915.0,,,
5837070820,2022,penza,86.23,14872.0,17.0,189.0,64.0,125.0,,5.0,1.0,1.0,0.0,,189.0,10.0,,-12909.0,17.0,17.0,,,
3917047573,2022,kaliningrad,45.31,12541.0,-3086.0,6151.0,5516.0,529.0,,5.0,1.0,1.0,0.0,536.0,5615.0,183.0,,-15713.0,-3172.0,-2574.0,,,
7202239796,2022,tyumen,71.10,,,,,,,10.0,1.0,0.0,0.0,,,,,,,,,,
7810116550,2022,sankt-petersburg,28,,,,,,,25.0,1.0,0.0,0.0,,,,,,,,,,
1659127924,2022,tatarstan,31.09,94122.0,1395.0,28771.0,5737.0,23034.0,,9.0,1.0,1.0,0.0,4825.0,23946.0,8630.0,,-65407.0,2601.0,1744.0,,,
0276118232,2022,bashkortostan,93.29.90,3602.0,763.0,46687.0,46468.0,219.0,,14.0,1.0,1.0,0.0,1824.0,44863.0,175.0,,-3504.0,98.0,800.0,,,
2826004394,2022,amur,56.10,,,,,,,18.0,1.0,0.0,0.0,,,,,,,,,,
3811472458,2022,irkutsk,62.02.90,318.0,-622.0,2364.0,-635.0,2999.0,,1.0,1.0,1.0,0.0,,2364.0,529.0,,-925.0,-607.0,-613.0,,,
0274074004,2022,bashkortostan,68.32.20,,,192.0,-87.0,105.0,,26.0,1.0,1.0,0.0,,192.0,87.0,,,,,,,
5445036191,2022,novosibirsk,72.20,120368.0,7775.0,57782.0,17474.0,40308.0,,8.0,1.0,1.0,0.0,2911.0,54871.0,8564.0,0.0,-97335.0,23033.0,12796.0,,,
5501058530,2022,omsk,33.12,42750.0,2828.0,32458.0,15919.0,16539.0,-625.0,22.0,1.0,1.0,0.0,5707.0,26751.0,3.0,,-39423.0,3327.0,3327.0,1186.0,-561.0,0.0
0266009837,2022,bashkortostan,94.99,,,0.0,0.0,,,23.0,1.0,1.0,0.0,,,,,,,,,,
4205104008,2022,kemerovo,56.10,,-108.0,43.0,-4403.0,4446.0,,16.0,1.0,1.0,0.0,,44.0,4.0,,-82.0,-82.0,-108.0,,,
3664246832,2022,voronezh,43.12,,,,,,,2.0,1.0,0.0,0.0,,,,,,,,,,
5013044460,2022,moscow reg.,68.20.20,186888.0,101305.0,118229.0,99201.0,19028.0,109009.0,20.0,1.0,1.0,0.0,81488.0,36741.0,30498.0,,-7276.0,110340.0,111745.0,,-110000.0,-991.0
6908011897,2022,tver,49.42,142173.0,1554.0,171798.0,10648.0,156904.0,1098.0,13.0,1.0,1.0,0.0,8919.0,162879.0,128.0,0.0,-100949.0,25639.0,2034.0,-1068.0,0.0,30.0
6670454057,2022,sverdlovsk,62.01,,,,,,,5.0,1.0,0.0,0.0,,,,,,,,,,
7806577011,2022,sankt-petersburg,88.99,,,0.0,,0.0,,2.0,1.0,1.0,0.0,,0.0,,,,,,,,
7810788223,2022,sankt-petersburg,73.11,,,,,,,2.0,1.0,0.0,0.0,,,,,,,,,,
9312001550,2022,donetsk,68.20,,0.0,2799.0,2716.0,83.0,,8.0,1.0,0.0,0.0,2785.0,14.0,14.0,,,,,,,
7422049511,2022,chelyabinsk,49.41.10,0.0,-405.0,4703.0,3068.0,1635.0,,10.0,1.0,1.0,0.0,,4703.0,17.0,,-393.0,-393.0,-395.0,,,
4712024601,2022,leningrad,68.32.20,,,10.0,10.0,,,10.0,1.0,1.0,0.0,0.0,10.0,10.0,,,,,,,
5257000749,2022,nizhni novgorod,68.20,5339.0,1247.0,8998.0,4013.0,842.0,,31.0,1.0,1.0,0.0,8109.0,889.0,179.0,4143.0,-3459.0,1880.0,1565.0,,,
4630012355,2022,kursk,52.21.11,35269.0,773.0,128604.0,107939.0,19680.0,21146.0,28.0,1.0,1.0,0.0,9034.0,119570.0,727.0,,-17486.0,435.0,2342.0,2113.0,0.0,23259.0
7814776620,2022,sankt-petersburg,70.22,,0.0,690101.0,-262.0,268363.0,,2.0,1.0,1.0,0.0,,690101.0,5.0,422000.0,,-5.0,0.0,,,
6321459693,2022,samara,46.69.50,281.0,8.0,0.0,-1586.0,1586.0,,3.0,1.0,1.0,0.0,0.0,0.0,0.0,,-271.0,10.0,10.0,,,
1701081024,2022,tuva,94.99,,0.0,0.0,0.0,,,8.0,1.0,1.0,0.0,,0.0,0.0,,,,0.0,,,
7717291035,2022,moscow city,33.12,,,,,,,7.0,1.0,0.0,0.0,,,,,,,,,,
2325023653,2022,krasnodar,86.21,3341.0,216.0,158.0,64.0,94.0,,8.0,1.0,1.0,0.0,,158.0,158.0,,,3341.0,316.0,,,
0245960907,2022,bashkortostan,41.20,,,,,,,3.0,1.0,0.0,0.0,,,,,,,,,,
9729265770,2022,moscow city,46.73,,,0.0,,,,4.0,1.0,0.0,0.0,,,,,,,,,,
6626014681,2022,sverdlovsk,52.29,22083.0,259.0,4779.0,217.0,4562.0,,17.0,1.0,1.0,0.0,,4779.0,898.0,0.0,-21725.0,358.0,324.0,,,
9402006802,2022,luhansk,68.10,,,0.0,0.0,0.0,,7.0,1.0,0.0,0.0,0.0,0.0,,,,,,,,
2724210180,2022,khabarovsk,43.21,,,,,,,6.0,1.0,0.0,0.0,,,,,,,,,,
7203384066,2022,tyumen,94.99,,,0.0,,,,6.0,1.0,1.0,0.0,,,,,,,,,,
7713778710,2022,novosibirsk,19.33,0.0,0.0,141644.0,-109634.0,45045.0,,9.0,1.0,1.0,0.0,38850.0,102794.0,324.0,206233.0,,0.0,0.0,,,
4401138557,2022,kostroma,95.11,50.0,10.0,613.0,96.0,517.0,,10.0,1.0,1.0,0.0,,613.0,30.0,,-34.0,16.0,13.0,,,
5001117480,2022,moscow reg.,68.20,,,,,,,5.0,1.0,0.0,0.0,,,,,,,,,,
3703047738,2022,ivanovo,13.95,1768.0,694.0,6851.0,1331.0,5520.0,,9.0,1.0,1.0,0.0,,6851.0,221.0,,-1624.0,144.0,867.0,,,
2256002441,2022,altai terr.,33.12,2787.0,-108.0,597.0,-907.0,512.0,,28.0,1.0,1.0,0.0,75.0,522.0,0.0,992.0,-2741.0,46.0,1.0,,,
2723089290,2022,khabarovsk,68.20,80687.0,35451.0,84568.0,-2492.0,2952.0,,15.0,1.0,1.0,0.0,65887.0,18681.0,61.0,84108.0,-7511.0,43257.0,36232.0,,,
2632079792,2022,stavropol,86.23,4795.0,1277.0,1845.0,1475.0,370.0,,16.0,1.0,1.0,0.0,346.0,1499.0,68.0,,-3354.0,1441.0,1421.0,,,
6829069816,2022,tambov,62,82.0,143.0,14511.0,13771.0,740.0,,12.0,1.0,1.0,0.0,,14511.0,297.0,,-72.0,10.0,150.0,,,
2630038568,2022,stavropol,47.50,4053.0,0.0,289.0,12.0,277.0,,15.0,1.0,1.0,0.0,0.0,289.0,284.0,0.0,-3789.0,264.0,243.0,,,
7726536235,2022,moscow city,79.10,,,,,,,16.0,1.0,0.0,0.0,,,,,,,,,,
5032316574,2022,moscow reg.,46.62,,,13.0,2.0,3.0,,2.0,1.0,1.0,0.0,,13.0,3.0,8.0,,,,,,
2536244179,2022,chukotka,41.20,69114.0,12383.0,46443.0,41782.0,4661.0,,11.0,1.0,1.0,0.0,3786.0,42657.0,24403.0,,-55110.0,14004.0,13609.0,,,
2723206470,2022,khabarovsk,82.99,,,,,,,3.0,1.0,0.0,0.0,,,,,,,,,,
2311306059,2022,krasnodar,47.11,0.0,-205.0,5637.0,-1097.0,936.0,,2.0,1.0,1.0,0.0,1638.0,3999.0,264.0,5798.0,-205.0,-205.0,-205.0,,,
1809907235,2022,udmurtia,86.23,13188.0,2603.0,2388.0,2083.0,305.0,,15.0,1.0,1.0,0.0,927.0,1461.0,333.0,,-9976.0,3212.0,2883.0,,,
1831182400,2022,udmurtia,49.41,,,,,,,6.0,1.0,0.0,0.0,,,,,,,,,,
1831140168,2022,udmurtia,68.32.10,,,5859.0,5859.0,,,12.0,1.0,1.0,0.0,0.0,5859.0,5684.0,,,,,,,
6215024891,2022,ryazan,31.01,596781.0,12531.0,162420.0,34670.0,114737.0,,12.0,1.0,1.0,0.0,55199.0,107221.0,3292.0,40.0,-482261.0,17447.0,16423.0,,,0.0
9201501966,2022,sevastopol,68.32,,,2724.0,2617.0,107.0,,17.0,1.0,1.0,0.0,,2724.0,43.0,,,,,,,
1660016866,2022,tatarstan,61.10,304.0,-454.0,18.0,18.0,0.0,,29.0,1.0,1.0,0.0,0.0,18.0,15.0,,-603.0,-299.0,-454.0,,,
7826002420,2022,sankt-petersburg,86,3420.0,-194.0,268.0,229.0,38.0,,28.0,1.0,1.0,0.0,,268.0,11.0,1.0,-3522.0,-102.0,-162.0,,,
6164112297,2022,rostov,94.99,1204.0,-72.0,2880.0,219.0,2661.0,,5.0,1.0,1.0,0.0,219.0,2661.0,435.0,,-1231.0,-27.0,-60.0,,,
6318008891,2022,samara,56.30,3271.0,-4.0,121.0,-10.0,131.0,,7.0,1.0,1.0,0.0,,121.0,73.0,,-3120.0,151.0,93.0,,,
0277945757,2022,bashkortostan,78.10,,,,,,,3.0,1.0,0.0,0.0,,,,,,,,,,
5024191522,2022,moscow reg.,46.69.80,,,,,,,4.0,1.0,0.0,0.0,,,,,,,,,,
2308169363,2022,krasnodar,73.11,2409.0,1977.0,2528.0,1728.0,775.0,,12.0,1.0,1.0,0.0,,2529.0,66.0,25.0,-398.0,2011.0,1982.0,,,
7843314268,2022,sankt-petersburg,45.31,44049.0,5862.0,22340.0,22089.0,251.0,,10.0,1.0,1.0,0.0,,22340.0,267.0,,-37094.0,6955.0,6303.0,,,
3460056417,2022,volgograd,46.90,247557.0,46897.0,133371.0,46957.0,75134.0,,7.0,1.0,1.0,0.0,26492.0,106878.0,2082.0,,-188633.0,58924.0,56897.0,,,
2130232060,2022,chuvashia,52.29,458.0,404.0,435.0,414.0,21.0,,0.0,1.0,1.0,0.0,,435.0,1.0,,-20.0,438.0,431.0,,,
5903130786,2022,udmurtia,77.11,70428.0,833.0,23036.0,843.0,173.0,,5.0,1.0,1.0,0.0,22425.0,611.0,223.0,22020.0,-67388.0,3040.0,833.0,,,
5402006555,2022,novosibirsk,46.71,57095.0,2170.0,12278.0,6065.0,6213.0,,7.0,1.0,1.0,0.0,,12278.0,194.0,,-50879.0,6216.0,5348.0,,,
4205395156,2022,kemerovo,68.31,55.0,14.0,20.0,-49.0,69.0,,1.0,1.0,1.0,0.0,,20.0,19.0,,-38.0,17.0,17.0,,,
2361017567,2022,krasnodar,86.21,,,,,,,3.0,1.0,0.0,0.0,,,,,,,,,,
9706002077,2022,moscow city,52.24,,,,,,,3.0,1.0,0.0,0.0,,,,,,,,,,
3111006564,2022,belgorod,46.73,,,,,,,4.0,1.0,0.0,0.0,,,,,,,,,,
5247016972,2022,nizhni novgorod,47.59,35717.0,1552.0,13761.0,13280.0,481.0,,18.0,1.0,1.0,0.0,0.0,13761.0,748.0,,-25559.0,1698.0,1552.0,,,
3301025974,2022,vladimir,56.10,15051.0,-453.0,2286.0,888.0,1398.0,,13.0,1.0,1.0,0.0,,2286.0,572.0,0.0,-15289.0,-238.0,-284.0,,,
5410082609,2022,novosibirsk,52.29,2457.0,15.0,568.0,34.0,534.0,,3.0,1.0,1.0,0.0,,568.0,565.0,,-2424.0,33.0,15.0,,,
1215215135,2022,marij el,82.92,12971.0,979.0,2260.0,1422.0,838.0,,6.0,1.0,1.0,0.0,27.0,2233.0,432.0,,-11712.0,1259.0,1145.0,,,
0105081416,2022,adygeya,80.10,51340.0,1602.0,6602.0,3319.0,3183.0,,3.0,1.0,1.0,0.0,380.0,6222.0,706.0,100.0,-49022.0,2318.0,2106.0,,,
9723043115,2022,moscow city,68.20,,,,,,,4.0,1.0,0.0,0.0,,,,,,,,,,
9715329329,2022,moscow city,41.20,,-34.0,2849.0,-428.0,227.0,,4.0,1.0,1.0,0.0,104.0,2744.0,3.0,3049.0,0.0,0.0,-34.0,,,
5031128828,2022,moscow reg.,46.73,5253.0,34.0,783.0,107.0,676.0,,4.0,1.0,1.0,0.0,0.0,784.0,26.0,,-5113.0,140.0,45.0,,,
6162046472,2022,rostov,47.20,,,,,,,16.0,1.0,0.0,0.0,,,,,,,,,,
5023010533,2022,moscow reg.,94.99,,,,,,,13.0,1.0,0.0,0.0,,,,,,,,,,
2315988067,2022,krasnodar,52.29,,,10.0,10.0,,,6.0,1.0,1.0,0.0,,10.0,,,,,,,,
6950247720,2022,tver,41.20,,,,,,,1.0,1.0,0.0,0.0,,,,,,,,,,
6027163733,2022,pskov,56.10,,,,,,,7.0,1.0,0.0,0.0,,,,,,,,,,
7726464982,2022,moscow city,46.73.60,,,,,,,2.0,1.0,0.0,0.0,,,,,,,,,,
7453276803,2022,chelyabinsk,79.11,8921.0,1511.0,5398.0,5376.0,22.0,,8.0,1.0,1.0,0.0,,5398.0,230.0,,-7321.0,1600.0,1600.0,,,
3702208206,2022,ivanovo,72.19,5859.0,24.0,845.0,679.0,166.0,,4.0,1.0,1.0,0.0,,845.0,208.0,,-5512.0,347.0,89.0,,,
1837012170,2022,udmurtia,46.69.40,45291.0,6487.0,20259.0,18912.0,1347.0,,9.0,1.0,1.0,0.0,,20259.0,1612.0,,-33389.0,8108.0,8108.0,,,
2309097418,2022,krasnodar,08.12,,,,,,,16.0,1.0,0.0,0.0,,,,,,,,,,
2222809452,2022,altai terr.,68.20.20,17813.0,-588.0,107351.0,91459.0,15893.0,,10.0,1.0,1.0,0.0,89025.0,18326.0,103.0,0.0,-14203.0,3610.0,366.0,,,
7453217269,2022,chelyabinsk,62.09,14118.0,1213.0,1652.0,1504.0,148.0,,12.0,1.0,1.0,0.0,,1652.0,1613.0,,-12747.0,1371.0,1361.0,,,
9725093320,2022,moscow city,41.20,,,,,,,0.0,1.0,0.0,0.0,,,,,,,,,,
1500005619,2022,north ossetia,86.90,,,10.0,10.0,,,0.0,1.0,0.0,0.0,,10.0,10.0,,,,,,,
7715228278,2022,moscow city,,,,,,,,22.0,1.0,0.0,0.0,,,,,,,,,,
8602196475,2022,khanty-mansijsk,45.20,15753.0,340.0,4366.0,2243.0,2123.0,1139.0,10.0,1.0,1.0,0.0,0.0,4366.0,2326.0,,-12064.0,535.0,445.0,0.0,,1139.0
5044106740,2022,moscow reg.,38.11,15936.0,2.0,14425.0,12.0,13084.0,,6.0,1.0,1.0,0.0,6821.0,7604.0,62.0,955.0,-10172.0,44.0,44.0,,,
9725085174,2022,moscow city,49.41,,,,,,,0.0,1.0,0.0,0.0,,,,,,,,,,
7734702616,2022,moscow city,49.20,832.0,819.0,44410.0,-1509.0,45919.0,,9.0,1.0,1.0,0.0,0.0,44410.0,0.0,,0.0,832.0,819.0,,,
3719009689,2022,ivanovo,43.30,,-166.0,4252.0,4234.0,18.0,,15.0,1.0,1.0,0.0,4252.0,0.0,,,-166.0,-166.0,-166.0,,,
1840055832,2022,udmurtia,27.90,64244.0,1572.0,25907.0,5872.0,10076.0,,6.0,1.0,1.0,0.0,9972.0,15935.0,0.0,3593.0,-42379.0,2759.0,2087.0,,,
6316270452,2022,samara,41.20,,,,,,,1.0,1.0,0.0,0.0,,,,,,,,,,
2456000836,2022,krasnoyarsk,68.20.20,13641.0,2941.0,36063.0,35714.0,349.0,336.0,25.0,1.0,1.0,0.0,23083.0,12980.0,2925.0,,-10179.0,3462.0,3325.0,,-1700.0,-1364.0
3128066378,2022,belgorod,46.48.20,1000.0,0.0,652.0,10.0,642.0,,14.0,1.0,1.0,0.0,,652.0,,,-1000.0,0.0,0.0,,,
5249168804,2022,nizhni novgorod,41.20,,,,,,,3.0,1.0,0.0,0.0,,,,,,,,,,
5028008104,2022,moscow reg.,01.10,,,0.0,,,,30.0,1.0,1.0,0.0,,,,,,,,,,0.0
1650297209,2022,tatarstan,52.29,,0.0,5112.0,-1572.0,6680.0,,8.0,1.0,1.0,0.0,425.0,4687.0,4.0,0.0,0.0,0.0,0.0,,,
7841305437,2022,sankt-petersburg,16.10,,,,,,,18.0,1.0,0.0,0.0,,,,,,,,,,
5257033342,2022,nizhni novgorod,68.20.20,14271.0,233.0,170501.0,113249.0,56675.0,,26.0,1.0,1.0,0.0,148662.0,21839.0,8397.0,,-14289.0,-18.0,294.0,,,
6318049697,2022,samara,46.69,,,,,,,3.0,1.0,0.0,0.0,,,,,,,,,,
9717048429,2022,moscow city,41.20,,,,,,,6.0,1.0,0.0,0.0,,,,,,,,,,
4703177785,2022,leningrad,68.32,43366.0,4527.0,21120.0,3242.0,17878.0,,2.0,1.0,1.0,0.0,,21120.0,2125.0,0.0,-37753.0,5613.0,4929.0,,,
9110001116,2022,crimea,79.11,9573.0,248.0,7041.0,2464.0,4577.0,,8.0,1.0,1.0,0.0,1.0,7040.0,54.0,,-9274.0,299.0,273.0,,,
4705048344,2022,leningrad,68.32.20,,,,,,,12.0,1.0,0.0,0.0,,,,,,,,,,
5403040943,2022,novosibirsk,43.91,16177.0,205.0,3993.0,2847.0,1146.0,,4.0,1.0,1.0,0.0,2297.0,1696.0,1201.0,,-15786.0,391.0,367.0,,,
5410098373,2022,novosibirsk,46.90,,0.0,0.0,0.0,0.0,,0.0,0.0,0.0,0.0,,0.0,,,,,0.0,,,
4250009275,2022,kemerovo,81.22,36079.0,2084.0,13917.0,10182.0,3735.0,,8.0,1.0,1.0,0.0,4226.0,9691.0,3047.0,,-33387.0,2692.0,2432.0,,,
6167067483,2022,rostov,25.11,1928.0,38.0,2065.0,1908.0,157.0,,19.0,1.0,1.0,0.0,190.0,1875.0,513.0,,-1673.0,71.0,47.0,,,
5503193904,2022,omsk,43.12.10,,,,,,,2.0,1.0,0.0,0.0,,,,,,,,,,
7459007540,2022,chelyabinsk,23.70,59245.0,-1316.0,40928.0,-5283.0,46211.0,,2.0,1.0,1.0,0.0,17503.0,23425.0,48.0,,-33352.0,-1140.0,-1316.0,,,
5903150077,2022,udmurtia,33.12,9866.0,5735.0,6610.0,5761.0,849.0,,1.0,1.0,1.0,0.0,,6610.0,2600.0,,-4514.0,5352.0,5898.0,,,
9706017235,2022,moscow city,71.12,,-2663.0,25069.0,-3378.0,28447.0,,1.0,1.0,1.0,0.0,20291.0,4778.0,43.0,,-47.0,-47.0,-2663.0,,,
7816724917,2022,sankt-petersburg,41.10,,,,,,,1.0,1.0,0.0,0.0,,,,,,,,,,
4003032960,2022,kaluga,69.20,226.0,23.0,543.0,533.0,0.0,,10.0,1.0,1.0,0.0,,543.0,16.0,10.0,-205.0,21.0,30.0,,,
2801232889,2022,amur,45.20,,,,,,,5.0,1.0,0.0,0.0,,,,,,,,,,
6512005242,2022,sakhalin,35.30,2761.0,-142.0,10329.0,-304.0,10618.0,-3230.0,1.0,1.0,1.0,0.0,6790.0,3539.0,326.0,0.0,-4800.0,-3195.0,142.0,,500.0,-2730.0
7722252793,2022,moscow city,46.69.50,,,,,,,21.0,1.0,0.0,0.0,,,,,,,,,,
2700003434,2022,khabarovsk,49.41,,0.0,0.0,,,,0.0,0.0,0.0,0.0,,,,,,,,,,
7736340827,2022,moscow city,46.76.10,30247.0,422.0,30916.0,472.0,30444.0,,0.0,1.0,1.0,0.0,,30916.0,15683.0,,-29730.0,517.0,527.0,,,
3334010300,2022,moscow city,33.14,,,,,,,15.0,1.0,0.0,0.0,,,,,,,,,,
9725106762,2022,moscow city,94.12,,,0.0,,,,0.0,0.0,0.0,0.0,,,,,,,,,,
1841062303,2022,udmurtia,10.91,306901.0,-2874.0,66183.0,21277.0,26327.0,-6154.0,6.0,1.0,1.0,0.0,35289.0,30894.0,6161.0,11738.0,-285647.0,165.0,-2874.0,,-3526.0,-9680.0
7825499545,2022,sankt-petersburg,68.20,,77.0,1862.0,90.0,1772.0,,19.0,1.0,1.0,0.0,,1862.0,5.0,,,-3.0,77.0,,,
0277132568,2022,bashkortostan,46.90,,,,,,,9.0,1.0,0.0,0.0,,,,,,,,,,
7704517863,2022,moscow city,45.20,34535.0,4085.0,8604.0,6485.0,1168.0,,18.0,1.0,1.0,0.0,22.0,8581.0,3550.0,950.0,-28901.0,5634.0,5641.0,,,
7705169880,2022,moscow city,68.20.20,3000.0,464.0,955.0,583.0,372.0,,25.0,1.0,1.0,0.0,196.0,759.0,642.0,,-2425.0,575.0,554.0,,,
5032055435,2022,moscow reg.,49.41.30,52186.0,18169.0,653779.0,106843.0,546838.0,,23.0,1.0,1.0,0.0,7644.0,646135.0,132.0,98.0,-31666.0,20520.0,19447.0,,,
0256016835,2022,bashkortostan,68.32.10,8895.0,-5077.0,2419.0,-26815.0,29234.0,,16.0,1.0,1.0,0.0,73.0,2346.0,376.0,,-13287.0,-4392.0,-4875.0,,,0.0
2367027963,2022,krasnodar,79.12,0.0,0.0,10.0,10.0,,,0.0,0.0,1.0,0.0,,10.0,10.0,,0.0,0.0,0.0,,,
9001008513,2022,zaporizhzhia,,,,,,,,19.0,1.0,0.0,0.0,,,,,,,,,,
3123032880,2022,belgorod,94.99,,,0.0,0.0,,,27.0,1.0,1.0,0.0,,0.0,,,,,,,,
1660367208,2022,tatarstan,43.29,,,,,,,1.0,1.0,0.0,0.0,,,,,,,,,,
7810926787,2022,sankt-petersburg,43.22,,,,,,,1.0,1.0,0.0,0.0,,,,,,,,,,
9724034160,2022,moscow city,46.69,,,,,,,1.0,1.0,0.0,0.0,,,,,,,,,,
3102044130,2022,belgorod,96.02,,,,,,,4.0,1.0,0.0,0.0,,,,,,,,,,
6686042637,2022,sverdlovsk,46.49,77138.0,9453.0,23479.0,15782.0,7697.0,,8.0,1.0,1.0,0.0,0.0,23479.0,701.0,0.0,-64708.0,11842.0,11816.0,,,
9715319793,2022,moscow city,46.74.30,5817.0,-3643.0,6058.0,5792.0,211.0,-662.0,4.0,1.0,1.0,0.0,854.0,5205.0,1358.0,,-69.0,-3888.0,-4404.0,,,-662.0
1660018060,2022,tatarstan,94.20,,,1132.0,,48.0,,23.0,1.0,1.0,0.0,293.0,839.0,151.0,,,,,,,
6670434981,2022,sverdlovsk,95.11,3863.0,243.0,979.0,-43.0,338.0,,6.0,1.0,1.0,0.0,59.0,920.0,18.0,684.0,-97.0,317.0,281.0,,,
5038144184,2022,moscow reg.,41.20,,,,,,,3.0,1.0,0.0,0.0,,,,,,,,,,
9718019452,2022,moscow city,46.45,,,,,,,6.0,1.0,0.0,0.0,,,,,,,,,,
7728463159,2022,moscow city,85.41,,534.0,15005.0,1165.0,8.0,,3.0,1.0,1.0,0.0,,15005.0,1.0,13832.0,-32.0,-32.0,534.0,,,
1643014322,2022,tatarstan,46.51,,,2454.0,1498.0,918.0,,7.0,1.0,1.0,0.0,104.0,2350.0,337.0,,,,,,,
2312096372,2022,krasnodar,46.46,,,,,,,20.0,1.0,0.0,0.0,,,,,,,,,,
6324048797,2022,samara,23.70.30,17856.0,1205.0,2394.0,2247.0,147.0,,8.0,1.0,1.0,0.0,0.0,2394.0,978.0,0.0,-16501.0,1355.0,1430.0,,,
5042153431,2022,moscow reg.,38.11,,,,,,,2.0,1.0,0.0,0.0,,,,,,,,,,
1215223827,2022,marij el,46.66,26128.0,1185.0,5017.0,4819.0,198.0,,4.0,1.0,1.0,0.0,2381.0,2636.0,1019.0,,-24097.0,2031.0,1804.0,,,
7806225309,2022,sankt-petersburg,68.32.20,16144.0,-216.0,5801.0,3182.0,2619.0,,6.0,1.0,1.0,0.0,,5801.0,59.0,,-16047.0,97.0,-22.0,,,
7842113671,2022,sankt-petersburg,38.22,,,0.0,0.0,,,6.0,0.0,1.0,0.0,,,,,,,,,,
7813663945,2022,sankt-petersburg,46.69.80,8663.0,-143.0,2524.0,-133.0,2657.0,,0.0,1.0,1.0,0.0,0.0,2524.0,103.0,0.0,-7619.0,-120.0,-143.0,,,
2623803634,2022,stavropol,23.70.20,0.0,0.0,478.0,-455.0,933.0,,8.0,1.0,1.0,0.0,,478.0,1.0,,0.0,0.0,0.0,,,
4345497221,2022,kirov,46.90,5711.0,434.0,1243.0,725.0,518.0,,3.0,1.0,1.0,0.0,9.0,1234.0,217.0,0.0,-5179.0,532.0,491.0,,,
6732195197,2022,smolensk,69.10,,,,,,,2.0,1.0,0.0,0.0,,,,,,,,,,
2311322903,2022,krasnodar,52.29,79983.0,88.0,16536.0,199.0,16337.0,,1.0,1.0,1.0,0.0,,16536.0,367.0,,-76603.0,3380.0,3192.0,,,
8605018199,2022,khanty-mansijsk,81.29.90,88474.0,31721.0,46723.0,42550.0,4173.0,,17.0,1.0,1.0,0.0,67.0,46656.0,79.0,,-44840.0,32956.0,32296.0,,,
0273913842,2022,bashkortostan,46.71,,,,,,,5.0,1.0,0.0,0.0,,,,,,,,,,
3310007700,2022,vladimir,62.01,2107.0,108.0,1097.0,572.0,525.0,,3.0,1.0,1.0,0.0,,1097.0,5.0,,-1946.0,161.0,136.0,,,
2723110760,2022,khabarovsk,68.32,,,,,,,14.0,1.0,0.0,0.0,,,,,,,,,,
7807227475,2022,sankt-petersburg,77.32,114437.0,46162.0,119382.0,95577.0,9453.0,,3.0,1.0,1.0,0.0,54551.0,64831.0,733.0,,-55501.0,49123.0,49076.0,,,
4205252623,2022,kemerovo,41.20,,,10.0,10.0,,,10.0,1.0,1.0,0.0,,10.0,10.0,,,,,,,
9731010459,2022,moscow city,72.19,3643.0,-176.0,1846.0,1497.0,349.0,,4.0,1.0,1.0,0.0,458.0,1388.0,1314.0,,-3794.0,-151.0,-176.0,,,
7810592213,2022,sankt-petersburg,69.10,418.0,252.0,211.0,211.0,0.0,,12.0,1.0,1.0,0.0,0.0,211.0,18.0,0.0,-505.0,-87.0,252.0,,,
7722846275,2022,moscow city,68.20,,325.0,13302.0,4306.0,8996.0,,8.0,1.0,1.0,0.0,0.0,13302.0,0.0,,,,325.0,0.0,0.0,0.0
3906352134,2022,kaliningrad,64.99,,36281.0,1053142.0,1053142.0,0.0,32841.0,5.0,1.0,1.0,0.0,,1053142.0,82792.0,,,,45351.0,,,32841.0
6226010876,2022,ryazan,88.10,,,,,,,11.0,1.0,0.0,0.0,,,,,,,,,,
4105016608,2022,kamchatka,52.21.24,,,0.0,,,,37.0,1.0,1.0,0.0,,,,,,,,,,
6101932385,2022,rostov,69.10,3228.0,1666.0,1949.0,1944.0,,,8.0,1.0,1.0,0.0,,1949.0,1812.0,5.0,,3228.0,1666.0,,,
7722255138,2022,moscow city,68.10,,,,,,,21.0,1.0,0.0,0.0,,,,,,,,,,
6670014779,2022,sverdlovsk,46.12,551.0,10.0,16428.0,2183.0,14245.0,,20.0,1.0,1.0,0.0,,16428.0,3.0,,-1171.0,-620.0,13.0,,,
6677013647,2022,sverdlovsk,45.31,123197.0,13631.0,28743.0,17776.0,10967.0,,2.0,1.0,1.0,0.0,,28743.0,2082.0,,-104924.0,18273.0,17041.0,,,
5047168865,2022,moscow reg.,25.11,,,,,,,7.0,1.0,0.0,0.0,,,,,,,,,,
0268036280,2022,bashkortostan,46.90,0.0,0.0,20393.0,623.0,19770.0,,18.0,1.0,1.0,0.0,,20393.0,,,0.0,,,,,
5405972451,2022,novosibirsk,56.29,1107.0,112.0,484.0,389.0,95.0,,6.0,1.0,1.0,0.0,,484.0,479.0,0.0,-902.0,205.0,178.0,,,
0269027337,2022,bashkortostan,68.32.10,187309.0,11.0,47995.0,3100.0,44895.0,3591.0,14.0,1.0,1.0,0.0,2487.0,45508.0,4749.0,,-150195.0,896.0,538.0,0.0,0.0,3591.0
5050135789,2022,moscow reg.,93.11,9859.0,223.0,2521.0,1615.0,906.0,,5.0,1.0,1.0,0.0,,2521.0,280.0,,-10109.0,-250.0,504.0,,,
3662267763,2022,voronezh,41.20,,,,,,,4.0,1.0,0.0,0.0,,,,,,,,,,
3525475360,2022,vologda,47.91.20,8156.0,2653.0,2690.0,2664.0,26.0,,1.0,1.0,1.0,0.0,149.0,2541.0,261.0,,-5393.0,2763.0,2737.0,,,
0323411022,2022,buryatia,02.30,,,,,,,3.0,1.0,0.0,0.0,,,,,,,,,,
7820074193,2022,sankt-petersburg,41.20,18689.0,41.0,9155.0,3890.0,2995.0,,2.0,1.0,1.0,0.0,1227.0,7929.0,2.0,2025.0,-14404.0,246.0,53.0,,,
7712000765,2022,moscow city,10.71,,,23466.0,19732.0,3735.0,,29.0,1.0,1.0,0.0,5261.0,18205.0,3854.0,,,,,,,0.0
7802360498,2022,sankt-petersburg,46.40,,,,,,,16.0,1.0,0.0,0.0,,,,,,,,,,
4632176260,2022,kursk,63.91,,,0.0,,,,9.0,1.0,1.0,0.0,,,,,,,,,,
7842204456,2022,sankt-petersburg,43.99.50,,,,,,,0.0,1.0,0.0,0.0,,,,,,,,,,
6325057650,2022,samara,41.20,4506.0,1934.0,7385.0,3076.0,4464.0,,9.0,1.0,1.0,0.0,-8.0,7393.0,1281.0,,-27.0,4479.0,3879.0,,,
9201006351,2022,sevastopol,68.20,817626.0,364257.0,3184931.0,3087555.0,95069.0,348986.0,26.0,1.0,1.0,0.0,1682501.0,1502430.0,1138028.0,,-327541.0,335114.0,405234.0,-106759.0,,242227.0
5263140617,2022,nizhni novgorod,38.32.50,,,562.0,10.0,1.0,,3.0,1.0,1.0,0.0,,562.0,0.0,551.0,,,,,,
9715386310,2022,moscow city,46.90,,,,,,,2.0,1.0,0.0,0.0,,,,,,,,,,
5008039400,2022,moscow city,01.13,,,5.0,-3858.0,3862.0,,17.0,1.0,1.0,0.0,,5.0,5.0,,,,,,,
6454111070,2022,saratov,25.10,,1318.0,3962.0,1996.0,1555.0,,11.0,1.0,1.0,0.0,0.0,3962.0,1491.0,410.0,-352.0,-352.0,1370.0,,,
5005065561,2022,moscow reg.,68.20,0.0,0.0,39523.0,-545.0,3237.0,,4.0,1.0,1.0,0.0,1071.0,38452.0,20.0,36831.0,0.0,0.0,0.0,,,
0600004590,2022,ingushetia,46.90,,,,,,,0.0,1.0,0.0,0.0,,,,,,,,,,
7723523887,2022,moscow city,68.20.20,7575.0,650.0,21116.0,5979.0,15137.0,,18.0,1.0,1.0,0.0,10.0,21106.0,660.0,0.0,-6560.0,1015.0,1027.0,,,
5257205030,2022,nizhni novgorod,62.01,10317.0,180.0,5127.0,204.0,4923.0,,1.0,1.0,1.0,0.0,,5127.0,1036.0,,-10026.0,291.0,227.0,,,
4234004777,2022,kemerovo,68.32.20,,,10.0,10.0,,,27.0,1.0,1.0,0.0,0.0,10.0,10.0,,,,,,,
5615020586,2022,orenburg,23.61,100.0,-243.0,1682.0,1592.0,90.0,,18.0,1.0,1.0,0.0,1478.0,204.0,24.0,,-438.0,-338.0,-243.0,,,
7729782856,2022,moscow city,33.12,,,48.0,10.0,38.0,,8.0,1.0,1.0,0.0,,48.0,,,,,,,,0.0
2349024078,2022,krasnodar,03.22.30,50904.0,-21169.0,96890.0,-14483.0,36528.0,-14563.0,19.0,1.0,1.0,0.0,40800.0,56090.0,281.0,74845.0,-44723.0,3620.0,-689.0,1181.0,13290.0,-92.0
7804616441,2022,sankt-petersburg,43.22,39549.0,17765.0,21326.0,19397.0,1929.0,,4.0,1.0,1.0,0.0,,21326.0,14775.0,,-5518.0,22015.0,22243.0,,,
1515905740,2022,north ossetia,49.40,,,,,,,17.0,1.0,0.0,0.0,,,,,,,,,,
7709963406,2022,moscow city,70.22,4444.0,429.0,15689.0,14714.0,969.0,,8.0,1.0,1.0,0.0,1765.0,13924.0,21.0,,-4272.0,172.0,463.0,,,
6449101125,2022,saratov,41.20,44780.0,19.0,4849.0,29.0,4820.0,,1.0,1.0,1.0,0.0,91.0,4758.0,4107.0,,-44944.0,-164.0,23.0,,,
5300005633,2022,novgorod,46.69.50,1762.0,63.0,378.0,76.0,302.0,,0.0,1.0,1.0,0.0,,379.0,195.0,,-1654.0,108.0,100.0,,,
7731626396,2022,moscow city,74.20,753.0,55.0,6056.0,249.0,5807.0,,13.0,1.0,1.0,0.0,339.0,5717.0,708.0,0.0,0.0,74.0,55.0,,,
7723753915,2022,moscow city,85.41,1975.0,-62.0,384.0,247.0,137.0,,12.0,1.0,1.0,0.0,,384.0,5.0,0.0,-1942.0,33.0,-3.0,,,
5027116467,2022,moscow reg.,68.20.20,211267.0,40844.0,307826.0,272321.0,35478.0,,16.0,1.0,1.0,0.0,259725.0,48101.0,37529.0,27.0,-160190.0,51077.0,51466.0,,,
5837001496,2022,penza,26.51.30,152300.0,31131.0,149113.0,132538.0,15733.0,,29.0,1.0,1.0,0.0,9937.0,139176.0,50.0,,-114583.0,37717.0,38950.0,,,
1683006085,2022,tatarstan,56.10.20,,,,,,,0.0,1.0,0.0,0.0,,,,,,,,,,
3525407955,2022,vologda,71.12.70,,,,,,,5.0,1.0,0.0,0.0,,,,,,,,,,
6828005506,2022,tambov,68.32.10,,,2576.0,2576.0,,,15.0,1.0,1.0,0.0,,2576.0,2576.0,,,,,,,
3805702287,2022,irkutsk,69.20.20,303.0,24.0,74.0,34.0,40.0,,17.0,1.0,1.0,0.0,,74.0,62.0,,-279.0,24.0,24.0,,,
5410786299,2022,novosibirsk,68.10,0.0,-459.0,15997.0,15705.0,292.0,,8.0,1.0,1.0,0.0,15.0,15982.0,0.0,,-457.0,-457.0,-457.0,,,
7728217611,2022,moscow city,56.10,,,,,,,7.0,1.0,0.0,0.0,,,,,,,,,,
7106517828,2022,tula,43.21,,-311.0,1143.0,-301.0,34.0,,11.0,1.0,1.0,0.0,233.0,910.0,21.0,1410.0,-161.0,-161.0,-311.0,,,
5032327223,2022,moscow reg.,77.32,18682.0,83.0,18184.0,192.0,17992.0,,1.0,1.0,1.0,0.0,,18185.0,746.0,,-18539.0,143.0,112.0,,,
7701884223,2022,moscow city,62,,,,,,,12.0,1.0,0.0,0.0,,,,,,,,,,
7806563467,2022,sankt-petersburg,68.20,44654.0,35961.0,198741.0,84786.0,4705.0,,3.0,1.0,1.0,0.0,198578.0,163.0,163.0,109250.0,,38302.0,37276.0,,,
5244025707,2022,nizhni novgorod,01.10,,,0.0,,,,10.0,1.0,1.0,0.0,,,,,,,,,,
7801544911,2022,sankt-petersburg,25.11,,,,,,,11.0,1.0,0.0,0.0,,,,,,,,,,
5011035692,2022,moscow reg.,56.10,14014.0,21199.0,4071.0,139.0,844.0,,7.0,1.0,1.0,0.0,,4071.0,1246.0,3092.0,0.0,14014.0,21199.0,,,
5017050425,2022,moscow reg.,68.32.10,,,2072.0,2057.0,15.0,,19.0,1.0,1.0,0.0,,2072.0,1591.0,,,,,,,
2374001860,2022,krasnodar,45.31.10,,,0.0,0.0,,,8.0,1.0,1.0,0.0,,,,,,,,,,
2461019127,2022,krasnoyarsk,47.73,27586.0,217.0,5075.0,3491.0,1584.0,,24.0,1.0,1.0,0.0,2.0,5073.0,3064.0,,-22315.0,562.0,495.0,,,
4027990786,2022,kaluga,68.32.10,,4411.0,1229524.0,1175781.0,53743.0,2688015.0,9.0,1.0,1.0,0.0,435.0,1229089.0,516090.0,0.0,,,5513.0,,-182.0,2687833.0
7716953737,2022,moscow city,46.90,,,,,,,1.0,1.0,0.0,0.0,,,,,,,,,,
5610240309,2022,orenburg,49.41,0.0,0.0,0.0,0.0,0.0,,2.0,1.0,1.0,0.0,,0.0,0.0,,0.0,0.0,0.0,,,
6453028982,2022,saratov,70.22,,,,,,,29.0,1.0,0.0,0.0,,,,,,,,,,
3917021127,2022,kaliningrad,13.92,17866.0,1671.0,26951.0,26301.0,650.0,,18.0,1.0,1.0,0.0,84.0,26867.0,1193.0,0.0,-13145.0,4721.0,1921.0,,,
7735128793,2022,moscow city,58.11,,0.0,0.0,0.0,0.0,,13.0,1.0,1.0,0.0,0.0,0.0,0.0,,,0.0,0.0,,,
3906410386,2022,kaliningrad,77.12,,,10.0,10.0,,,0.0,1.0,1.0,0.0,,10.0,,,,,,,,
8601064910,2022,khanty-mansijsk,93.19,,,0.0,,,0.0,5.0,1.0,1.0,0.0,,,,,,,,,,0.0
9721013612,2022,moscow city,94.99,,,,,,,6.0,1.0,0.0,0.0,,,,,,,,,,
5406794716,2022,novosibirsk,68.32,0.0,0.0,12001.0,5583.0,6418.0,,8.0,1.0,1.0,0.0,0.0,12001.0,189.0,,0.0,,0.0,,,
7116159804,2022,tula,70.10,600.0,-74.0,388.0,-470.0,858.0,,3.0,1.0,1.0,0.0,277.0,112.0,52.0,,-538.0,62.0,-56.0,,,
7721339755,2022,moscow city,78.30,,,,,,,7.0,1.0,0.0,0.0,,,,,,,,,,
1001133990,2022,karelia,96.09,,,614.0,-2307.0,921.0,,21.0,1.0,1.0,0.0,,614.0,134.0,,,,,,,
2311284214,2022,krasnodar,47.25.10,42687.0,3479.0,12462.0,9143.0,3319.0,,3.0,1.0,1.0,0.0,,12462.0,969.0,,-38450.0,4237.0,4089.0,,,
5321154227,2022,novgorod,42.11,,,,,,,10.0,1.0,0.0,0.0,,,,,,,,,,
5907034610,2022,perm,47.59.30,129021.0,-2113.0,36976.0,-2244.0,39220.0,,5.0,1.0,1.0,0.0,720.0,36256.0,740.0,0.0,-84285.0,4214.0,-2113.0,,,
2367014058,2022,krasnodar,41.20,0.0,0.0,10.0,10.0,,,2.0,1.0,1.0,0.0,,10.0,10.0,,0.0,,,,,
0572004041,2022,dagestan,23.19.90,,,,,,,9.0,1.0,0.0,0.0,,,,,,,,,,
7705544789,2022,moscow city,86.23,3251.0,-445.0,96.0,-3549.0,2310.0,,9.0,1.0,1.0,0.0,38.0,58.0,58.0,1335.0,-3635.0,-384.0,-412.0,,,
6161049431,2022,rostov,68.32.10,0.0,17.0,6728.0,5451.0,1277.0,,16.0,1.0,1.0,0.0,0.0,6728.0,5468.0,0.0,0.0,0.0,18.0,,,
2615013576,2022,stavropol,68.20.20,,,,,,,16.0,1.0,0.0,0.0,,,,,,,,,,
6685183610,2022,sverdlovsk,46.90,6873.0,135.0,1146.0,161.0,10.0,,1.0,1.0,1.0,0.0,,1146.0,4.0,975.0,-6601.0,272.0,168.0,,,
9721157999,2022,moscow city,46.38.20,,-248.0,78.0,-233.0,312.0,,0.0,1.0,1.0,0.0,,78.0,,,-222.0,-222.0,-248.0,,,
7715363220,2022,dagestan,41.20,,,,,,,20.0,1.0,0.0,0.0,,,,,,,,,,
9706003296,2022,moscow city,74.90,4902.0,3190.0,9790.0,7363.0,2427.0,,3.0,1.0,1.0,0.0,,9790.0,6594.0,,-1432.0,3470.0,3421.0,,,0.0
6323064203,2022,samara,52.29,105939.0,40.0,51154.0,15466.0,29140.0,,20.0,1.0,1.0,0.0,0.0,51154.0,990.0,6548.0,-97368.0,-4883.0,169.0,,,
3321020660,2022,vladimir,41.20,4050.0,1421.0,-3047.0,-4748.0,211.0,,17.0,1.0,1.0,0.0,2676.0,-5723.0,195.0,1490.0,-2498.0,1552.0,1421.0,,,
2901306220,2022,arkhangelsk,43.33,1280.0,364.0,502.0,378.0,124.0,,1.0,1.0,1.0,0.0,,502.0,280.0,,,435.0,429.0,,,0.0
5911059777,2022,perm,68.32.10,,,,,,,13.0,1.0,0.0,0.0,,,,,,,,,,
7017484747,2022,tomsk,79.12,1207.0,440.0,829.0,450.0,379.0,,1.0,1.0,1.0,0.0,,829.0,265.0,0.0,-693.0,514.0,493.0,,,
5903141139,2022,perm,95.22,51610.0,11049.0,40194.0,16457.0,23737.0,,3.0,1.0,1.0,0.0,,40194.0,1930.0,,-34045.0,14810.0,13668.0,,,
1326190091,2022,mordovia,86.23,1150.0,-1290.0,763.0,-2102.0,2865.0,,18.0,1.0,1.0,0.0,,764.0,410.0,,-2282.0,-1132.0,-1279.0,,,
7717152151,2022,moscow city,94.12,,,1658.0,,31.0,,11.0,1.0,1.0,0.0,,1657.0,,,,,,,,
7714988692,2022,moscow city,69.10,,-202448.0,330560.0,127702.0,201400.0,-30654.0,5.0,1.0,1.0,0.0,92213.0,238347.0,1540.0,,,-14989.0,-249083.0,15500.0,15600.0,446.0
5024209219,2022,moscow reg.,45.20.10,206220.0,164172.0,159856.0,63354.0,26602.0,,2.0,1.0,1.0,0.0,,159856.0,350.0,69900.0,-35343.0,170877.0,173629.0,,,
6453105475,2022,saratov,43.32,335.0,3.0,66.0,10.0,56.0,,13.0,1.0,1.0,0.0,,66.0,2.0,0.0,-332.0,3.0,3.0,,,
7726458756,2022,moscow city,46.73,164201.0,56.0,7035.0,127.0,6908.0,,3.0,1.0,1.0,0.0,,7035.0,2759.0,,-156417.0,7784.0,70.0,,,0.0
6153018334,2022,rostov,94.99,,,,,,,22.0,1.0,0.0,0.0,,,,,,,,,,
5075037286,2022,moscow reg.,10.51.30,,,10.0,10.0,,,4.0,1.0,1.0,0.0,0.0,10.0,10.0,,,,,,,
7733367281,2022,moscow city,64.99,,,1958.0,,,,1.0,1.0,1.0,0.0,,1958.0,1958.0,,,,,,,
3817047273,2022,irkutsk,46.73,2753.0,-3807.0,6534.0,-3797.0,7783.0,,6.0,1.0,1.0,0.0,2683.0,3852.0,7.0,,-5011.0,-2258.0,-3807.0,,,
3233502087,2022,bryansk,69.20.20,225.0,-143.0,780.0,643.0,137.0,,13.0,1.0,1.0,0.0,75.0,705.0,45.0,,,225.0,-129.0,,,
6150099550,2022,rostov,46.90,,,10.0,10.0,,,2.0,1.0,1.0,0.0,,10.0,0.0,,,,,,,
7806558026,2022,sankt-petersburg,41.20,98588.0,12154.0,257012.0,160363.0,96649.0,,3.0,1.0,1.0,0.0,6444.0,250568.0,6.0,,-85679.0,12909.0,19716.0,,,
6916016930,2022,tver,80.10,5205.0,2965.0,4502.0,4224.0,278.0,,10.0,1.0,1.0,0.0,1645.0,2857.0,175.0,,-1993.0,3212.0,3147.0,,,
2367021545,2022,krasnodar,68.32,,,,,,,1.0,1.0,0.0,0.0,,,,,,,,,,
7813617716,2022,sankt-petersburg,62.01,40118.0,13621.0,22617.0,20902.0,1715.0,,4.0,1.0,1.0,0.0,92.0,22525.0,1389.0,,-25881.0,14237.0,13861.0,,,
5029265418,2022,moscow reg.,94.12,,,0.0,0.0,,,1.0,1.0,1.0,0.0,,0.0,,,,,,,,0.0
9728041457,2022,moscow city,41.10,,,10.0,10.0,,,1.0,1.0,1.0,0.0,0.0,10.0,10.0,,,,,,,
9721154317,2022,moscow city,68.20.20,,,,,,,1.0,1.0,0.0,0.0,,,,,,,,,,
9729037943,2022,moscow city,93.29,67375.0,406.0,10556.0,10.0,10546.0,,6.0,1.0,1.0,0.0,0.0,10556.0,9614.0,0.0,-62915.0,4460.0,4435.0,,,
5260087130,2022,nizhni novgorod,68.32.10,,,2524.0,,808.0,,22.0,1.0,1.0,0.0,125.0,2399.0,634.0,,,,,,,
6453045593,2022,leningrad,46.73,75118.0,1642.0,42794.0,2156.0,40637.0,,25.0,1.0,1.0,0.0,449.0,42344.0,26.0,,-63552.0,2232.0,2106.0,,,
7802209673,2022,sankt-petersburg,47.59.10,25880.0,337.0,20723.0,-2494.0,23217.0,,19.0,1.0,1.0,0.0,316.0,20407.0,721.0,,-21861.0,4019.0,560.0,,,
0608062593,2022,ingushetia,69.20,,,,,,,1.0,1.0,0.0,0.0,,,,,,,,,,
1840052976,2022,udmurtia,33.13,4019.0,772.0,973.0,705.0,118.0,,6.0,1.0,1.0,0.0,7.0,965.0,84.0,150.0,-3206.0,813.0,807.0,,,
2320088939,2022,krasnodar,45.20.10,,,0.0,,,,23.0,1.0,1.0,0.0,,,,,,,,,,
3808271053,2022,irkutsk,46.73,,,,,,,2.0,1.0,0.0,0.0,,,,,,,,,,
6319188238,2022,samara,68.10,0.0,405.0,154703.0,21.0,108031.0,,8.0,1.0,1.0,0.0,0.0,154703.0,877.0,46650.0,0.0,0.0,405.0,,,
2320248759,2022,krasnodar,73.11,,,,,,,5.0,1.0,0.0,0.0,,,,,,,,,,
5610240813,2022,orenburg,46.51,,,10.0,10.0,,,1.0,1.0,1.0,0.0,,10.0,,,,,,,,
9718083521,2022,moscow city,49.41,,,,,,,5.0,1.0,0.0,0.0,,,,,,,,,,
2634095278,2022,stavropol,41.20,285725.0,12786.0,310068.0,25702.0,200241.0,,6.0,1.0,1.0,0.0,110841.0,199227.0,7862.0,0.0,-274422.0,11303.0,13069.0,,,
7728327950,2022,moscow city,46.90,,,,,,,6.0,1.0,0.0,0.0,,,,,,,,,,
7204031659,2022,tyumen,68.20.20,30285.0,572.0,44437.0,37469.0,3535.0,,22.0,1.0,1.0,0.0,15205.0,29232.0,6739.0,3433.0,,1503.0,1404.0,,,
5031067928,2022,moscow reg.,17.29,30379.0,4512.0,29010.0,21596.0,6011.0,,16.0,1.0,1.0,0.0,2934.0,26076.0,729.0,1383.0,-25056.0,5323.0,5162.0,,,
4105041957,2022,kamchatka,68.32.20,,,,,,,10.0,1.0,0.0,0.0,,,,,,,,,,
7813176691,2022,sankt-petersburg,56.10.10,0.0,0.0,10.0,10.0,0.0,,20.0,1.0,1.0,0.0,,10.0,0.0,,0.0,,,,,
3665800588,2022,voronezh,47.19,2990.0,-8574.0,48344.0,-92068.0,28874.0,,4.0,1.0,1.0,0.0,1297.0,47047.0,16556.0,111482.0,-9090.0,-6100.0,-7443.0,,,
5044040881,2022,moscow reg.,68.32.20,,,0.0,0.0,0.0,0.0,29.0,1.0,1.0,0.0,0.0,0.0,0.0,0.0,,,,0.0,0.0,0.0
5507283387,2022,omsk,82.99,,,10.0,10.0,,,1.0,1.0,1.0,0.0,,10.0,10.0,,,,,,,
3525481388,2022,vologda,42.99,17015.0,38.0,0.0,0.0,,,0.0,1.0,1.0,0.0,,,,,-16968.0,47.0,47.0,,,
5074072577,2022,moscow reg.,47.91,,,,,,,1.0,1.0,0.0,0.0,,,,,,,,,,
9701031613,2022,moscow city,46.69,31683.0,253.0,2769.0,-470.0,3207.0,-475.0,6.0,1.0,1.0,0.0,,2769.0,799.0,32.0,-28748.0,176.0,318.0,0.0,-80.0,-555.0
2721212848,2022,khabarovsk,46.38.10,,-11913.0,34551.0,-5076.0,39267.0,,8.0,1.0,1.0,0.0,,34551.0,,360.0,,,-11913.0,,,
5504216713,2022,omsk,47.10,,,,,,,12.0,1.0,0.0,0.0,,,,,,,,,,
1001300552,2022,karelia,46.31,,,0.0,,,,7.0,1.0,1.0,0.0,,,,,,,,,,
1639027216,2022,tatarstan,33.12,10256.0,3095.0,6378.0,5641.0,737.0,,18.0,1.0,1.0,0.0,0.0,6378.0,3840.0,0.0,-6863.0,3393.0,3393.0,,,
4246005856,2022,kemerovo,46.30,2014.0,4.0,7267.0,353.0,6914.0,,17.0,1.0,1.0,0.0,,7267.0,6.0,,-2010.0,4.0,4.0,,,
5012082790,2022,moscow reg.,47.70,,,676.0,10.0,6.0,,8.0,1.0,1.0,0.0,459.0,217.0,,660.0,,,,,,
1639046240,2022,tatarstan,25.61,,,,,,,11.0,1.0,0.0,0.0,,,,,,,,,,
4703149298,2022,leningrad,46.90,,,,,,,5.0,1.0,0.0,0.0,,,,,,,,,,
9705015940,2022,moscow city,64.99.10,,,,,,,8.0,1.0,0.0,0.0,,,,,,,,,,
7104067066,2022,tula,38.32.30,148051.0,2127.0,59519.0,25825.0,12618.0,,7.0,1.0,1.0,0.0,18647.0,40872.0,19.0,11333.0,-131831.0,3181.0,2299.0,,,
5078008477,2022,moscow reg.,32.99.80,72549.0,286.0,57602.0,13588.0,15174.0,,22.0,1.0,1.0,0.0,31224.0,26378.0,17.0,0.0,-87365.0,-28352.0,340.0,,,
2723199857,2022,khabarovsk,46.74,,,,,,,4.0,1.0,0.0,0.0,,,,,,,,,,
3706005038,2022,ivanovo,01.13.30,,,0.0,,,,41.0,1.0,1.0,0.0,,,,,,,,,,0.0
7702428590,2022,moscow city,73.11,,,,,,,4.0,1.0,0.0,0.0,,,,,,,,,,
7810813342,2022,sankt-petersburg,68.20.21,457006.0,53665.0,1286376.0,-164744.0,190046.0,166163.0,11.0,1.0,1.0,0.0,1282078.0,4298.0,198.0,1261074.0,-251154.0,205852.0,67082.0,3356.0,-169380.0,139.0
5018159030,2022,moscow reg.,73.11,973.0,18.0,4727.0,10.0,4717.0,,9.0,1.0,1.0,0.0,,4727.0,6.0,,-967.0,6.0,35.0,,,
7802005567,2022,sankt-petersburg,41.20,706.0,96.0,559.0,-207.0,216.0,6490.0,30.0,1.0,1.0,0.0,,559.0,16.0,550.0,-1896.0,-1190.0,107.0,-55.0,-6663.0,-228.0
6219008611,2022,ryazan,88.99,,,0.0,,,0.0,0.0,1.0,1.0,0.0,,,,,,,,,,0.0
7811669797,2022,sankt-petersburg,46.77,,,,,,,5.0,1.0,0.0,0.0,,,,,,,,,,
7702407216,2022,moscow city,41.20,73185.0,268.0,30725.0,5791.0,24933.0,,6.0,1.0,1.0,0.0,,30725.0,3436.0,,-72809.0,376.0,316.0,,,
7203408550,2022,tyumen,46.71,2426.0,73.0,466.0,177.0,289.0,,5.0,1.0,1.0,0.0,103.0,363.0,294.0,,-1985.0,74.0,73.0,,,
9308016031,2022,donetsk,,,,,,,,6.0,1.0,0.0,0.0,,,,,,,,,,
7816448992,2022,moscow city,52.29,,,,,,,14.0,1.0,0.0,0.0,,,,,,,,,,
7802754037,2022,sankt-petersburg,27.12,,,,,,,11.0,1.0,0.0,0.0,,,,,,,,,,
4345041911,2022,kirov,94.92,,,2035.0,1958.0,77.0,,20.0,1.0,1.0,0.0,,2035.0,1914.0,,,,,,,
4205398020,2022,kemerovo,47.54,2510.0,545.0,2329.0,600.0,1729.0,,1.0,1.0,1.0,0.0,,2329.0,479.0,,-1771.0,739.0,707.0,,,
2225222101,2022,altai terr.,94.99,,,0.0,,,,1.0,1.0,1.0,0.0,,,,,,,,,,
7804665294,2022,sankt-petersburg,46.71,125942.0,1349.0,15694.0,1850.0,8257.0,,2.0,1.0,1.0,0.0,1908.0,13786.0,6.0,4365.0,-124316.0,1626.0,1683.0,,,
5252047020,2022,nizhni novgorod,80.10,,,,,,,1.0,1.0,0.0,0.0,,,,,,,,,,
1623014067,2022,tatarstan,10.51,1917272.0,458.0,417639.0,298091.0,119504.0,-116.0,5.0,1.0,1.0,0.0,21216.0,396423.0,5754.0,,-1895482.0,577.0,676.0,,320.0,204.0
7203354488,2022,tyumen,94.99,,,0.0,0.0,,,7.0,1.0,1.0,0.0,,,,,,,,,,
7704750891,2022,moscow city,93.29.90,102534.0,-6357.0,12352.0,4650.0,7702.0,,12.0,1.0,1.0,0.0,109.0,12243.0,203.0,,-104467.0,-1933.0,-4295.0,,,
7751158700,2022,moscow city,43.22,1781.0,110.0,1832.0,-610.0,2115.0,,3.0,1.0,1.0,0.0,392.0,1440.0,31.0,327.0,-2006.0,-225.0,181.0,,,
6318031636,2022,samara,68.32,3600.0,-338.0,799.0,537.0,262.0,,5.0,1.0,1.0,0.0,,799.0,1.0,,-3901.0,-301.0,-301.0,,,
7604057161,2022,moscow city,46.90,,,,,,,20.0,1.0,0.0,0.0,,,,,,,,,,
7713419502,2022,moscow city,62.01,,,,,,,6.0,1.0,0.0,0.0,,,,,,,,,,
5031139386,2022,moscow reg.,69.10,998.0,168.0,363.0,359.0,4.0,,2.0,1.0,1.0,0.0,10.0,353.0,6.0,,-770.0,228.0,209.0,,,
7728647050,2022,moscow city,64.99.10,,,,,,,14.0,1.0,0.0,0.0,,,,,,,,,,
1717011030,2022,tuva,01.13,,,,,,,8.0,1.0,0.0,0.0,,,,,,,,,,
5407122379,2022,novosibirsk,94.20,,15432.0,255243.0,221964.0,33278.0,,24.0,1.0,1.0,0.0,1960.0,253283.0,2114.0,,,,19306.0,,,
4253046500,2022,kemerovo,46.69,,,6.0,6.0,,,3.0,1.0,1.0,0.0,,6.0,5.0,,,,,,,0.0
5609041517,2022,orenburg,73.10,697.0,0.0,10.0,10.0,0.0,,18.0,1.0,1.0,0.0,,10.0,10.0,,-697.0,0.0,0.0,,,
3662175343,2022,voronezh,52.29,0.0,-9.0,365.0,92.0,273.0,,10.0,1.0,1.0,0.0,362.0,3.0,0.0,0.0,-4.0,-4.0,-9.0,,,
9102281741,2022,crimea,71.12.20,,-315.0,4686.0,4685.0,2.0,-394.0,0.0,1.0,1.0,0.0,,4686.0,5.0,,,-76.0,-315.0,-3801.0,4200.0,5.0
5048033042,2022,moscow reg.,86.23,28354.0,-88.0,1879.0,1537.0,342.0,,8.0,1.0,1.0,0.0,814.0,1065.0,116.0,,-27042.0,1312.0,1201.0,,,
7702471780,2022,moscow city,85.42,12075.0,2757.0,5491.0,,2629.0,,9.0,1.0,1.0,0.0,,5491.0,457.0,,-8832.0,3243.0,3243.0,,,
7810099590,2022,sankt-petersburg,33.14,,,,,,,15.0,1.0,0.0,0.0,,,,,,,,,,
5261098751,2022,nizhni novgorod,42.11,,,,,,,7.0,1.0,0.0,0.0,,,,,,,,,,
5405064700,2022,novosibirsk,41.20,,,0.0,0.0,,,1.0,1.0,1.0,0.0,,0.0,,,,,,,,
2221247698,2022,altai terr.,25.11,,,,,,,2.0,1.0,0.0,0.0,,,,,,,,,,
5043061159,2022,moscow reg.,41.20,4941.0,429.0,7675.0,605.0,5994.0,,5.0,1.0,1.0,0.0,,7674.0,273.0,1076.0,-4329.0,612.0,536.0,,,
6316263261,2022,samara,82.99,13947.0,-22.0,726.0,607.0,89.0,,2.0,1.0,1.0,0.0,,726.0,0.0,29.0,-13797.0,150.0,-22.0,,,
7704321941,2022,moscow city,68.32,14908.0,-2101.0,461210.0,2512.0,458698.0,129310.0,7.0,1.0,1.0,0.0,105115.0,356095.0,155272.0,,-16169.0,-10047.0,-1598.0,46455.0,204000.0,379765.0
2223025490,2022,altai terr.,68.32.20,,,187.0,,77.0,,47.0,1.0,1.0,0.0,125.0,62.0,51.0,125.0,,,,,,
9715303497,2022,moscow city,41.20,,,0.0,,,,5.0,1.0,1.0,0.0,,,,,,,,,,
5503106771,2022,omsk,68.31.12,1172.0,17.0,856.0,536.0,320.0,,16.0,1.0,1.0,0.0,,856.0,2.0,,-1140.0,32.0,32.0,,,
5042155125,2022,moscow reg.,47.91,,,,,,,2.0,1.0,0.0,0.0,,,,,,,,,,
7717632750,2022,moscow city,82.99,6550.0,1664.0,25493.0,25172.0,321.0,2195.0,14.0,1.0,1.0,0.0,2858.0,22635.0,20259.0,,-537.0,552.0,332.0,,,2195.0
3460069840,2022,volgograd,71.20.20,962.0,-188.0,163.0,85.0,78.0,,5.0,1.0,1.0,0.0,,164.0,153.0,,-1084.0,-122.0,-159.0,,,
5612079535,2022,orenburg,85.42.90,,,0.0,,,,10.0,1.0,1.0,0.0,,,,,,,,,,
7735169528,2022,moscow city,47.19,,,,,,,4.0,1.0,0.0,0.0,,,,,,,,,,
6154145504,2022,rostov,52.29,21291.0,1460.0,4712.0,1633.0,3079.0,,6.0,1.0,1.0,0.0,3841.0,871.0,218.0,0.0,,1904.0,1834.0,,,0.0
9704068763,2022,moscow city,64.99,,,1922340.0,1781115.0,141225.0,,1.0,1.0,1.0,0.0,83779.0,1838561.0,1827783.0,,,,,,,0.0
5473005879,2022,novosibirsk,46.90,11177.0,12.0,5197.0,12.0,5185.0,,0.0,1.0,1.0,0.0,,5198.0,139.0,,-10990.0,187.0,15.0,,,
7453278600,2022,chelyabinsk,46.90,,,,,,,7.0,1.0,0.0,0.0,,,,,,,,,,
5037005445,2022,moscow reg.,72.10,0.0,-15.0,11.0,11.0,0.0,-15.0,14.0,1.0,1.0,0.0,0.0,11.0,11.0,0.0,0.0,,-15.0,,,-15.0
7714322662,2022,moscow city,64.90,,0.0,20970.0,16330.0,443.0,430.0,13.0,1.0,1.0,0.0,3741.0,17229.0,2815.0,4197.0,,,0.0,2180.0,,2610.0
2543151528,2022,primorsky terr.,81.21,0.0,0.0,0.0,-29.0,29.0,,2.0,1.0,1.0,0.0,,0.0,0.0,0.0,0.0,0.0,0.0,,,
7736250450,2022,moscow city,47.41,0.0,0.0,43615.0,-15529.0,59144.0,,7.0,1.0,1.0,0.0,,43615.0,10564.0,,0.0,,0.0,,,
4632171600,2022,kursk,22.19.20,13832.0,-42.0,20597.0,602.0,13733.0,,10.0,1.0,1.0,0.0,11537.0,9060.0,1572.0,3028.0,-13261.0,-4970.0,-2.0,,,
1901119564,2022,khakasia,85.23,2680.0,-80.0,1679.0,1496.0,183.0,,8.0,1.0,1.0,0.0,0.0,1679.0,117.0,,-2621.0,59.0,-25.0,,,
3810086322,2022,irkutsk,88.10,,,,,,,2.0,1.0,0.0,0.0,,,,,,,,,,
7714427168,2022,moscow city,95.11,938.0,-23.0,152.0,12.0,140.0,,4.0,1.0,1.0,0.0,26.0,126.0,22.0,,-954.0,-16.0,-16.0,,,
9721176889,2022,moscow city,97,,,,,,,0.0,1.0,0.0,0.0,,,,,,,,,,
2335006061,2022,krasnodar,94.20,,1337.0,2896.0,2886.0,10.0,-711.0,26.0,1.0,1.0,0.0,727.0,2169.0,245.0,,,,1378.0,,,-711.0
7727270700,2022,moscow city,46.90,,,,,,,7.0,1.0,0.0,0.0,,,,,,,,,,
2543162689,2022,primorsky terr.,41.20,45037.0,26749.0,56364.0,21391.0,34973.0,49.0,0.0,1.0,1.0,0.0,26100.0,30264.0,49.0,,-11593.0,26775.0,26749.0,,,49.0
2225111916,2022,altai terr.,46.17,26436.0,-4302.0,179658.0,19757.0,47821.0,,12.0,1.0,1.0,0.0,170086.0,9573.0,163.0,103055.0,-18068.0,8368.0,-4048.0,,,
7447174401,2022,chelyabinsk,43.21,19098.0,624.0,14872.0,9970.0,4902.0,,12.0,1.0,1.0,0.0,768.0,14104.0,744.0,,-18238.0,860.0,624.0,,,
4213010353,2022,kemerovo,46.90,302718.0,3539.0,236839.0,17694.0,219145.0,,9.0,1.0,1.0,0.0,43131.0,193708.0,38903.0,,-270008.0,32710.0,4964.0,,,
4345405365,2022,kirov,22.23,449.0,-1046.0,21504.0,3098.0,18406.0,,8.0,1.0,1.0,0.0,0.0,21504.0,0.0,,-449.0,-525.0,-1020.0,,,
7727809020,2022,moscow city,46.73,,,,,,,9.0,1.0,0.0,0.0,,,,,,,,,,
4715026903,2022,leningrad,60.10,,,,,,,10.0,1.0,0.0,0.0,,,,,,,,,,
1328014983,2022,mordovia,46.73.60,0.0,0.0,3500.0,708.0,2792.0,,5.0,1.0,1.0,0.0,,3500.0,0.0,,0.0,0.0,0.0,,,
6452065420,2022,saratov,43.99,12493.0,-9458.0,13350.0,-7383.0,20733.0,,22.0,1.0,1.0,0.0,127.0,13223.0,559.0,,-22807.0,-10314.0,-9309.0,,,
9002003035,2022,zaporizhzhia,,,,,,,,25.0,1.0,0.0,0.0,,,,,,,,,,
6827006458,2022,tambov,68.32,,,,,,,51.0,1.0,0.0,0.0,,,,,,,,,,
7813578591,2022,sankt-petersburg,46.12,,,,,,,9.0,1.0,0.0,0.0,,,,,,,,,,
7727842203,2022,moscow city,96.02,,,,,,,8.0,1.0,0.0,0.0,,,,,,,,,,
2635830329,2022,stavropol,94.99,,,0.0,0.0,,,8.0,1.0,1.0,0.0,,,,,,,,,,
9710076272,2022,moscow city,46.69.50,,,,,,,3.0,1.0,0.0,0.0,,,,,,,,,,
7733893728,2022,moscow city,25.11,,,15107.0,626.0,14481.0,,8.0,1.0,1.0,0.0,295.0,14812.0,,,,,,,,
3604083333,2022,voronezh,45.31,787.0,54.0,379.0,177.0,202.0,70.0,2.0,1.0,1.0,0.0,,379.0,69.0,,-510.0,69.0,67.0,,-40.0,30.0
5948016843,2022,perm,68.32.20,,,,,,,21.0,1.0,0.0,0.0,,,,,,,,,,
3901501142,2022,kaliningrad,47.25.10,31276.0,347.0,45443.0,20289.0,25154.0,,12.0,1.0,1.0,0.0,,45443.0,98.0,0.0,-29735.0,1541.0,1627.0,,,
5257195470,2022,nizhni novgorod,47.78.60,,,,,,,2.0,1.0,0.0,0.0,,,,,,,,,,
7810715899,2022,sankt-petersburg,45.31,,0.0,15.0,-23.0,,,5.0,1.0,1.0,0.0,,15.0,1.0,38.0,,,0.0,,,
7701139162,2022,moscow city,46.63,191714.0,27937.0,252533.0,239853.0,12680.0,,26.0,1.0,1.0,0.0,92616.0,159917.0,1181.0,,-159291.0,32423.0,34969.0,,,
5190078107,2022,murmansk,86.23,,,,,,,4.0,1.0,0.0,0.0,,,,,,,,,,
7703421823,2022,moscow city,64.20,0.0,4167638.0,5029427.0,5028634.0,793.0,-16451.0,6.0,1.0,1.0,0.0,4765689.0,263738.0,12464.0,,,-16013.0,4167006.0,10538.0,-3600.0,-9513.0
7734558641,2022,moscow city,46.90,,,,,,,15.0,1.0,0.0,0.0,,,,,,,,,,
7732095412,2022,moscow city,52.21.24,0.0,0.0,41.0,,0.0,,29.0,1.0,1.0,0.0,0.0,41.0,41.0,0.0,0.0,,0.0,,,
7313006420,2022,ulyanovsk,36,179736.0,957.0,147252.0,-14539.0,124242.0,85006.0,13.0,1.0,1.0,0.0,5942.0,141310.0,4075.0,33600.0,-151547.0,12283.0,2704.0,,159219.0,244225.0
7710132808,2022,sverdlovsk,43.99,,,,,,,29.0,1.0,0.0,0.0,,,,,,,,,,
2704024273,2022,khabarovsk,52.24,37026.0,-1798.0,4999.0,4095.0,904.0,,7.0,1.0,1.0,0.0,0.0,4999.0,188.0,0.0,-35083.0,1943.0,-4.0,,,
1660343542,2022,tatarstan,47.73,,,,,,,2.0,1.0,0.0,0.0,,,,,,,,,,
5244024333,2022,nizhni novgorod,25.61,18398.0,-392.0,10240.0,2415.0,4764.0,,10.0,1.0,1.0,0.0,5570.0,4670.0,677.0,,-18738.0,-340.0,-232.0,,,
4303004690,2022,moscow city,55.10,,,,,,,17.0,1.0,0.0,0.0,,,,,,,,,,
5258136421,2022,nizhni novgorod,46.69,24187.0,430.0,16869.0,631.0,13794.0,,5.0,1.0,1.0,0.0,1848.0,15021.0,2136.0,2444.0,-17899.0,797.0,537.0,,,0.0
9710094433,2022,moscow city,43.11,,,,,,,1.0,1.0,0.0,0.0,,,,,,,,,,
1659213926,2022,tatarstan,43.39,11657.0,285.0,2398.0,415.0,876.0,,1.0,1.0,1.0,0.0,,2398.0,1.0,1107.0,-13145.0,-1488.0,356.0,,,
2361004230,2022,krasnodar,46.71,,,,,,,12.0,1.0,0.0,0.0,,,,,,,,,,
7751136030,2022,moscow city,16.23.10,37568.0,879.0,14091.0,-8705.0,4469.0,,5.0,1.0,1.0,0.0,4780.0,9311.0,3.0,14645.0,-35567.0,2001.0,1209.0,,,
1661026842,2022,tatarstan,47.20,,,1964.0,1297.0,667.0,,12.0,1.0,1.0,0.0,0.0,1964.0,0.0,,,,,,,
6950030660,2022,tver,68.10,,-4488.0,294.0,-5397.0,5690.0,,7.0,1.0,1.0,0.0,,294.0,,,,,-4488.0,,,0.0
5050142585,2022,moscow reg.,69.20,8132.0,66.0,10485.0,-162.0,10647.0,,3.0,1.0,1.0,0.0,,10485.0,9827.0,,-7802.0,330.0,82.0,,,
7743329743,2022,moscow city,46.46.20,5347711.0,667461.0,1425197.0,928635.0,458473.0,151027.0,2.0,1.0,1.0,0.0,61235.0,1363962.0,302954.0,,-3823518.0,872389.0,859623.0,-1672.0,-34080.0,115275.0
6154154925,2022,rostov,62.02,,,0.0,0.0,,,3.0,1.0,1.0,0.0,,,,,,,,,,
3435133241,2022,volgograd,46.72,,,10.0,10.0,,,4.0,1.0,1.0,0.0,,10.0,10.0,,,,,,,
7602150084,2022,yaroslavl,46.76,20466.0,295.0,8863.0,1477.0,7387.0,-118.0,3.0,1.0,1.0,0.0,,8863.0,1.0,-1.0,-15818.0,329.0,369.0,,-1.0,-119.0
8602290238,2022,khanty-mansijsk,68.20.20,72510.0,32522.0,38944.0,32532.0,6412.0,,3.0,1.0,1.0,0.0,3490.0,35454.0,4.0,,,34622.0,34261.0,,,
5406588417,2022,novosibirsk,45.30,0.0,0.0,50.0,-134.0,184.0,,7.0,1.0,1.0,0.0,,50.0,8.0,,0.0,,0.0,,,
5050155390,2022,moscow reg.,41.10,,,,,,,0.0,1.0,0.0,0.0,,,,,,,,,,
7202236065,2022,tyumen,56.10,732.0,-274.0,2517.0,2412.0,105.0,,10.0,1.0,1.0,0.0,2485.0,32.0,14.0,,-671.0,-227.0,-260.0,,,
4002003572,2022,kaluga,01.40,63.0,-4.0,29392.0,18824.0,2935.0,,15.0,1.0,0.0,0.0,24785.0,4607.0,10.0,7633.0,,63.0,0.0,,,
7727730203,2022,moscow city,46.40,,,,,,,12.0,1.0,0.0,0.0,,,,,,,,,,
2466210857,2022,krasnoyarsk,46.69.50,103116.0,447.0,81878.0,2938.0,70590.0,,14.0,1.0,1.0,0.0,14.0,81864.0,1293.0,8351.0,-101097.0,2019.0,558.0,,,
7103049145,2022,tula,86.10,,,5.0,5.0,,,6.0,1.0,1.0,0.0,,5.0,5.0,,,,,,,
6684002068,2022,sverdlovsk,46.75,938228.0,185327.0,248142.0,201613.0,38791.0,159573.0,10.0,1.0,1.0,0.0,8168.0,239974.0,100165.0,,-644485.0,239478.0,232027.0,,-95000.0,64573.0
5043066453,2022,moscow reg.,68.32,55471.0,1538.0,9596.0,1795.0,7801.0,,3.0,1.0,1.0,0.0,,9596.0,1356.0,,-52549.0,2922.0,2783.0,,,
6685186989,2022,sverdlovsk,28.91,11198.0,3522.0,20373.0,6323.0,14050.0,,1.0,1.0,1.0,0.0,1.0,20372.0,2670.0,,-6890.0,4307.0,3525.0,,,
5040167277,2022,moscow reg.,47.62,1875.0,-189.0,1568.0,-1792.0,984.0,,2.0,1.0,0.0,0.0,160.0,1408.0,817.0,2376.0,-2045.0,-170.0,-170.0,,,
5018189959,2022,moscow reg.,46.34,136230.0,1962.0,22313.0,1897.0,11959.0,,5.0,1.0,1.0,0.0,4147.0,18166.0,3181.0,8457.0,-124546.0,11684.0,4305.0,,,
5410079701,2022,novosibirsk,38.32.52,2634.0,26.0,16568.0,36.0,10191.0,,3.0,1.0,1.0,0.0,,16568.0,325.0,6341.0,-2526.0,108.0,33.0,,,
2632082114,2022,stavropol,68.31.50,,,,,,,16.0,1.0,0.0,0.0,,,,,,,,,,
1655175451,2022,tatarstan,33.12,4495.0,5.0,2342.0,1870.0,472.0,,13.0,1.0,1.0,0.0,,2342.0,108.0,,-4411.0,84.0,49.0,,,
5257204326,2022,nizhni novgorod,41.20,2215.0,67.0,931.0,139.0,792.0,,1.0,1.0,1.0,0.0,,931.0,18.0,,-2091.0,124.0,85.0,,,
7606085277,2022,yaroslavl,47.52,,,,,,,11.0,1.0,0.0,0.0,,,,,,,,,,
0707010300,2022,kabardino-balkaria,42.21,1120.0,-255.0,1522.0,1522.0,,,21.0,1.0,1.0,0.0,1522.0,,,,-1364.0,-244.0,-244.0,,,
1300003011,2022,mordovia,71.20.20,,0.0,0.0,,,,0.0,0.0,0.0,0.0,,,,,,,,,,
0275909055,2022,bashkortostan,74.20,172.0,-2.0,12.0,10.0,2.0,,6.0,1.0,1.0,0.0,10.0,2.0,,,-166.0,6.0,-2.0,,,
6161054216,2022,rostov,22.29,1259.0,-228.0,1280.0,1239.0,41.0,,13.0,1.0,1.0,0.0,0.0,1280.0,581.0,,-1468.0,-209.0,-215.0,,,
5906147354,2022,perm,49.41,,,,,,,5.0,1.0,0.0,0.0,,,,,,,,,,
7733389849,2022,moscow city,81.10,1295.0,38.0,48.0,48.0,,,0.0,1.0,1.0,0.0,,48.0,1.0,,-1247.0,48.0,48.0,,,
2454029854,2022,krasnoyarsk,68.32.10,,,10.0,10.0,,,1.0,1.0,1.0,0.0,,10.0,10.0,,,,,,,
7017418409,2022,tomsk,71.12,825.0,-1032.0,6564.0,4818.0,1746.0,,5.0,1.0,1.0,0.0,24.0,6540.0,714.0,,-1801.0,-976.0,-945.0,,,
1686022688,2022,tatarstan,43.33,,,10.0,10.0,,,0.0,0.0,1.0,0.0,,10.0,,,,,,,,
5410785785,2022,novosibirsk,95.29.90,,,,,,,8.0,1.0,0.0,0.0,,,,,,,,,,
1660172960,2022,tatarstan,77.32,,,,,,,10.0,1.0,0.0,0.0,,,,,,,,,,
5260290580,2022,moscow city,41.20,,,25926.0,25771.0,155.0,,12.0,1.0,0.0,0.0,,25926.0,,,,,,,,
0725029381,2022,kabardino-balkaria,41.20,,,,,,,2.0,1.0,0.0,0.0,,,,,,,,,,
2626050509,2022,stavropol,26.20,85038.0,-10057.0,208857.0,-10797.0,219654.0,-128344.0,1.0,1.0,1.0,0.0,68195.0,140662.0,2645.0,,-77271.0,-2730.0,-10057.0,-150.0,131030.0,2536.0
8612015914,2022,khanty-mansijsk,47.25,,0.0,1520.0,-16888.0,18408.0,,11.0,1.0,1.0,0.0,0.0,1520.0,1520.0,,,,0.0,,,
7723448012,2022,moscow city,45.31,164858.0,8008.0,81583.0,25659.0,55924.0,,6.0,1.0,1.0,0.0,,81583.0,11182.0,,-155572.0,9286.0,9259.0,,,
2511086964,2022,primorsky terr.,01.41,,,,,,,8.0,1.0,0.0,0.0,,,,,,,,,,
7714958930,2022,moscow city,49.42,,,,,,,6.0,1.0,0.0,0.0,,,,,,,,,,
5041206592,2022,moscow reg.,56.10,63800.0,713.0,62559.0,11948.0,18680.0,,5.0,1.0,1.0,0.0,563.0,61997.0,11422.0,31647.0,-63553.0,247.0,1444.0,,,
4029042402,2022,kaluga,45.11.20,259542.0,242.0,65779.0,11338.0,27201.0,,12.0,1.0,1.0,0.0,1106.0,64673.0,2202.0,27240.0,-228663.0,-1583.0,258.0,,,
1328005146,2022,mordovia,33.13,,,,,,,10.0,1.0,0.0,0.0,,,,,,,,,,
1501032823,2022,north ossetia,94.99,,,0.0,0.0,,,21.0,1.0,1.0,0.0,,,,,,,,,,
5222002255,2022,nizhni novgorod,01.11.10,2704.0,0.0,8426.0,8426.0,0.0,,20.0,1.0,1.0,0.0,1589.0,6837.0,259.0,0.0,-2585.0,119.0,225.0,,,
7811646493,2022,sankt-petersburg,47.59.40,,,,,,,5.0,1.0,0.0,0.0,,,,,,,,,,
0277102235,2022,bashkortostan,47.20,,,,,,,13.0,1.0,0.0,0.0,,,,,,,,,,
7725774540,2022,moscow city,52.29,304.0,-1323.0,22400.0,3131.0,18606.0,,10.0,1.0,1.0,0.0,0.0,22400.0,1013.0,663.0,-1609.0,-1305.0,-1323.0,,,
3122005788,2022,belgorod,41.20,,,10.0,10.0,,,6.0,1.0,0.0,0.0,,10.0,10.0,,,,,,,
2130034269,2022,chuvashia,86.23,2195.0,53.0,326.0,286.0,40.0,,14.0,1.0,1.0,0.0,205.0,121.0,23.0,,-2062.0,133.0,119.0,,,
5509011205,2022,omsk,03.22,,,,,,,3.0,1.0,0.0,0.0,,,,,,,,,,
5407206244,2022,novosibirsk,68.20.20,392.0,-116.0,681.0,630.0,51.0,,23.0,1.0,1.0,0.0,24.0,657.0,,,-491.0,-99.0,-103.0,,,
7002017115,2022,tomsk,85.42.90,4971.0,-8.0,47.0,10.0,37.0,,8.0,1.0,1.0,0.0,0.0,47.0,0.0,,-4979.0,-8.0,-8.0,,,
5001146330,2022,moscow reg.,47.91,296.0,-267.0,690.0,-257.0,947.0,,0.0,1.0,1.0,0.0,0.0,690.0,59.0,0.0,-555.0,-259.0,-264.0,,,
7723380999,2022,moscow city,46.90,,,,,,,7.0,1.0,0.0,0.0,,,,,,,,,,
7723902050,2022,moscow city,46.31,,,,,,,8.0,1.0,0.0,0.0,,,,,,,,,,
2632812233,2022,stavropol,46.73,128446.0,3201.0,25108.0,24207.0,901.0,,8.0,1.0,1.0,0.0,,25108.0,262.0,0.0,-124286.0,4160.0,4001.0,,,
7724463060,2022,moscow city,78.10,,,,,,,3.0,1.0,0.0,0.0,,,,,,,,,,
1435343968,2022,yakutia,68.32.20,,,,,,,3.0,1.0,0.0,0.0,,,,,,,,,,
7806225073,2022,sankt-petersburg,46.73.60,,,,,,,6.0,1.0,0.0,0.0,,,,,,,,,,
5405073535,2022,novosibirsk,46.73,9220.0,207.0,1533.0,307.0,1226.0,,0.0,1.0,1.0,0.0,,1533.0,3.0,,-6005.0,281.0,259.0,,,
5038104463,2022,moscow reg.,68.32,,,0.0,0.0,,,8.0,1.0,1.0,0.0,0.0,0.0,0.0,,,,,,,
5754000146,2022,oryol,26.51.80,17362.0,4251.0,20780.0,19925.0,855.0,4048.0,22.0,1.0,1.0,0.0,10774.0,10006.0,9267.0,,-11871.0,4968.0,5075.0,,-5220.0,-1172.0
5321112347,2022,novgorod,47.70,56748.0,2620.0,2671.0,2631.0,40.0,,16.0,1.0,1.0,0.0,,2671.0,30.0,0.0,-51502.0,5246.0,5246.0,,,
6617028134,2022,sverdlovsk,69.10,223.0,56.0,66.0,66.0,0.0,,2.0,1.0,1.0,0.0,,66.0,,,-167.0,56.0,56.0,,,0.0
5904280086,2022,perm,47.73,1785042.0,75937.0,601926.0,7900.0,387780.0,214306.0,10.0,1.0,1.0,0.0,234332.0,367594.0,102188.0,,-1416622.0,41582.0,94600.0,12120.0,-191210.0,35216.0
7710225450,2022,moscow city,62.01,1509483.0,124017.0,886337.0,602870.0,242570.0,347159.0,25.0,1.0,1.0,0.0,103501.0,782836.0,100518.0,0.0,-1083428.0,186172.0,155028.0,-322588.0,8689.0,33260.0
7726448050,2022,moscow city,56.10,,,,,,,3.0,1.0,0.0,0.0,,,,,,,,,,
9500020266,2022,kherson,01.11,,,13511.0,13511.0,,,10.0,1.0,0.0,0.0,13511.0,,,,,,,,,
7725822593,2022,moscow city,46.73,3093.0,235.0,3377.0,1435.0,80.0,,8.0,1.0,1.0,0.0,,3377.0,9.0,1862.0,-2756.0,337.0,295.0,,,
8617026003,2022,khanty-mansijsk,79.11,,,,,,,15.0,1.0,0.0,0.0,,,,,,,,,,
5260273390,2022,nizhni novgorod,46.38.10,684.0,46.0,105.0,-26.0,131.0,,12.0,1.0,1.0,0.0,,105.0,0.0,,-630.0,54.0,54.0,,,
7105046414,2022,tula,86.23,14341.0,2450.0,5027.0,4898.0,129.0,,6.0,1.0,1.0,0.0,747.0,4280.0,3184.0,,-11270.0,3071.0,2914.0,,,
0276946155,2022,bashkortostan,69.10,,,10.0,10.0,,,3.0,1.0,1.0,0.0,,10.0,,,,,,,,0.0
4632245130,2022,kursk,45.20,,,10.0,10.0,,,4.0,1.0,1.0,0.0,10.0,,,,,,,,,
1513058350,2022,north ossetia,62.09,101834.0,21817.0,25274.0,23987.0,1287.0,,6.0,1.0,1.0,0.0,,25274.0,781.0,,-76402.0,25432.0,25390.0,,,
7713699257,2022,moscow city,71.10,3703.0,1129.0,2135.0,2072.0,63.0,,12.0,1.0,1.0,0.0,0.0,2135.0,2112.0,,-2240.0,1463.0,1240.0,,,
5024121370,2022,moscow reg.,86.10,,,,,,,11.0,1.0,0.0,0.0,,,,,,,,,,
7730032304,2022,moscow city,70.22,15606.0,11736.0,1946.0,1705.0,241.0,,30.0,1.0,1.0,0.0,1465.0,481.0,59.0,,-3244.0,12362.0,12204.0,,,
0274954827,2022,bashkortostan,46.71,260296.0,770.0,108101.0,1135.0,104936.0,,2.0,1.0,1.0,0.0,,108101.0,1214.0,2030.0,-259285.0,1011.0,962.0,,,
7024023602,2022,tomsk,62,1465.0,417.0,1294.0,525.0,769.0,,17.0,1.0,1.0,0.0,,1294.0,21.0,,-988.0,477.0,464.0,,,
7805785428,2022,sankt-petersburg,49.41,15593.0,859.0,12663.0,869.0,7986.0,,1.0,1.0,1.0,0.0,5962.0,6701.0,1199.0,,-14384.0,1209.0,1031.0,,,
0521017250,2022,dagestan,46.90,,,,,,,4.0,1.0,0.0,0.0,,,,,,,,,,
4323009128,2022,kirov,46.73,,,,,,,6.0,1.0,0.0,0.0,,,,,,,,,,
6623139869,2022,sverdlovsk,46.45,,-20.0,124.0,-11.0,9.0,,0.0,1.0,1.0,0.0,,124.0,15.0,126.0,-19.0,-19.0,-20.0,,,
9710071370,2022,volgograd,01.11,18675.0,405.0,109970.0,1786.0,25722.0,-16261.0,4.0,1.0,1.0,0.0,70572.0,39398.0,336.0,69950.0,-11943.0,-2048.0,607.0,-3128.0,19723.0,334.0
7722496951,2022,moscow city,46.44,,,0.0,,,,1.0,1.0,1.0,0.0,,,,,,,,,,
2635245649,2022,stavropol,46.46.20,425.0,-403.0,85.0,-81.0,126.0,,2.0,1.0,1.0,0.0,,85.0,0.0,40.0,-831.0,-406.0,-394.0,,,
2634075271,2022,stavropol,69.10,78.0,-119.0,509.0,368.0,36.0,,15.0,1.0,1.0,0.0,,509.0,12.0,105.0,-187.0,-109.0,-117.0,,,
5433961780,2022,novosibirsk,68.20,13411.0,-2551.0,126941.0,74580.0,52361.0,,5.0,1.0,1.0,0.0,97651.0,29290.0,3.0,,-6894.0,-1667.0,-2304.0,,,
1659155417,2022,tatarstan,25.93,,,0.0,0.0,0.0,,7.0,1.0,1.0,0.0,0.0,0.0,0.0,0.0,,,,,,
5260487956,2022,nizhni novgorod,68.32.10,,,0.0,,,,0.0,0.0,1.0,0.0,,,,,,,,,,
4902009859,2022,magadan,41.20,4537831.0,1549302.0,3146165.0,1705058.0,1370615.0,954538.0,21.0,1.0,1.0,0.0,1199852.0,1946313.0,9629.0,,-2622620.0,1893710.0,1950272.0,-753055.0,,201483.0
2464205820,2022,krasnoyarsk,47.59.10,144156.0,-3641.0,11478.0,10762.0,716.0,,14.0,1.0,1.0,0.0,,11478.0,5776.0,,-119980.0,24176.0,-1874.0,,,
2624032906,2022,stavropol,01.10,118315.0,12556.0,696340.0,446154.0,74924.0,-79821.0,12.0,1.0,1.0,0.0,547385.0,148955.0,59268.0,149050.0,-94468.0,9274.0,12756.0,3510.0,108864.0,32553.0
1215175490,2022,marij el,68.20,,,,,,,9.0,1.0,0.0,0.0,,,,,,,,,,
4703135672,2022,leningrad,41.20,,-184.0,40752.0,1864.0,7687.0,-4.0,9.0,1.0,1.0,0.0,,40752.0,2.0,31201.0,,-170.0,-184.0,,,-4.0
2505010251,2022,primorsky terr.,46.73,,,,,,,16.0,1.0,0.0,0.0,,,,,,,,,,
6732156230,2022,smolensk,46.32,,,,,,,5.0,1.0,0.0,0.0,,,,,,,,,,
3324005117,2022,vladimir,68.32.20,,,,,,,22.0,1.0,0.0,0.0,,,,,,,,,,
9715353226,2022,moscow city,49.39,9925.0,169.0,30361.0,1639.0,2329.0,,3.0,1.0,1.0,0.0,23966.0,6395.0,560.0,2842.0,0.0,364.0,200.0,,,
2508073316,2022,primorsky terr.,47.29.39,18139.0,1907.0,5819.0,3698.0,2121.0,,16.0,1.0,1.0,0.0,,5819.0,8.0,,-15966.0,2173.0,2089.0,,,
7701814297,2022,moscow city,81.22,2830.0,174.0,817.0,263.0,554.0,,14.0,1.0,1.0,0.0,,818.0,175.0,,-2463.0,367.0,344.0,,,
5309005349,2022,novgorod,01.41,,,,,,,22.0,1.0,0.0,0.0,,,,,,,,,,
2277012296,2022,altai terr.,47.20,,-65.0,173.0,173.0,,,11.0,1.0,0.0,0.0,164.0,9.0,4.0,,-61.0,-61.0,-65.0,,,
7728764766,2022,moscow city,43.21,1749.0,139.0,146.0,131.0,15.0,,11.0,1.0,1.0,0.0,,146.0,119.0,,-1550.0,199.0,191.0,,,
2221022052,2022,altai terr.,56.10,,,10.0,10.0,,,23.0,1.0,1.0,0.0,0.0,10.0,0.0,,,,,,,
7805395347,2022,sankt-petersburg,69.20.20,1388.0,-173.0,1072.0,510.0,562.0,,16.0,1.0,1.0,0.0,,1073.0,21.0,,-1353.0,35.0,-165.0,,,
7807365500,2022,sankt-petersburg,41.20,59843.0,112.0,7692.0,124.0,7568.0,,11.0,1.0,1.0,0.0,,7692.0,2001.0,,-59731.0,112.0,112.0,,,
9717062600,2022,moscow city,81.21,,-342.0,1087.0,-309.0,905.0,,5.0,1.0,1.0,0.0,,1087.0,7.0,491.0,,,-342.0,,,
6139005855,2022,rostov,01.11.10,3457.0,557.0,5073.0,4368.0,705.0,,25.0,1.0,1.0,0.0,797.0,4276.0,291.0,,-2812.0,645.0,557.0,,,
7838485490,2022,sankt-petersburg,52.29,1879.0,742.0,5647.0,2269.0,3343.0,145.0,9.0,1.0,1.0,0.0,,5647.0,1838.0,,,733.0,929.0,,,145.0
0269021102,2022,bashkortostan,47.29,14675.0,320.0,5568.0,5079.0,489.0,,18.0,1.0,1.0,0.0,,5568.0,102.0,,-14307.0,368.0,368.0,,,
1327036448,2022,mordovia,46.73.60,164776.0,8578.0,27545.0,15097.0,5350.0,,2.0,1.0,1.0,0.0,6537.0,21008.0,2476.0,7038.0,-153980.0,10796.0,10722.0,,,
2310219452,2022,krasnodar,46.31,,,,,,,2.0,1.0,0.0,0.0,,,,,,,,,,
2724203633,2022,khabarovsk,47.11,3265.0,312.0,964.0,322.0,642.0,,7.0,1.0,1.0,0.0,,964.0,96.0,,-1834.0,271.0,271.0,,,
6501274892,2022,sakhalin,77.39,29397.0,-1110.0,86805.0,84952.0,1590.0,20899.0,7.0,1.0,0.0,0.0,32066.0,54739.0,49885.0,,-14015.0,7096.0,-1383.0,-15603.0,,5296.0
2308111860,2022,krasnodar,69.10,,,,,,,17.0,1.0,0.0,0.0,,,,,,,,,,
2222876755,2022,altai terr.,49.41,,,,,,,3.0,1.0,0.0,0.0,,,,,,,,,,
7811485006,2022,sankt-petersburg,46.90,13196.0,1144.0,5420.0,2365.0,3055.0,,11.0,1.0,1.0,0.0,0.0,5420.0,1722.0,0.0,-11027.0,1467.0,1430.0,,,
5404432478,2022,novosibirsk,68.32.20,,,,,,,11.0,1.0,0.0,0.0,,,,,,,,,,
6672170798,2022,sverdlovsk,85.23,974.0,-2762.0,9411.0,-9050.0,13046.0,,18.0,1.0,1.0,0.0,9000.0,411.0,56.0,5415.0,-3667.0,-2693.0,-2701.0,,,
1840107569,2022,udmurtia,41.20,22614.0,316.0,8462.0,326.0,7597.0,,1.0,1.0,1.0,0.0,,8462.0,3190.0,539.0,-22112.0,502.0,400.0,,,
7603070603,2022,yaroslavl,41.20,,,0.0,0.0,,,4.0,1.0,1.0,0.0,,0.0,,,,,,,,
7743225416,2022,moscow city,62.01,97620.0,-211.0,19250.0,-6277.0,25528.0,,5.0,1.0,1.0,0.0,138.0,19113.0,113.0,,-96625.0,995.0,770.0,,,
2543165023,2022,primorsky terr.,45.19,4547878.0,297016.0,3531558.0,297066.0,3218940.0,-24490.0,0.0,1.0,1.0,0.0,18325.0,3513233.0,87498.0,,-4163170.0,383734.0,371394.0,-18.0,58.0,-24450.0
7713565415,2022,moscow city,47.20,26941.0,1575.0,14934.0,2575.0,309.0,,17.0,1.0,1.0,0.0,14550.0,384.0,120.0,12050.0,-24432.0,1853.0,1853.0,,,
2632110379,2022,stavropol,46.69.50,57728.0,990.0,21629.0,2475.0,19154.0,,4.0,1.0,1.0,0.0,53.0,21576.0,846.0,,-56438.0,1290.0,1243.0,,,
0323416870,2022,buryatia,81.21,3528.0,516.0,551.0,551.0,,,1.0,1.0,1.0,0.0,,551.0,69.0,,-2874.0,654.0,614.0,,,
0531011000,2022,dagestan,16.21.21,,,,,,,14.0,1.0,0.0,0.0,,,,,,,,,,
7714899315,2022,moscow city,58,27360.0,3670.0,10669.0,9332.0,1337.0,,9.0,1.0,1.0,0.0,1062.0,9608.0,2488.0,,-22848.0,4512.0,4318.0,,,
7702375187,2022,moscow city,68.20,0.0,0.0,81018.0,1888.0,79130.0,,7.0,1.0,1.0,0.0,,81017.0,159.0,,,0.0,0.0,,,
6831021674,2022,lipetzk,86.21,9199.0,3169.0,8292.0,6786.0,1506.0,,20.0,1.0,1.0,0.0,,8292.0,38.0,,-2593.0,3534.0,3278.0,,,
7017350197,2022,tomsk,10.39,7663.0,-6372.0,2730.0,1727.0,1003.0,,8.0,1.0,1.0,0.0,8.0,2722.0,98.0,0.0,0.0,-415.0,-6295.0,,,
3812146993,2022,irkutsk,41.20,,,,,,,9.0,1.0,0.0,0.0,,,,,,,,,,
9723166406,2022,moscow city,33.12,42.0,-103.0,24.0,-93.0,117.0,,0.0,1.0,1.0,0.0,,24.0,14.0,,-141.0,-99.0,-103.0,,,
4826122970,2022,lipetzk,41.20,22830.0,2776.0,18489.0,17635.0,854.0,,6.0,1.0,1.0,0.0,,18489.0,4799.0,0.0,-19720.0,3110.0,3006.0,,,
7609039286,2022,yaroslavl,17.21,11504.0,98.0,3415.0,718.0,2087.0,,3.0,1.0,1.0,0.0,0.0,3415.0,1.0,610.0,-11356.0,148.0,122.0,,,
7810940076,2022,sankt-petersburg,43.29,,,,,,,0.0,1.0,0.0,0.0,,,,,,,,,,
7329015596,2022,ulyanovsk,43.91,,,,,,,8.0,1.0,0.0,0.0,,,,,,,,,,
7714469859,2022,moscow city,42.13,557247.0,607.0,248040.0,-12659.0,260038.0,288244.0,1.0,1.0,1.0,0.0,1414.0,246626.0,9.0,,-483600.0,8238.0,1567.0,,0.0,288244.0
7736329929,2022,moscow city,46.49,5711.0,257.0,1600.0,97.0,1503.0,,2.0,1.0,1.0,0.0,,1600.0,144.0,,-4104.0,386.0,321.0,,,
2320181455,2022,krasnodar,46.71,0.0,-140.0,161.0,161.0,0.0,,12.0,1.0,1.0,0.0,,161.0,15.0,,-128.0,-128.0,-140.0,,,
5047259632,2022,moscow reg.,46.90,143813.0,1197.0,9673.0,1299.0,8374.0,,1.0,1.0,1.0,0.0,,9673.0,47.0,,-142278.0,1535.0,1497.0,,,
9701183239,2022,moscow city,63.11,,,88.0,88.0,,,1.0,1.0,1.0,0.0,,88.0,88.0,,,,,,,
7713443657,2022,moscow city,86.22,651.0,-232.0,959.0,-4314.0,3146.0,,5.0,1.0,1.0,0.0,0.0,959.0,15.0,2127.0,-866.0,-215.0,-225.0,,,
3328025650,2022,vladimir,20.59,3983.0,13.0,1701.0,142.0,1560.0,,2.0,1.0,1.0,0.0,,1701.0,63.0,,-99.0,18.0,16.0,,,
7842173487,2022,sankt-petersburg,81.22,,,,,,,3.0,1.0,0.0,0.0,,,,,,,,,,
9722027738,2022,moscow city,46.13,,,10.0,10.0,,,0.0,1.0,1.0,0.0,0.0,10.0,10.0,,,,,,,
6686026667,2022,sverdlovsk,47.73,,,2.0,-70.0,72.0,,9.0,1.0,1.0,0.0,,2.0,0.0,,,,,,,
9728069082,2022,moscow city,41.20,592.0,218.0,245.0,218.0,27.0,,0.0,1.0,1.0,0.0,,245.0,2.0,,,287.0,272.0,,,0.0
7702528588,2022,moscow city,52.10,,0.0,2.0,2.0,,,18.0,1.0,1.0,0.0,,2.0,2.0,,0.0,0.0,0.0,,,
7734379716,2022,moscow city,46.90,,,,,,,6.0,1.0,0.0,0.0,,,,,,,,,,
7701400264,2022,moscow city,43.29,0.0,-1914.0,15589.0,14750.0,839.0,,8.0,1.0,1.0,0.0,49.0,15540.0,568.0,,-1858.0,-1858.0,-1914.0,,,
7706462095,2022,moscow city,46.73,37880.0,786.0,816.0,816.0,,,4.0,1.0,1.0,0.0,,816.0,398.0,,-36897.0,983.0,983.0,,,
7716777143,2022,moscow city,41.20,,,,,,,8.0,1.0,0.0,0.0,,,,,,,,,,
7451215940,2022,chelyabinsk,46.40,94066.0,47.0,29777.0,-1015.0,17787.0,,17.0,1.0,1.0,0.0,6687.0,23090.0,2784.0,7420.0,-64409.0,1960.0,277.0,,,
9705076799,2022,moscow city,46.69.70,937.0,57.0,216.0,144.0,72.0,,6.0,1.0,1.0,0.0,194.0,22.0,20.0,,-521.0,133.0,70.0,,,
7734410451,2022,moscow city,46.38.29,,,,,,,4.0,1.0,0.0,0.0,,,,,,,,,,
2367001997,2022,krasnodar,47.59,793.0,39.0,17682.0,506.0,5497.0,,4.0,1.0,1.0,0.0,917.0,16765.0,218.0,11680.0,-728.0,65.0,48.0,,,
6317108269,2022,samara,80.10,47639.0,-4485.0,11306.0,762.0,10544.0,,7.0,1.0,1.0,0.0,1689.0,9617.0,48.0,,-51963.0,-4324.0,-4485.0,,,
1655386526,2022,tatarstan,71.12.20,6299.0,24373.0,5615437.0,384395.0,24732.0,-2125259.0,5.0,1.0,1.0,0.0,1815902.0,3799535.0,2225244.0,5206311.0,,-54252.0,24493.0,-46048.0,106274.0,-2065033.0
6234200581,2022,ryazan,43.22,17130.0,12.0,20334.0,12.0,20317.0,,0.0,1.0,1.0,0.0,,20334.0,429.0,5.0,-16975.0,155.0,15.0,,,
7801333981,2022,sankt-petersburg,96.04,,,,,,,5.0,1.0,0.0,0.0,,,,,,,,,,
7726475582,2022,moscow city,46.31,,,100.0,100.0,,,1.0,1.0,0.0,0.0,,100.0,,,,,,,,
5019025801,2022,moscow city,41.20,,,,,,,8.0,1.0,0.0,0.0,,,,,,,,,,
3810079244,2022,irkutsk,46.71,5969.0,12.0,3488.0,2270.0,962.0,,3.0,1.0,1.0,0.0,,3488.0,111.0,256.0,-5891.0,78.0,15.0,,,
8603241113,2022,khanty-mansijsk,72.20,0.0,-11.0,23.0,23.0,,,2.0,1.0,1.0,0.0,,23.0,23.0,,-11.0,-11.0,-11.0,,,
9706008657,2022,moscow city,71.20,99748.0,24355.0,56789.0,24572.0,32216.0,,2.0,1.0,1.0,0.0,49.0,56740.0,11112.0,1.0,-72841.0,26907.0,28331.0,,,
3309003186,2022,vladimir,68.32.10,,,,,,,55.0,1.0,0.0,0.0,,,,,,,,,,
2635235016,2022,stavropol,41.20,,,1797176.0,10.0,348641.0,-1045520.0,4.0,1.0,1.0,0.0,,1797176.0,852662.0,1448525.0,,,,,1897786.0,852266.0
1644098460,2022,tatarstan,41.10,0.0,-4.0,3128.0,32.0,3083.0,,1.0,1.0,1.0,0.0,,3127.0,,13.0,0.0,,-4.0,,,
4205411337,2022,kemerovo,45.31,,0.0,0.0,,,,0.0,0.0,0.0,0.0,,,,,,,,,,
3508010572,2022,vologda,69.10,9498.0,2980.0,7336.0,3369.0,3967.0,56.0,3.0,1.0,1.0,0.0,2979.0,4357.0,232.0,,-5174.0,4324.0,2980.0,0.0,,56.0
5036144887,2022,moscow reg.,66.19,,-13.0,34.0,-1262.0,1296.0,,8.0,1.0,1.0,0.0,,34.0,30.0,,-2.0,-2.0,-13.0,,,
0270014269,2022,bashkortostan,94.20,,,,,,,19.0,1.0,0.0,0.0,,,,,,,,,,
7807225460,2022,sankt-petersburg,45.31.10,,,,,,,3.0,1.0,0.0,0.0,,,,,,,,,,
6165001550,2022,rostov,71.12.10,0.0,-50.0,2045.0,-376.0,2045.0,,30.0,1.0,1.0,0.0,0.0,2045.0,0.0,376.0,-32.0,-32.0,56.0,,,
7734255929,2022,moscow city,46.73,21671.0,616.0,19550.0,2324.0,17226.0,,19.0,1.0,1.0,0.0,,19550.0,1376.0,,-20552.0,1119.0,770.0,,,
2460119760,2022,krasnoyarsk,68.20,2252.0,72.0,590.0,-215.0,805.0,,1.0,1.0,1.0,0.0,,590.0,4.0,,-2013.0,239.0,174.0,,,
7460057697,2022,chelyabinsk,41.20,,,,,,,0.0,1.0,0.0,0.0,,,,,,,,,,
5402523803,2022,novosibirsk,46.73,2164.0,16.0,785.0,134.0,651.0,,12.0,1.0,1.0,0.0,,785.0,18.0,,-2137.0,27.0,21.0,,,
9102016648,2022,crimea,45.20,25812.0,-237.0,2750.0,877.0,1873.0,,8.0,1.0,1.0,0.0,55.0,2695.0,1239.0,0.0,-25791.0,21.0,21.0,,,
8602302028,2022,khanty-mansijsk,41.20,,0.0,262.0,16.0,4.0,-71.0,1.0,1.0,1.0,0.0,201.0,61.0,6.0,242.0,,,0.0,,70.0,-1.0
7727467143,2022,moscow city,94.99,,,15.0,,4.0,,1.0,1.0,1.0,0.0,,15.0,15.0,,,,,,,
7838302771,2022,sankt-petersburg,73.20,513.0,-181.0,240.0,-7.0,247.0,,18.0,1.0,1.0,0.0,,240.0,79.0,,-586.0,-73.0,-176.0,,,
7813017589,2022,sankt-petersburg,14.13,,,,,,,30.0,1.0,0.0,0.0,,,,,,,,,,
7806295017,2022,sankt-petersburg,46.73,14764.0,238.0,1147.0,927.0,220.0,,5.0,1.0,1.0,0.0,,1147.0,27.0,,-13252.0,1512.0,1124.0,,,
7733387513,2022,moscow city,88.91,281.0,131.0,140.0,,9.0,,0.0,1.0,0.0,0.0,,140.0,140.0,,-93.0,188.0,140.0,,,
7205023587,2022,tyumen,43.21,,-101.0,0.0,-490.0,490.0,,10.0,1.0,1.0,0.0,,,,,,,-15.0,,,
7719154475,2022,moscow city,68.20,11356.0,6958.0,4228.0,4163.0,65.0,,25.0,1.0,1.0,0.0,1619.0,2609.0,2242.0,,-3999.0,7357.0,7304.0,,,
0323125832,2022,buryatia,55.10,51322.0,9911.0,107763.0,67619.0,26968.0,,16.0,1.0,1.0,0.0,,107763.0,20492.0,13176.0,-40484.0,10838.0,10423.0,,,
4205281695,2022,kemerovo,01.11,432005.0,236268.0,805598.0,735554.0,33414.0,,8.0,1.0,1.0,0.0,401355.0,404243.0,248.0,,-211763.0,220242.0,236849.0,,,
2301067387,2022,krasnodar,64.99.30,,,,,,,14.0,1.0,0.0,0.0,,,,,,,,,,
2901092138,2022,arkhangelsk,68.32.10,,,194.0,0.0,194.0,,22.0,1.0,1.0,0.0,,194.0,5.0,,,,,,,
7734402651,2022,moscow city,69.20,20458.0,1358.0,2670.0,1188.0,1482.0,,5.0,1.0,1.0,0.0,,2670.0,1120.0,,-19102.0,1356.0,1358.0,,,
7718186918,2022,moscow city,46.90,3158.0,855.0,5863.0,5165.0,698.0,,21.0,1.0,1.0,0.0,5472.0,391.0,391.0,,-2262.0,896.0,855.0,,,
7716919101,2022,moscow city,43.21,14257.0,423.0,12015.0,11212.0,698.0,,4.0,1.0,1.0,0.0,,12015.0,2222.0,105.0,-13455.0,802.0,775.0,,,0.0
7802832461,2022,sankt-petersburg,46.45,5956.0,379.0,10894.0,10248.0,646.0,,9.0,1.0,1.0,0.0,,10894.0,2794.0,,-5477.0,479.0,463.0,,,
7721511830,2022,moscow city,88.10,,,,,,,18.0,1.0,0.0,0.0,,,,,,,,,,
5047221251,2022,moscow reg.,68.20,,,,,,,3.0,1.0,0.0,0.0,,,,,,,,,,
1674001299,2022,tatarstan,74.10,,,,,,,0.0,1.0,0.0,0.0,,,,,,,,,,
7813271105,2022,sankt-petersburg,45.40,12022.0,4184.0,6815.0,4635.0,2180.0,,5.0,1.0,1.0,0.0,,6815.0,61.0,,-6749.0,5273.0,5238.0,,,
5031110309,2022,moscow reg.,46.33,1012251.0,135955.0,338822.0,229868.0,103954.0,241403.0,8.0,1.0,1.0,0.0,37.0,338785.0,3221.0,5000.0,-773097.0,162348.0,170014.0,665000.0,-78481.0,827922.0
3243501075,2022,bryansk,71.12.53,1476.0,24.0,1310.0,303.0,1007.0,,13.0,1.0,1.0,0.0,,1310.0,10.0,,-1452.0,24.0,24.0,,,
7729785800,2022,moscow city,71.11.10,,,,,,,8.0,1.0,0.0,0.0,,,,,,,,,,
7729636580,2022,moscow city,79.10,,,18.0,18.0,,,13.0,1.0,1.0,0.0,,18.0,,,,,,,,
7806600609,2022,sankt-petersburg,41.20,,,,,,,0.0,1.0,0.0,0.0,,,,,,,,,,
3017043495,2022,astrakhan,41.20,37986.0,9072.0,17331.0,14713.0,2618.0,,17.0,1.0,1.0,0.0,2084.0,15247.0,4756.0,,-27544.0,10442.0,9072.0,,,
2462071970,2022,krasnoyarsk,81.29.10,,,,,,,1.0,1.0,0.0,0.0,,,,,,,,,,
5256184645,2022,nizhni novgorod,22.29.20,36665.0,8099.0,10725.0,7648.0,1498.0,1391.0,3.0,1.0,1.0,0.0,1116.0,9609.0,159.0,1114.0,-22509.0,10227.0,10009.0,82.0,-1427.0,46.0
2632087730,2022,stavropol,70.22,,,18.0,18.0,,,15.0,1.0,1.0,0.0,0.0,18.0,18.0,,,,,,,
9723183176,2022,moscow city,62.01,,0.0,0.0,0.0,0.0,,0.0,0.0,0.0,0.0,,0.0,,,,,0.0,,,
3328414047,2022,vladimir,69.20.10,126.0,28.0,1000.0,999.0,1.0,,24.0,1.0,1.0,0.0,,1000.0,984.0,,-69.0,57.0,33.0,,,
6027196915,2022,pskov,49.41,,,,,,,3.0,1.0,0.0,0.0,,,,,,,,,,
9705108930,2022,moscow city,46.72,,,,,,,5.0,1.0,0.0,0.0,,,,,,,,,,
5038017108,2022,moscow reg.,01.25.10,183.0,5.0,264.0,230.0,34.0,,31.0,1.0,1.0,0.0,26.0,237.0,180.0,,-164.0,19.0,7.0,,,
5050024278,2022,moscow reg.,52.21.24,,,,,,,22.0,1.0,0.0,0.0,,,,,,,,,,
7729783024,2022,moscow city,71.11.10,14651.0,2871.0,1856.0,911.0,945.0,,8.0,1.0,1.0,0.0,,1856.0,11.0,,-10538.0,4113.0,3007.0,,,
7806529000,2022,sankt-petersburg,62.01,85618.0,3363.0,29568.0,21759.0,7809.0,,8.0,1.0,1.0,0.0,119.0,29449.0,13720.0,,-81108.0,4510.0,4199.0,,,
7708370379,2022,moscow city,41.20,,,,,,,2.0,1.0,0.0,0.0,,,,,,,,,,
2465131828,2022,krasnoyarsk,46.71.20,220321.0,1298.0,149583.0,2445.0,133487.0,,7.0,1.0,1.0,0.0,17002.0,132581.0,346.0,,-20621.0,2470.0,1623.0,,,
0700003430,2022,kabardino-balkaria,01.24,,,,,,,0.0,1.0,0.0,0.0,,,,,,,,,,
4101187962,2022,kamchatka,47.76.10,5068.0,-13.0,2494.0,2421.0,73.0,,3.0,1.0,1.0,0.0,,2494.0,2.0,,-4985.0,83.0,83.0,,,
7802889740,2022,sankt-petersburg,41.20,,,,,,,1.0,1.0,0.0,0.0,,,,,,,,,,
7715489086,2022,moscow city,94.12,,0.0,5.0,0.0,0.0,,7.0,1.0,1.0,0.0,,5.0,5.0,5.0,,,0.0,,,
1901111036,2022,khakasia,46.73,,,,,,,9.0,1.0,0.0,0.0,,,,,,,,,,
6678019754,2022,sverdlovsk,46.30,,,0.0,,,,10.0,1.0,1.0,0.0,,,,,,,,,,
2330025470,2022,krasnodar,45.20,2455338.0,102959.0,442090.0,184113.0,256718.0,-26785.0,20.0,1.0,1.0,0.0,26261.0,415830.0,33340.0,,-2222096.0,103959.0,129489.0,,29328.0,2543.0
7736311223,2022,moscow city,46.73.60,,,,,,,5.0,1.0,0.0,0.0,,,,,,,,,,
6670441675,2022,sverdlovsk,71.11,,,,,,,6.0,1.0,0.0,0.0,,,,,,,,,,
5017130832,2022,moscow reg.,43.22,,0.0,0.0,0.0,0.0,,0.0,0.0,0.0,0.0,,0.0,,,,,0.0,,,
1901119740,2022,khakasia,63.11.10,,,0.0,0.0,,,8.0,1.0,1.0,0.0,,0.0,,,,,,,,0.0
3123130051,2022,belgorod,25.62,19884.0,6135.0,18111.0,16976.0,1135.0,,17.0,1.0,1.0,0.0,5053.0,13058.0,3000.0,,-12022.0,6671.0,6731.0,,,
5609039268,2022,orenburg,42.11,,,,,,,19.0,1.0,0.0,0.0,,,,,,,,,,
5604032974,2022,orenburg,52.21,,,0.0,,,,3.0,1.0,1.0,0.0,,,,,,,,,,
6950075654,2022,tver,86.23,1070.0,-73.0,1183.0,1175.0,8.0,,14.0,1.0,1.0,0.0,,1183.0,382.0,,-1093.0,-23.0,-41.0,,,
5754024588,2022,oryol,86.10,10815.0,2452.0,1168.0,-1020.0,2188.0,,5.0,1.0,1.0,0.0,520.0,648.0,66.0,,-8509.0,2306.0,2572.0,,,
4205215195,2022,kemerovo,46.71,24680103.0,967731.0,5246794.0,2356117.0,1934090.0,-1172308.0,11.0,1.0,1.0,0.0,153635.0,5093159.0,520630.0,854000.0,-10126551.0,5162920.0,1218017.0,-17869.0,1177538.0,-12639.0
3915012790,2022,kaliningrad,68.32,10269.0,1340.0,5173.0,3526.0,1647.0,,5.0,1.0,1.0,0.0,25.0,5148.0,310.0,,-8069.0,1294.0,1172.0,,,
9729278272,2022,moscow city,62.01,1080.0,-3868.0,10466.0,-1067.0,10359.0,,4.0,1.0,1.0,0.0,,10466.0,1465.0,1174.0,-5212.0,-4132.0,-3857.0,,,
3122002321,2022,belgorod,68.32.10,,,,,,,7.0,1.0,0.0,0.0,,,,,,,,,,
2315098628,2022,krasnodar,94.99,,,,,,,20.0,1.0,0.0,0.0,,,,,,,,,,
1659147110,2022,tatarstan,46.74,163560.0,284.0,10.0,10.0,,,8.0,1.0,0.0,0.0,,10.0,,,-163205.0,355.0,355.0,,,
9726018558,2022,moscow city,46.69,17410.0,1577.0,2739.0,1677.0,1062.0,,0.0,1.0,1.0,0.0,,2739.0,2702.0,,-15423.0,1987.0,1971.0,,,
3324122318,2022,vladimir,43.32,,,,,,,13.0,1.0,0.0,0.0,,,,,,,,,,
5003139497,2022,moscow reg.,46.32,,,,,,,2.0,1.0,0.0,0.0,,,,,,,,,,
7825503150,2022,sankt-petersburg,86.23,,,,,,,19.0,1.0,0.0,0.0,,,,,,,,,,
3124018817,2022,belgorod,71.10,11437.0,5244.0,6296.0,2887.0,3409.0,,28.0,1.0,1.0,0.0,845.0,5451.0,1381.0,,-6017.0,5420.0,5244.0,,,
6140012663,2022,rostov,88.99,,,,,,,2.0,1.0,0.0,0.0,,,,,,,,,,
6671153359,2022,sverdlovsk,46.74,,,0.0,0.0,,,1.0,1.0,1.0,0.0,,,,,,,,,,
4217194750,2022,kemerovo,41.20,,,,,,,3.0,1.0,0.0,0.0,,,,,,,,,,
0721058374,2022,kabardino-balkaria,41.20,,,,,,,14.0,1.0,0.0,0.0,,,,,,,,,,
7717287293,2022,moscow city,41.20,449282.0,1307.0,359301.0,2737.0,356546.0,,7.0,1.0,1.0,0.0,678.0,358623.0,15392.0,,-430574.0,1749.0,1634.0,,,
4632025575,2022,kursk,18.10,82.0,0.0,572.0,449.0,123.0,,20.0,1.0,1.0,0.0,,572.0,0.0,,0.0,0.0,0.0,,,0.0
1435253418,2022,yakutia,46.10,,,948.0,94.0,851.0,,10.0,1.0,1.0,0.0,2.0,945.0,,,,,,,,
7724880313,2022,moscow city,71.20,16592.0,167.0,1674.0,1404.0,270.0,,9.0,1.0,1.0,0.0,,1674.0,349.0,,-16397.0,195.0,167.0,,,
6382067100,2022,samara,71.12.45,,,10.0,10.0,,,8.0,1.0,1.0,0.0,,10.0,,,,,,,,
6669009573,2022,sverdlovsk,52.10,,,0.0,0.0,,,29.0,1.0,1.0,0.0,,,,,,,,,,
5032213000,2022,moscow reg.,68.10.10,780.0,-136248.0,1561889.0,1519572.0,30181.0,-69993.0,7.0,1.0,1.0,0.0,1488278.0,73611.0,0.0,,-147517.0,-146737.0,-147622.0,7223511.0,-7075109.0,78409.0
9728058588,2022,moscow city,43.22,,,,,,,0.0,1.0,0.0,0.0,,,,,,,,,,
3528165246,2022,vologda,86.23,639.0,11.0,52.0,20.0,32.0,,12.0,1.0,1.0,0.0,,52.0,4.0,,-614.0,25.0,14.0,,,
2465120110,2022,krasnoyarsk,73.11,,,10.0,10.0,,,7.0,1.0,1.0,0.0,,10.0,,,,,,,,
5018120964,2022,moscow reg.,46.73,,,,,,,15.0,1.0,0.0,0.0,,,,,,,,,,
4246022241,2022,kemerovo,43.32.30,,,,,,,3.0,1.0,0.0,0.0,,,,,,,,,,
6025031202,2022,pskov,46.90,8617.0,907.0,3060.0,3016.0,44.0,,14.0,1.0,1.0,0.0,,3060.0,31.0,,-6380.0,1148.0,1134.0,,,
7715504136,2022,moscow city,68.20.20,14845.0,3137.0,16091.0,5077.0,11014.0,,19.0,1.0,1.0,0.0,13183.0,2908.0,159.0,,-7855.0,6990.0,3900.0,,,
6027154231,2022,pskov,33.12,,,0.0,0.0,0.0,,8.0,1.0,1.0,0.0,,0.0,0.0,0.0,,,,,,
5027291116,2022,moscow reg.,46.42,144102.0,19229.0,293012.0,35659.0,252739.0,,2.0,1.0,1.0,0.0,6234.0,286778.0,18.0,50.0,-116734.0,27368.0,27105.0,,,
2314024260,2022,krasnodar,47.25,756.0,12.0,60.0,20.0,40.0,43.0,12.0,1.0,1.0,0.0,,60.0,0.0,,-720.0,36.0,12.0,0.0,-43.0,0.0
7608028267,2022,yaroslavl,79.11,6193.0,3263.0,1875.0,1504.0,371.0,,5.0,1.0,1.0,0.0,0.0,1875.0,0.0,0.0,-2895.0,3298.0,3286.0,,,
1660191674,2022,tatarstan,41.20,15602.0,23.0,3078.0,193.0,2885.0,,9.0,1.0,1.0,0.0,,3078.0,93.0,,-14966.0,85.0,36.0,,,
3702710448,2022,ivanovo,46.46,36599.0,1366.0,96706.0,18737.0,77969.0,,9.0,1.0,1.0,0.0,3819.0,92887.0,18532.0,,-40587.0,-3988.0,2071.0,,,
5406229760,2022,novosibirsk,47.51,5081.0,300.0,55459.0,19762.0,25528.0,,20.0,1.0,1.0,0.0,0.0,55459.0,314.0,10169.0,-4547.0,372.0,335.0,,,
7727225169,2022,moscow city,,,,,,,,20.0,1.0,0.0,0.0,,,,,,,,,,
7729738462,2022,moscow city,82.99,0.0,-1583.0,9650.0,1325.0,8324.0,,9.0,1.0,1.0,0.0,,9650.0,1.0,0.0,-1118.0,-1118.0,-1583.0,,,
2439008433,2022,krasnoyarsk,47.30,24467.0,434.0,6271.0,1361.0,4910.0,,5.0,1.0,1.0,0.0,,6271.0,1281.0,,-23488.0,979.0,681.0,,,
3525234815,2022,vologda,46.69.50,,,494.0,474.0,20.0,,12.0,1.0,1.0,0.0,,494.0,0.0,,,,,,,
7810355526,2022,sankt-petersburg,52.20,,,132.0,,132.0,0.0,24.0,1.0,1.0,0.0,,132.0,132.0,,,,,,,0.0
2636040210,2022,stavropol,46.51,131042.0,4951.0,45740.0,10961.0,34779.0,,19.0,1.0,0.0,0.0,18708.0,27032.0,172.0,,-124691.0,6351.0,6543.0,,,
5904144083,2022,perm,46.30,,,10.0,10.0,,,16.0,1.0,1.0,0.0,,10.0,10.0,,,,,,,
7707422313,2022,moscow city,56.10,,-315.0,19.0,13.0,6.0,,4.0,1.0,1.0,0.0,,19.0,6.0,,-130.0,-130.0,-315.0,,,
3307022553,2022,vladimir,49.41,,,9.0,9.0,,,5.0,1.0,1.0,0.0,,9.0,9.0,,,,,,,
2634093873,2022,stavropol,69.10,0.0,0.0,175.0,62.0,113.0,,7.0,1.0,1.0,0.0,0.0,175.0,11.0,,,0.0,0.0,,,
0273091085,2022,bashkortostan,46.69,5589.0,-169.0,1092.0,1002.0,90.0,,9.0,1.0,1.0,0.0,0.0,1092.0,773.0,,-5518.0,71.0,-2.0,,,
6671423044,2022,sverdlovsk,47.71.50,9203.0,2289.0,14789.0,5075.0,9714.0,,9.0,1.0,1.0,0.0,0.0,14789.0,5275.0,,-6751.0,2452.0,2415.0,,,
5908039629,2022,perm,10.71,158696.0,903.0,32994.0,6345.0,24089.0,,14.0,1.0,1.0,0.0,8973.0,24021.0,46.0,2560.0,-126087.0,9490.0,1719.0,,,
6829093209,2022,tambov,45.20,0.0,0.0,477.0,25.0,161.0,,9.0,1.0,1.0,0.0,,477.0,6.0,291.0,0.0,,0.0,,,
6623121597,2022,sverdlovsk,41.20,223664.0,806.0,78754.0,2907.0,72722.0,,5.0,1.0,1.0,0.0,,78754.0,16210.0,3125.0,-222495.0,1169.0,1008.0,,,
9706006730,2022,moscow city,43.29,,,,,,,2.0,1.0,0.0,0.0,,,,,,,,,,
0562014379,2022,dagestan,55.10,,,,,,,22.0,1.0,0.0,0.0,,,,,,,,,,
7017027719,2022,tomsk,52.21.24,,,0.0,0.0,,,22.0,1.0,1.0,0.0,,0.0,,,,,,,,
7751238659,2022,moscow city,69.20,,0.0,0.0,,,,0.0,0.0,0.0,0.0,,,,,,,,,,
7806428066,2022,sankt-petersburg,46.13.20,36116.0,287.0,59672.0,1847.0,57825.0,,12.0,1.0,1.0,0.0,,59672.0,3.0,,-35513.0,603.0,359.0,,,
9715396188,2022,moscow city,73.11,,,,,,,1.0,1.0,0.0,0.0,,,,,,,,,,
8610029333,2022,khanty-mansijsk,88.99,,,251.0,,0.0,,2.0,1.0,1.0,0.0,251.0,0.0,0.0,,,,,,,
0524001121,2022,dagestan,47.19,9900.0,9801.0,30.0,30.0,,,19.0,1.0,1.0,0.0,,30.0,30.0,,,9900.0,9900.0,,,
0601025384,2022,ingushetia,41.20,26502.0,2298.0,13261.0,6063.0,,,8.0,1.0,1.0,0.0,,13261.0,13158.0,,-24587.0,1915.0,1915.0,,,
0277119052,2022,bashkortostan,71.10,6904.0,1294.0,11854.0,11844.0,10.0,,11.0,1.0,1.0,0.0,0.0,11854.0,1337.0,0.0,-5379.0,1525.0,1506.0,,,
9723105033,2022,moscow city,46.69.80,326939.0,52883.0,124969.0,77081.0,47888.0,,2.0,1.0,1.0,0.0,,124968.0,7116.0,,-260826.0,66113.0,66104.0,,,
3812020006,2022,irkutsk,33.14,2824.0,79.0,2132.0,453.0,1664.0,,5.0,1.0,1.0,0.0,12.0,2120.0,101.0,15.0,-2582.0,242.0,112.0,,,
6439037992,2022,saratov,35.11.30,,,68.0,30.0,38.0,,24.0,1.0,1.0,0.0,,68.0,,,,,,,,
5409001073,2022,novosibirsk,52.29,96835.0,-3065.0,16155.0,7022.0,9133.0,,7.0,1.0,1.0,0.0,0.0,16155.0,1864.0,0.0,-95683.0,-2149.0,-2095.0,,,
1216029420,2022,marij el,46.69.90,465759.0,26688.0,83513.0,68425.0,15088.0,,10.0,1.0,1.0,0.0,,83513.0,966.0,,-399041.0,33000.0,33351.0,,,0.0
5029186364,2022,moscow reg.,46.71,33505.0,-1051.0,5788.0,-234.0,6022.0,,8.0,1.0,1.0,0.0,0.0,5788.0,71.0,,-34590.0,-1085.0,-1051.0,,,
5404398322,2022,novosibirsk,46.61,,,,,,,13.0,1.0,0.0,0.0,,,,,,,,,,
2372023153,2022,krasnodar,49.41,148.0,5.0,1813.0,293.0,1257.0,,4.0,1.0,1.0,0.0,,1813.0,28.0,263.0,-142.0,6.0,6.0,,,
4328003056,2022,kirov,68.32,865.0,249.0,1078.0,1039.0,39.0,,9.0,1.0,1.0,0.0,,1078.0,987.0,,-586.0,279.0,276.0,,,
7627008788,2022,yaroslavl,68.32.20,,,0.0,0.0,,,21.0,1.0,1.0,0.0,,,,,,,,,,
2224169631,2022,altai terr.,41.20,,,,,,,8.0,1.0,0.0,0.0,,,,,,,,,,
5908053711,2022,perm,56.10,,,,,,,9.0,1.0,0.0,0.0,,,,,,,,,,
9702028099,2022,moscow city,47.91.20,,,0.0,,,,1.0,1.0,1.0,0.0,,,,,,,,,,
9728047868,2022,moscow city,46.73,13452.0,264.0,1174.0,274.0,900.0,,1.0,1.0,1.0,0.0,,1174.0,964.0,,-12752.0,700.0,353.0,,,
9728032967,2022,moscow city,46.90,,,,,,,1.0,1.0,0.0,0.0,,,,,,,,,,
9717107258,2022,moscow city,46.73,30558.0,753.0,13069.0,832.0,12137.0,,1.0,1.0,1.0,0.0,,13069.0,289.0,100.0,-29371.0,1187.0,942.0,,,
7802540130,2022,sankt-petersburg,82.99,,,,,,,7.0,1.0,0.0,0.0,,,,,,,,,,
5029104700,2022,moscow reg.,23.70,939.0,-704.0,158.0,103.0,54.0,,15.0,1.0,1.0,0.0,0.0,158.0,19.0,,-1544.0,-605.0,-642.0,,,
7727445421,2022,moscow city,16.10,108183.0,-139598.0,160238.0,-272752.0,135168.0,,2.0,1.0,1.0,0.0,1928.0,158311.0,0.0,297822.0,-132072.0,-103071.0,-139548.0,,,
7017229088,2022,tomsk,47.20,1185.0,-12566.0,17668.0,-19623.0,37291.0,,14.0,1.0,1.0,0.0,0.0,17668.0,20.0,0.0,-642.0,543.0,-12553.0,,,
3811131151,2022,irkutsk,46.51,98.0,2.0,4522.0,4250.0,272.0,,13.0,1.0,1.0,0.0,0.0,4522.0,33.0,,-90.0,8.0,2.0,,,
5638068672,2022,orenburg,43.21,,,,,,,6.0,1.0,0.0,0.0,,,,,,,,,,
7456000112,2022,chelyabinsk,69.10,0.0,0.0,10.0,10.0,0.0,,12.0,1.0,1.0,0.0,,10.0,0.0,,0.0,,0.0,,,
3906378767,2022,kaliningrad,41.20,,,0.0,0.0,,,3.0,1.0,1.0,0.0,,,,,,,,,,0.0
1510017099,2022,north ossetia,80.10,2501.0,1501.0,34038.0,32088.0,1950.0,,8.0,1.0,1.0,0.0,0.0,34038.0,480.0,,-147.0,2354.0,1637.0,,,
0323405163,2022,buryatia,86.90,,,,,,,4.0,1.0,0.0,0.0,,,,,,,,,,
6449081045,2022,saratov,71.20,,,0.0,0.0,,,7.0,1.0,1.0,0.0,,,,,,,,,,0.0
5042066820,2022,moscow reg.,52.21.22,77971.0,5706.0,71113.0,14072.0,55009.0,,21.0,1.0,1.0,0.0,3333.0,67779.0,8484.0,0.0,-70432.0,7539.0,8118.0,,,
7811643460,2022,sankt-petersburg,88.91,2648.0,1252.0,1326.0,1282.0,44.0,,5.0,1.0,1.0,0.0,,1326.0,201.0,,-1237.0,1411.0,1331.0,,,
4027133291,2022,kaluga,46.51,7040.0,75.0,807.0,639.0,168.0,,5.0,1.0,1.0,0.0,,807.0,128.0,,-6898.0,142.0,94.0,,,
1841081088,2022,udmurtia,01.50,28767.0,-1264.0,67166.0,3178.0,46417.0,,4.0,1.0,1.0,0.0,34577.0,32589.0,561.0,4300.0,-23991.0,-4439.0,-1221.0,,,
7814479554,2022,sankt-petersburg,52.29,,,,,,,12.0,1.0,0.0,0.0,,,,,,,,,,
5837063774,2022,penza,46.47,48496.0,430.0,34561.0,5953.0,28608.0,,7.0,1.0,1.0,0.0,856.0,33705.0,356.0,,-47730.0,766.0,592.0,,,
6449970238,2022,saratov,01.70,,,22.0,22.0,,,19.0,1.0,1.0,0.0,,22.0,22.0,,,,,,,
6685191379,2022,sverdlovsk,45.31,24434.0,328.0,4067.0,447.0,3620.0,,1.0,1.0,1.0,0.0,,4067.0,112.0,,-24109.0,325.0,328.0,,,
7716924398,2022,moscow city,86.22,8117.0,582.0,5746.0,4313.0,1433.0,,4.0,1.0,1.0,0.0,274.0,5472.0,87.0,0.0,-7376.0,741.0,741.0,,,
5837056375,2022,penza,53.20.30,3837.0,464.0,4697.0,3619.0,730.0,,9.0,1.0,1.0,0.0,412.0,4285.0,1862.0,,-3111.0,726.0,631.0,,,
7328109386,2022,ulyanovsk,49.42,5.0,-162.0,1.0,-222.0,8.0,,1.0,1.0,1.0,0.0,,1.0,1.0,215.0,-157.0,-152.0,-162.0,,,
1515921420,2022,north ossetia,47.73,142183.0,3659.0,23771.0,15514.0,8257.0,,12.0,1.0,1.0,0.0,448.0,23323.0,3759.0,,-131381.0,4976.0,5147.0,,,
5027035352,2022,moscow reg.,,,,,,,,23.0,1.0,0.0,0.0,,,,,,,,,,
2016080654,2022,chechnya,47.25.10,,,,,,,15.0,1.0,0.0,0.0,,,,,,,,,,
7710597948,2022,moscow city,70.22,7472.0,-1586.0,451.0,221.0,231.0,,17.0,1.0,1.0,0.0,44.0,407.0,158.0,,-8605.0,-1133.0,-1357.0,,,
6673200477,2022,sverdlovsk,68.32,572.0,-73.0,1625.0,,292.0,,13.0,1.0,1.0,0.0,,1625.0,1100.0,,-588.0,-16.0,-67.0,,,
5834024030,2022,moscow city,47.24.30,,,,,,,20.0,1.0,0.0,0.0,,,,,,,,,,
5045061468,2022,moscow reg.,45.31,38477.0,1043.0,84213.0,1455.0,69749.0,,5.0,1.0,1.0,0.0,,84213.0,113.0,13009.0,-37249.0,1228.0,1329.0,,,
7804077648,2022,sankt-petersburg,47.29.39,0.0,0.0,593.0,246.0,347.0,,24.0,1.0,1.0,0.0,355.0,238.0,,,,0.0,0.0,,,
2543132613,2022,primorsky terr.,46.90,,,,,,,4.0,1.0,0.0,0.0,,,,,,,,,,
7130501160,2022,tula,68.32.20,,,339.0,,10.0,,14.0,1.0,1.0,0.0,,339.0,313.0,,,,,,,
6902024610,2022,tver,46.49.33,29819.0,958.0,4705.0,2144.0,2561.0,,24.0,1.0,1.0,0.0,362.0,4343.0,108.0,,-26897.0,2922.0,958.0,,,
7810877755,2022,sankt-petersburg,46.60,317.0,6.0,1227.0,428.0,58.0,,10.0,1.0,1.0,0.0,,1227.0,7.0,741.0,-292.0,25.0,9.0,,,
3123368093,2022,belgorod,68.32,,,0.0,0.0,,,7.0,1.0,1.0,0.0,,,,,,,,,,
7813664963,2022,sankt-petersburg,72.19,,,1530.0,10.0,1520.0,,0.0,1.0,1.0,0.0,1061.0,469.0,469.0,0.0,,,,,,
7704583190,2022,moscow city,68.10,,,,,,,17.0,1.0,0.0,0.0,,,,,,,,,,
5445036402,2022,novosibirsk,43.22,,,,,,,8.0,1.0,0.0,0.0,,,,,,,,,,
3301036020,2022,vladimir,94.99,,,16.0,,1.0,,4.0,1.0,1.0,0.0,,16.0,16.0,,,,,,,
5003074440,2022,moscow city,45.11.20,,,,,,,13.0,1.0,0.0,0.0,,,,,,,,,,
7720296065,2022,moscow city,71.10,5800.0,310.0,663.0,421.0,242.0,,7.0,1.0,1.0,0.0,246.0,417.0,299.0,,-4897.0,903.0,432.0,,,
7718312619,2022,moscow city,23.51,,,,,,,8.0,1.0,0.0,0.0,,,,,,,,,,
6316142235,2022,samara,56.10,,,,,,,13.0,1.0,0.0,0.0,,,,,,,,,,
7810091231,2022,sankt-petersburg,82.99,,0.0,171.0,129.0,40.0,,15.0,1.0,1.0,0.0,,171.0,8.0,2.0,,,0.0,,,
7732526027,2022,moscow city,79.11,,,,,,,14.0,1.0,0.0,0.0,,,,,,,,,,
0326579400,2022,buryatia,73.20,,,,,,,2.0,1.0,0.0,0.0,,,,,,,,,,
9728048438,2022,moscow city,47.25,,,,,,,1.0,1.0,0.0,0.0,,,,,,,,,,
3849091155,2022,irkutsk,45.20,,,10.0,10.0,,,0.0,0.0,1.0,0.0,,10.0,,,,,,,,
7804509538,2022,sankt-petersburg,46.90,14408.0,1752.0,19685.0,9343.0,10342.0,,9.0,1.0,1.0,0.0,1032.0,18653.0,251.0,,-12185.0,2223.0,2186.0,,,
7536986370,2022,zabaikalsk terr.,94.99,,,0.0,0.0,,,9.0,1.0,1.0,0.0,,,,,,,,,,
3327325972,2022,vladimir,68.32.10,55.0,-1482.0,2628.0,2193.0,435.0,,20.0,1.0,1.0,0.0,1500.0,1128.0,340.0,,-1579.0,-1524.0,-1481.0,,,
4345225690,2022,kirov,70.22,,,20.0,20.0,,,14.0,1.0,1.0,0.0,0.0,20.0,0.0,,,,,,,
7814339437,2022,sankt-petersburg,56.10,,,,,,,16.0,1.0,0.0,0.0,,,,,,,,,,
2540199899,2022,primorsky terr.,46.73,326916.0,2847.0,184989.0,11877.0,173112.0,5282.0,8.0,1.0,1.0,0.0,,184989.0,14863.0,,-325031.0,1885.0,3465.0,,,5282.0
2335016239,2022,krasnodar,41.20,0.0,0.0,1.0,1.0,0.0,,12.0,1.0,1.0,0.0,,1.0,1.0,,0.0,0.0,0.0,,,
4632133404,2022,kursk,94.99,,,0.0,0.0,,,8.0,1.0,0.0,0.0,,,,,,,,,,
0265045857,2022,bashkortostan,47.91,,,,,,,5.0,1.0,0.0,0.0,,,,,,,,,,
7707457228,2022,moscow city,38.32,,,10.0,10.0,,,1.0,1.0,1.0,0.0,,10.0,,,,,,,,
5521002704,2022,omsk,01.11.10,28839.0,5264.0,71315.0,43414.0,25360.0,,29.0,1.0,1.0,0.0,39199.0,32116.0,588.0,2541.0,-23573.0,5266.0,5264.0,,,
1102084820,2022,komi,11.07,,0.0,0.0,,,,0.0,0.0,0.0,0.0,,,,,,,,,,
3328029870,2022,vladimir,41.20,,0.0,0.0,,,,0.0,0.0,0.0,0.0,,,,,,,,,,
5038030444,2022,moscow reg.,61.10.10,3285.0,116.0,1391.0,883.0,384.0,,23.0,1.0,1.0,0.0,456.0,935.0,146.0,124.0,-3150.0,135.0,145.0,,,
7714831349,2022,moscow city,47.41,1274.0,498.0,5006.0,4535.0,471.0,,11.0,1.0,1.0,0.0,,5007.0,1392.0,,-625.0,649.0,623.0,,,
7728471054,2022,moscow city,41.20,1003656.0,230.0,37057.0,839.0,36218.0,,3.0,1.0,1.0,0.0,4695.0,32362.0,112.0,,-1003312.0,344.0,287.0,,,
7459002189,2022,chelyabinsk,46.90,,,,,,,9.0,1.0,0.0,0.0,,,,,,,,,,
4205301750,2022,kemerovo,69.20.20,,,,,,,7.0,1.0,0.0,0.0,,,,,,,,,,
6680001426,2022,sverdlovsk,64.90,129365.0,17365.0,76400.0,10.0,,,10.0,1.0,1.0,0.0,,76400.0,16200.0,76390.0,-112000.0,17365.0,17365.0,,,
2511114499,2022,primorsky terr.,46.90,378374.0,3189.0,10220.0,3595.0,6625.0,,1.0,1.0,1.0,0.0,,10220.0,3218.0,,-372236.0,4021.0,3986.0,,,
5018183918,2022,moscow reg.,96.02,,,10.0,10.0,,,6.0,1.0,1.0,0.0,0.0,10.0,10.0,,,,,,,
2625750057,2022,stavropol,93.19,,,0.0,,,,10.0,1.0,1.0,0.0,,,,,,,,,,0.0
9107038282,2022,crimea,08.11,,-6.0,91.0,-2189.0,2280.0,,7.0,1.0,1.0,0.0,,91.0,91.0,0.0,0.0,0.0,-6.0,,,
7805024007,2022,sankt-petersburg,47.11,29303.0,4241.0,2820.0,2694.0,126.0,,29.0,1.0,1.0,0.0,2351.0,469.0,197.0,0.0,-24544.0,4759.0,4241.0,,,
3528335762,2022,vologda,46.31,949.0,61.0,502.0,71.0,431.0,,0.0,0.0,1.0,0.0,,502.0,47.0,,-873.0,76.0,76.0,,,
5947001273,2022,perm,49.40,5668.0,-537.0,25419.0,-27817.0,52826.0,,6.0,1.0,1.0,0.0,158.0,25261.0,6711.0,410.0,,-204.0,-656.0,,,
5029254230,2022,moscow reg.,62.02,,,17190.0,,3.0,,2.0,1.0,1.0,0.0,1351.0,15839.0,15403.0,,,,,,,
7728772510,2022,moscow city,96.09,,,,,,,11.0,1.0,0.0,0.0,,,,,,,,,,
2460116350,2022,krasnoyarsk,64.92.60,,,,,,,2.0,1.0,0.0,0.0,,,,,,,,,,
3528176181,2022,vologda,49.41,116998.0,5070.0,50324.0,24647.0,15396.0,,11.0,1.0,1.0,0.0,30120.0,20204.0,4736.0,,-63510.0,7492.0,6338.0,,,
7734592378,2022,moscow city,41.20,,,168048.0,122.0,167926.0,,14.0,1.0,1.0,0.0,1619.0,166429.0,1348.0,,,,,,,
7448183649,2022,chelyabinsk,47.91.20,40659.0,679.0,26517.0,729.0,25787.0,,7.0,1.0,1.0,0.0,,26517.0,1416.0,,-39793.0,866.0,850.0,,,
5835132454,2022,penza,46.90,0.0,0.0,0.0,0.0,0.0,,3.0,1.0,1.0,0.0,0.0,0.0,0.0,,0.0,0.0,0.0,,,
7412017013,2022,chelyabinsk,49.40,46714.0,1136.0,20667.0,2826.0,17841.0,,10.0,1.0,1.0,0.0,12355.0,8312.0,2794.0,,-44989.0,1725.0,1420.0,,,
5407024861,2022,novosibirsk,43.12,17879.0,1001.0,1290.0,1011.0,23.0,,16.0,1.0,1.0,0.0,56.0,1234.0,12.0,256.0,-16661.0,1218.0,1180.0,,,
5610230519,2022,orenburg,46.73,4.0,0.0,17472.0,-603.0,17141.0,,4.0,1.0,1.0,0.0,,17472.0,132.0,934.0,-4.0,0.0,0.0,,,
9703044640,2022,moscow city,41.20,,,,,,,1.0,1.0,0.0,0.0,,,,,,,,,,
7743734445,2022,moscow city,49.32,0.0,-191.0,4568.0,-42.0,4609.0,,13.0,1.0,1.0,0.0,,4567.0,11.0,,-107.0,-107.0,-191.0,,,
7104082811,2022,tula,25.11,4593.0,2.0,7105.0,512.0,6592.0,,3.0,1.0,1.0,0.0,99.0,7006.0,1898.0,,-71.0,323.0,4.0,,,
9725000195,2022,moscow city,77.32,,,,,,,4.0,1.0,0.0,0.0,,,,,,,,,,
6317127938,2022,samara,25.11,4775.0,-1086.0,34.0,-714.0,493.0,,4.0,1.0,1.0,0.0,,34.0,1.0,255.0,-5774.0,-999.0,-1038.0,,,
7453035332,2022,chelyabinsk,94.12,,,0.0,,,,25.0,1.0,1.0,0.0,,0.0,0.0,29.0,,,,,,
5024153816,2022,moscow reg.,95.23,,,10.0,10.0,,,7.0,1.0,1.0,0.0,,10.0,,,,,,,,
7453312145,2022,chelyabinsk,96.04,,,,,,,5.0,1.0,0.0,0.0,,,,,,,,,,
7451378278,2022,chelyabinsk,46.73,6280.0,-929.0,1734.0,-1597.0,3331.0,,8.0,1.0,1.0,0.0,,1734.0,45.0,,-7149.0,-869.0,-913.0,,,
5047225841,2022,moscow reg.,46.76.10,,,,,,,3.0,1.0,0.0,0.0,,,,,,,,,,
2367015380,2022,krasnodar,86.21,80207.0,3878.0,16181.0,6218.0,4963.0,,2.0,1.0,1.0,0.0,2083.0,14098.0,4834.0,5000.0,-73111.0,7096.0,6552.0,,,
7801173713,2022,sankt-petersburg,52.21.24,,,376343.0,0.0,376343.0,34101.0,21.0,1.0,0.0,0.0,,376343.0,376343.0,,,,,,,34101.0
5260256067,2022,nizhni novgorod,70.22,,0.0,983.0,254.0,729.0,,13.0,1.0,1.0,0.0,88.0,895.0,313.0,,,,0.0,,,
2224063410,2022,altai terr.,62.01,34239.0,5990.0,20966.0,13531.0,7434.0,,22.0,1.0,1.0,0.0,,20965.0,15093.0,,-27968.0,6271.0,7028.0,,,
1840099822,2022,udmurtia,94.99,0.0,0.0,55.0,55.0,0.0,,2.0,1.0,1.0,0.0,0.0,55.0,55.0,0.0,0.0,0.0,0.0,,,
9701212627,2022,moscow city,49.42,3623.0,89.0,1852.0,99.0,1753.0,,0.0,1.0,1.0,0.0,,1851.0,1.0,,-3426.0,197.0,111.0,,,
6141016580,2022,rostov,41.20,0.0,0.0,0.0,,,,24.0,1.0,1.0,0.0,,,,,0.0,,0.0,,,
5260485980,2022,nizhni novgorod,68.20,,,0.0,,,,0.0,1.0,1.0,0.0,,,,,,,,,,
6318044314,2022,samara,41.20,1579.0,9.0,14759.0,479.0,14180.0,,3.0,1.0,1.0,0.0,,14759.0,6.0,100.0,-1565.0,14.0,11.0,,,
4632113856,2022,samara,46.90,,,,,,,13.0,1.0,0.0,0.0,,,,,,,,,,
7733546058,2022,moscow city,72.19,,,,,,,17.0,1.0,0.0,0.0,,,,,,,,,,
9704005629,2022,moscow city,82.99,189.0,-777.0,5221.0,-1916.0,837.0,,3.0,1.0,1.0,0.0,5145.0,76.0,75.0,6300.0,-494.0,-305.0,-649.0,,,
1215155888,2022,marij el,47.11,0.0,-250.0,250.0,250.0,0.0,,11.0,1.0,1.0,0.0,130.0,120.0,1.0,,-250.0,-250.0,-250.0,,,0.0
4633036210,2022,kursk,41.20,200553.0,7177.0,93523.0,20734.0,72789.0,,8.0,1.0,1.0,0.0,,93523.0,6310.0,,-185623.0,9390.0,9175.0,,,
2465154374,2022,krasnoyarsk,46.90,475366.0,100512.0,260579.0,177821.0,82684.0,95957.0,6.0,1.0,1.0,0.0,224.0,260355.0,314.0,0.0,-300649.0,157634.0,126994.0,0.0,-95957.0,0.0
1326222995,2022,mordovia,62.09,56.0,-13.0,2602.0,2454.0,148.0,,10.0,1.0,1.0,0.0,,2602.0,23.0,,-2.0,54.0,-7.0,,,
5010054290,2022,moscow reg.,62.01,,,,,,,4.0,1.0,0.0,0.0,,,,,,,,,,
3811467232,2022,irkutsk,41.20,,-326.0,11.0,-749.0,66.0,,3.0,1.0,1.0,0.0,,11.0,11.0,694.0,-304.0,-304.0,-326.0,,,
7710555923,2022,moscow city,71.11,20056.0,3082.0,22936.0,3045.0,19891.0,,18.0,1.0,1.0,0.0,918.0,22017.0,11026.0,,-13733.0,6323.0,4374.0,,,
3019001035,2022,astrakhan,43.99,6415.0,-4880.0,26335.0,-13763.0,40098.0,,11.0,1.0,1.0,0.0,4918.0,21417.0,7839.0,,-6725.0,-2659.0,-4880.0,,,
7726724165,2022,moscow city,62.09,4497.0,-79.0,541.0,488.0,53.0,,9.0,1.0,1.0,0.0,,541.0,77.0,,-4409.0,88.0,56.0,,,
2365021733,2022,krasnodar,43.31,0.0,0.0,10.0,10.0,,,9.0,1.0,1.0,0.0,0.0,10.0,0.0,,0.0,,0.0,,,
7447271194,2022,chelyabinsk,32.50,1328.0,18.0,290.0,286.0,4.0,,5.0,1.0,1.0,0.0,25.0,265.0,78.0,,-1290.0,38.0,32.0,,,
2319044711,2022,krasnodar,47.11,,,,,,,14.0,1.0,0.0,0.0,,,,,,,,,,
0265038352,2022,bashkortostan,41.20,5778.0,102.0,1608.0,180.0,851.0,,7.0,1.0,1.0,0.0,,1608.0,473.0,576.0,-5698.0,80.0,311.0,,,
5530008082,2022,omsk,46.90,,,,,,,0.0,1.0,0.0,0.0,,,,,,,,,,
2540250866,2022,primorsky terr.,79.11,,,,,,,3.0,1.0,0.0,0.0,,,,,,,,,,
6377015820,2022,samara,77.30,,,,,,,10.0,1.0,0.0,0.0,,,,,,,,,,
5904338089,2022,perm,41.20,2097.0,360.0,1066.0,933.0,3.0,,6.0,1.0,1.0,0.0,,1067.0,1.0,130.0,-1615.0,482.0,404.0,,,
1651084115,2022,tatarstan,65.12,1647.0,73.0,294.0,213.0,81.0,,3.0,0.0,1.0,0.0,,294.0,95.0,,,176.0,121.0,,,
7811477365,2022,sankt-petersburg,43.21,488.0,22.0,50883.0,1719.0,49164.0,,12.0,1.0,1.0,0.0,,50883.0,0.0,,-417.0,71.0,28.0,,,
1435143863,2022,yakutia,47.78.90,478.0,177.0,10.0,10.0,,64.0,18.0,1.0,1.0,0.0,10.0,,,,-80.0,398.0,177.0,0.0,0.0,64.0
6444008228,2022,saratov,35.30.14,19109.0,2949.0,25815.0,11403.0,11157.0,,13.0,1.0,1.0,0.0,5871.0,19944.0,175.0,3255.0,-16591.0,2518.0,3127.0,,,
5605021213,2022,orenburg,94.99,,,0.0,0.0,,,10.0,1.0,1.0,0.0,0.0,0.0,0.0,,,,,,,
6714048721,2022,smolensk,46.34,0.0,-119.0,145486.0,177.0,145309.0,,4.0,1.0,1.0,0.0,,145486.0,0.0,,0.0,-119.0,-119.0,,,
7729715472,2022,moscow city,41.20,,,,,,,10.0,1.0,0.0,0.0,,,,,,,,,,
6166118897,2022,rostov,25.11,693.0,67.0,1573.0,302.0,1270.0,,2.0,1.0,1.0,0.0,,1573.0,71.0,,-617.0,76.0,70.0,,,
2130205690,2022,chuvashia,27.12,4872.0,84.0,1471.0,331.0,1140.0,,4.0,1.0,1.0,0.0,,1471.0,195.0,,-4583.0,178.0,112.0,,,
5032253268,2022,moscow reg.,01.19.20,3569.0,41.0,6785.0,1086.0,5310.0,,10.0,1.0,1.0,0.0,,6785.0,1.0,389.0,-3475.0,94.0,51.0,,,
6670185439,2022,sverdlovsk,52.29,66775.0,1439.0,41382.0,4516.0,36866.0,,15.0,1.0,1.0,0.0,,41382.0,2924.0,,-61399.0,1726.0,1799.0,,,
9725029010,2022,moscow city,69.10,,,,,,,2.0,1.0,0.0,0.0,,,,,,,,,,
7709576358,2022,moscow city,96.02,1217.0,319.0,431.0,422.0,9.0,,18.0,1.0,1.0,0.0,,431.0,372.0,0.0,-1151.0,66.0,333.0,,,
5920042057,2022,perm,13.92,472.0,-55.0,634.0,508.0,126.0,,9.0,1.0,1.0,0.0,,635.0,73.0,,-523.0,-51.0,-50.0,,,
2815005780,2022,amur,35.30.30,183032.0,821.0,77258.0,-75552.0,152810.0,,19.0,1.0,1.0,0.0,550.0,76709.0,3722.0,,-228501.0,-45469.0,821.0,,,
2311251508,2022,amur,41.10,,-29.0,3.0,-77.0,6.0,,4.0,1.0,1.0,0.0,,3.0,,74.0,-19.0,-19.0,-27.0,,,
5407950527,2022,novosibirsk,64.99,,,0.0,0.0,,,10.0,1.0,1.0,0.0,0.0,0.0,0.0,,,,,,,
9102258710,2022,crimea,41.20,,,0.0,0.0,,,3.0,1.0,1.0,0.0,,,,,,,,,,
0255014962,2022,bashkortostan,43.99,4254.0,0.0,23.0,23.0,,,14.0,1.0,1.0,0.0,,23.0,13.0,,0.0,4254.0,0.0,,,
1109015857,2022,komi,56.30,833365.0,397636.0,150000.0,150000.0,,,1.0,1.0,1.0,0.0,,150000.0,50000.0,,-435729.0,397636.0,397636.0,,,
1901114157,2022,khakasia,46.40,,,,,,,9.0,1.0,0.0,0.0,,,,,,,,,,
7017493942,2022,tomsk,27.90,,,10.0,10.0,,,0.0,1.0,1.0,0.0,,10.0,10.0,,,,,,,
9702004404,2022,moscow city,43.31,,,,,,,3.0,1.0,0.0,0.0,,,,,,,,,,
3906237766,2022,kaliningrad,55.10,10303.0,324.0,2332.0,2042.0,290.0,,11.0,1.0,1.0,0.0,,2332.0,1761.0,,-8995.0,1308.0,1206.0,,,
2315982890,2022,krasnodar,46.73,,,,,,,7.0,1.0,0.0,0.0,,,,,,,,,,
1683004480,2022,tatarstan,46.73,14244.0,4.0,17.0,16.0,1.0,,0.0,1.0,1.0,0.0,,17.0,2.0,,-14214.0,30.0,5.0,,,
2460105486,2022,krasnoyarsk,45.31.10,778.0,-3.0,85.0,11.0,74.0,,5.0,1.0,1.0,0.0,,85.0,,,-778.0,0.0,0.0,,,
4703143049,2022,leningrad,10.91,,,,,,,7.0,1.0,0.0,0.0,,,,,,,,,,
7813211522,2022,sankt-petersburg,70.22,,,,,,,7.0,1.0,0.0,0.0,,,,,,,,,,
7401016226,2022,chelyabinsk,35.30,,,,,,,11.0,1.0,0.0,0.0,,,,,,,,,,
7704840489,2022,moscow city,68.20,18741.0,7025.0,46225.0,44416.0,1809.0,,9.0,1.0,1.0,0.0,41218.0,5008.0,2783.0,,-8486.0,10255.0,7719.0,,,
2130223450,2022,chuvashia,45.11,,,0.0,0.0,,,1.0,1.0,1.0,0.0,,,,,,,,,,
4716033710,2022,novgorod,01.40,,-97.0,94627.0,90469.0,109.0,,12.0,1.0,1.0,0.0,85745.0,8882.0,2.0,3678.0,,,-121.0,,,
7725732340,2022,moscow city,79.10,0.0,0.0,10.0,10.0,0.0,,11.0,1.0,1.0,0.0,,10.0,0.0,0.0,,0.0,0.0,,,
5227002308,2022,nizhni novgorod,42.11,,,,,,,2.0,1.0,0.0,0.0,,,,,,,,,,
4345010470,2022,kirov,68.20.20,3333.0,966.0,18726.0,-77603.0,96329.0,,22.0,1.0,1.0,0.0,10064.0,8662.0,186.0,,-1965.0,1368.0,1076.0,,,
6713008116,2022,smolensk,49.40,9213.0,-2691.0,13814.0,12449.0,1365.0,,14.0,1.0,1.0,0.0,13601.0,213.0,213.0,,-12785.0,-3572.0,-2691.0,,,
6166124072,2022,rostov,41.20,,,10.0,10.0,,,1.0,1.0,1.0,0.0,,10.0,,,,,,,,
5012085801,2022,moscow reg.,43.34,,,10.0,10.0,,,8.0,1.0,1.0,0.0,,10.0,,,,,,,,
1650419312,2022,tatarstan,43.32.30,,0.0,0.0,0.0,0.0,,0.0,0.0,0.0,0.0,0.0,0.0,,,,,0.0,,,
6319223161,2022,samara,46.90,45514.0,566.0,6357.0,576.0,5131.0,,5.0,1.0,1.0,0.0,,6357.0,69.0,650.0,-44769.0,745.0,707.0,,,
1657146640,2022,tatarstan,53.20.30,77276.0,2903.0,38448.0,25531.0,12917.0,,8.0,1.0,1.0,0.0,1590.0,36858.0,3379.0,,-73485.0,3791.0,3745.0,,,
7805800404,2022,sankt-petersburg,71.12,,0.0,0.0,,,,0.0,0.0,0.0,0.0,,,,,,,,,,
2465146711,2022,krasnoyarsk,43.11,,,,,,,6.0,1.0,0.0,0.0,,,,,,,,,,
6619025509,2022,sverdlovsk,49.31,,0.0,0.0,0.0,,,4.0,1.0,1.0,0.0,,,,,,0.0,0.0,,,
4632041591,2022,kursk,43.21,15461.0,434.0,37745.0,7859.0,28009.0,,18.0,1.0,1.0,0.0,284.0,37461.0,42.0,1877.0,-14056.0,1405.0,546.0,,,
2014039280,2022,chechnya,01.50,485.0,16.0,80.0,45.0,,,19.0,1.0,1.0,0.0,47.0,33.0,20.0,35.0,-469.0,16.0,16.0,,,
7702733932,2022,moscow city,47.30,,,,,,,12.0,1.0,0.0,0.0,,,,,,,,,,
2465220429,2022,krasnoyarsk,64.92.60,,,10.0,10.0,,,13.0,1.0,1.0,0.0,,10.0,,,,,,,,
7603041440,2022,yaroslavl,82.11,,,10.0,10.0,,,14.0,1.0,1.0,0.0,,10.0,10.0,,,,,,,
7735577728,2022,moscow city,81.22,10812.0,459.0,18978.0,17333.0,1645.0,,11.0,1.0,1.0,0.0,46.0,18932.0,3054.0,,-9869.0,943.0,844.0,,,
7606096470,2022,yaroslavl,68.32.10,,,22.0,0.0,0.0,,8.0,1.0,1.0,0.0,,22.0,22.0,,,,,,,
5028034030,2022,moscow reg.,47.73,3742.0,8.0,2030.0,-1573.0,1903.0,,6.0,1.0,1.0,0.0,,2030.0,153.0,1700.0,-3652.0,90.0,47.0,,,
3702241891,2022,ivanovo,46.73,,,,,,,2.0,1.0,0.0,0.0,,,,,,,,,,
9728049382,2022,moscow city,62.09,10583.0,19.0,526.0,29.0,497.0,187.0,1.0,1.0,1.0,0.0,,526.0,187.0,,-10472.0,111.0,22.0,,,187.0
5603041214,2022,orenburg,46.69.90,38259.0,184.0,25260.0,3969.0,21292.0,-922.0,8.0,1.0,1.0,0.0,,25260.0,11441.0,,-30966.0,361.0,230.0,,0.0,-922.0
7709462760,2022,moscow city,71.11.20,15322.0,1043.0,12077.0,1659.0,10418.0,,7.0,1.0,1.0,0.0,0.0,12077.0,624.0,,-13956.0,1366.0,1305.0,,,
7451102978,2022,chelyabinsk,49.41,63788.0,2914.0,15069.0,3275.0,4269.0,,21.0,1.0,1.0,0.0,5311.0,9758.0,1568.0,7525.0,-58884.0,4904.0,3708.0,,,
5040001176,2022,moscow reg.,16.23,,,664.0,10.0,0.0,,25.0,1.0,1.0,0.0,659.0,5.0,5.0,654.0,,,,,,
7717156692,2022,moscow city,41.20,6746.0,16.0,208.0,26.0,182.0,,7.0,1.0,1.0,0.0,,208.0,208.0,0.0,-6581.0,165.0,20.0,,,
7814783280,2022,sankt-petersburg,47.91.20,21946.0,27.0,8584.0,290.0,3956.0,,2.0,1.0,1.0,0.0,4583.0,4001.0,5.0,250.0,-21769.0,177.0,61.0,,,
8602247120,2022,khanty-mansijsk,46.90,,-17.0,7323.0,7281.0,42.0,,17.0,1.0,1.0,0.0,,7323.0,152.0,,,,-17.0,,,
9726004820,2022,moscow city,41.10,,,,,,,1.0,1.0,0.0,0.0,,,,,,,,,,
2124027111,2022,chuvashia,41.20,,,0.0,-29.0,29.0,,15.0,1.0,1.0,0.0,0.0,0.0,0.0,0.0,,,,,,
9704079691,2022,moscow city,33.12,9249.0,24.0,2210.0,33.0,2177.0,,1.0,1.0,1.0,0.0,,2210.0,250.0,,-9219.0,30.0,30.0,,,
3702180977,2022,ivanovo,46.41,4953.0,34.0,429.0,121.0,308.0,,5.0,1.0,1.0,0.0,0.0,429.0,54.0,0.0,-4895.0,58.0,42.0,,,
0278991178,2022,bashkortostan,94.99,,,,,,,10.0,1.0,0.0,0.0,,,,,,,,,,
1513048627,2022,north ossetia,68.32.10,,,,,,,8.0,1.0,0.0,0.0,,,,,,,,,,
7729720144,2022,moscow city,68.32.10,,1137.0,2328.0,-36257.0,38585.0,,10.0,1.0,1.0,0.0,,2328.0,492.0,,,,1112.0,,,
2463119511,2022,krasnoyarsk,45.20,,,68.0,6.0,62.0,,3.0,1.0,1.0,0.0,,68.0,11.0,,,,,,,
7807216392,2022,sankt-petersburg,41.20,,,,,,,4.0,1.0,0.0,0.0,,,,,,,,,,
1658217163,2022,tatarstan,41.20,12153.0,124.0,1442.0,391.0,69.0,,3.0,1.0,1.0,0.0,,1442.0,77.0,982.0,-11820.0,333.0,246.0,,,
6660125889,2022,sverdlovsk,32.50,203756.0,37242.0,116845.0,99792.0,17053.0,,24.0,1.0,1.0,0.0,34074.0,82771.0,24045.0,,-158764.0,44992.0,44240.0,,,
2543053104,2022,primorsky terr.,71.11,65838.0,21545.0,34960.0,26317.0,8643.0,,8.0,1.0,1.0,0.0,4894.0,30066.0,5497.0,,-44742.0,21096.0,23609.0,,,
3507314169,2022,vologda,68.20.20,1848.0,31.0,26447.0,25197.0,1250.0,,4.0,1.0,1.0,0.0,25703.0,744.0,744.0,,-1737.0,111.0,111.0,,,
4205388222,2022,kemerovo,52.29,524.0,0.0,37.0,37.0,0.0,,2.0,1.0,1.0,0.0,,37.0,37.0,,,0.0,0.0,,,0.0
7838028455,2022,sankt-petersburg,94.99,,0.0,103.0,0.0,103.0,,21.0,1.0,1.0,0.0,0.0,103.0,103.0,,0.0,0.0,0.0,,,
2815006600,2022,amur,94.99,,,0.0,,,,9.0,1.0,1.0,0.0,,,,,,,,,,
2366008365,2022,krasnodar,46.73,,,,,,,4.0,1.0,0.0,0.0,,,,,,,,,,
2625085467,2022,stavropol,68.32,,,590.0,,76.0,,1.0,1.0,1.0,0.0,,591.0,294.0,,,,,,,
7716756369,2022,moscow city,43.21,8346.0,933.0,5680.0,888.0,4772.0,,9.0,1.0,1.0,0.0,,5680.0,1355.0,20.0,-6787.0,1559.0,1457.0,,,
1655421410,2022,tatarstan,46.49,,,,,,,3.0,1.0,0.0,0.0,,,,,,,,,,
0536011011,2022,dagestan,36,,,,,,,11.0,1.0,0.0,0.0,,,,,,,,,,
6324064245,2022,samara,41.20,,,10.0,10.0,,,7.0,1.0,1.0,0.0,0.0,10.0,0.0,,,,,,,
6732220260,2022,smolensk,46.13,75722.0,7054.0,13122.0,7149.0,5973.0,,1.0,1.0,1.0,0.0,0.0,13122.0,3331.0,0.0,-50551.0,7359.0,7054.0,,,
5402057824,2022,novosibirsk,47.53.30,,,,,,,3.0,1.0,0.0,0.0,,,,,,,,,,
6312041099,2022,samara,17.20,2102374.0,9176.0,1201649.0,-13295.0,1214944.0,24883.0,22.0,1.0,1.0,0.0,162421.0,1039228.0,914.0,,-1864905.0,36062.0,44729.0,640.0,-14857.0,10666.0
3128102570,2022,belgorod,46.38.25,7470.0,203.0,1204.0,378.0,826.0,,8.0,1.0,1.0,0.0,,1203.0,99.0,,-7236.0,234.0,256.0,,,
6500002092,2022,sakhalin,74.90,911.0,-87.0,581.0,-86.0,667.0,,0.0,1.0,1.0,0.0,,581.0,115.0,,-897.0,14.0,8.0,,,
7726760068,2022,moscow city,90,,,,,,,8.0,1.0,0.0,0.0,,,,,,,,,,
7715803344,2022,novosibirsk,46.44.20,0.0,-2.0,387916.0,5879.0,382019.0,,12.0,1.0,1.0,0.0,84006.0,303910.0,0.0,18.0,0.0,-2.0,-2.0,,,0.0
7718018014,2022,moscow city,47.11,2891.0,315.0,862.0,829.0,33.0,,30.0,1.0,1.0,0.0,0.0,862.0,376.0,0.0,-2486.0,405.0,372.0,,,
3666259851,2022,voronezh,46.73,28864.0,250.0,887.0,412.0,475.0,,1.0,1.0,1.0,0.0,,887.0,32.0,,-28515.0,349.0,319.0,,,
2720056120,2022,khabarovsk,41.20,,,10.0,10.0,0.0,,6.0,1.0,1.0,0.0,10.0,0.0,0.0,,,,,,0.0,0.0
3525237044,2022,vologda,43.99,,,2836.0,-1459.0,4295.0,,12.0,1.0,1.0,0.0,,2836.0,,,,,,,,
0276134308,2022,bashkortostan,79.11,,,,,,,11.0,1.0,0.0,0.0,,,,,,,,,,
2116004618,2022,chuvashia,16.23,,,0.0,,,,2.0,1.0,1.0,0.0,,,,,,,,,,
5402030124,2022,novosibirsk,69.10,26263.0,3044.0,4149.0,3000.0,0.0,,5.0,1.0,1.0,0.0,3840.0,309.0,309.0,1149.0,-22956.0,3307.0,3307.0,,,
7714030910,2022,moscow city,46.38.21,24928.0,34.0,8028.0,6228.0,1800.0,,21.0,1.0,1.0,0.0,1526.0,6502.0,2683.0,,-19183.0,5.0,44.0,,,
0816037206,2022,murmansk,62.01,600.0,108.0,772.0,772.0,0.0,,4.0,1.0,1.0,0.0,,772.0,33.0,,-481.0,119.0,114.0,,,
0600006572,2022,ingushetia,64.92,,,10.0,10.0,,,0.0,0.0,0.0,0.0,,10.0,10.0,,,,,,,
3702102376,2022,ivanovo,13.92,2609.0,-52.0,98.0,93.0,5.0,,7.0,1.0,1.0,0.0,,98.0,29.0,,-2607.0,2.0,-26.0,,,
2722124520,2022,khabarovsk,79.11,0.0,0.0,11.0,-523.0,306.0,,3.0,1.0,1.0,0.0,11.0,0.0,0.0,228.0,0.0,,,,,
7722370853,2022,moscow city,43.21,,,,,,,6.0,1.0,0.0,0.0,,,,,,,,,,
5024183810,2022,moscow reg.,86.10,0.0,-112.0,259.0,-9.0,138.0,,4.0,1.0,1.0,0.0,,259.0,44.0,130.0,-91.0,-91.0,-105.0,,,
7104075589,2022,tula,68.20,,,0.0,0.0,,,5.0,1.0,1.0,0.0,,,,,,,,,,
9729019091,2022,moscow city,33.11,208913.0,-3054.0,260100.0,-17496.0,198102.0,,6.0,1.0,1.0,0.0,52459.0,207641.0,9508.0,78995.0,-203848.0,5065.0,-3054.0,,,
2231004091,2022,altai terr.,01.50,42472.0,5925.0,61855.0,61471.0,384.0,,22.0,1.0,1.0,0.0,17383.0,44472.0,9306.0,,-35747.0,6725.0,6328.0,,,
2465344819,2022,krasnoyarsk,43.13,1872.0,25.0,1429.0,35.0,199.0,,0.0,1.0,1.0,0.0,0.0,1429.0,2.0,1195.0,-1704.0,44.0,31.0,,,
6683020025,2022,sverdlovsk,38.32.30,,0.0,10.0,10.0,,,0.0,1.0,0.0,0.0,,10.0,,,,,,,,
2010010114,2022,chechnya,43.99,,,,,,,2.0,1.0,0.0,0.0,,,,,,,,,,
4909110167,2022,magadan,46.73,15016.0,987.0,8718.0,3467.0,2871.0,,11.0,1.0,1.0,0.0,4.0,8714.0,1250.0,2380.0,-13855.0,1161.0,1161.0,,,
9710055025,2022,moscow city,42.99,,,,,,,4.0,1.0,0.0,0.0,,,,,,,,,,
5406988535,2022,novosibirsk,41.20,5549.0,189.0,74.0,57.0,17.0,,4.0,1.0,1.0,0.0,,74.0,24.0,,-5313.0,236.0,236.0,,,0.0
4720008480,2022,leningrad,52.21.24,,,41.0,,41.0,,42.0,1.0,1.0,0.0,,41.0,5.0,,,,,,,
3912010509,2022,kaliningrad,94.99,,,,,,,12.0,1.0,0.0,0.0,,,,,,,,,,
9706016746,2022,moscow city,46.74.20,13675.0,635.0,43227.0,1394.0,41833.0,,1.0,1.0,1.0,0.0,16044.0,27183.0,939.0,,-12577.0,1098.0,815.0,,,
0917012737,2022,karachaevo-chercessia,01.43.10,8799.0,350.0,4878.0,3627.0,1251.0,372.0,14.0,1.0,1.0,0.0,970.0,3908.0,1150.0,0.0,-8427.0,372.0,372.0,0.0,736.0,1108.0
7709012898,2022,moscow city,47.51,151.0,-29.0,9.0,-28.0,,,22.0,1.0,1.0,0.0,,9.0,9.0,37.0,-161.0,-10.0,-20.0,,,
2315989656,2022,krasnodar,68.32,32763.0,1605.0,7885.0,1150.0,6735.0,,6.0,1.0,1.0,0.0,22.0,7863.0,84.0,,-30978.0,1785.0,1764.0,,,
7714727764,2022,moscow city,58,,,,,,,14.0,1.0,0.0,0.0,,,,,,,,,,
3811128590,2022,irkutsk,68.32.10,73.0,0.0,5437.0,,426.0,,13.0,1.0,1.0,0.0,0.0,5437.0,4538.0,0.0,0.0,73.0,21.0,,,
4025417682,2022,kaluga,22.22,139115.0,-9173.0,156278.0,136134.0,16460.0,78804.0,14.0,1.0,1.0,0.0,58373.0,97905.0,63388.0,,-111561.0,-11653.0,-9111.0,0.0,-1250.0,77554.0
5009123207,2022,moscow reg.,38.11,59777.0,67.0,9690.0,779.0,8911.0,,2.0,1.0,1.0,0.0,80.0,9610.0,468.0,,-59583.0,194.0,122.0,,,
7104504397,2022,tula,73.11,28601.0,1721.0,1978.0,1731.0,247.0,,14.0,1.0,1.0,0.0,0.0,1978.0,7.0,,-26576.0,2025.0,2025.0,,,
6686144090,2022,sverdlovsk,46.13.20,,,,,,,0.0,1.0,0.0,0.0,,,,,,,,,,
7724518079,2022,moscow city,72.19,,,,,,,18.0,1.0,0.0,0.0,,,,,,,,,,
7451389625,2022,chelyabinsk,43.12.30,,,,,,,7.0,1.0,0.0,0.0,,,,,,,,,,
6441023250,2022,saratov,49.41,5668.0,-125.0,5537.0,3229.0,375.0,,6.0,1.0,1.0,0.0,2445.0,3092.0,162.0,1578.0,-5626.0,42.0,-108.0,,,
5012090093,2022,moscow reg.,93.19,,,0.0,,,,7.0,1.0,1.0,0.0,,,,,,,,,,
6672197327,2022,sverdlovsk,86.90.40,,,,,,,17.0,1.0,0.0,0.0,,,,,,,,,,
7536064224,2022,zabaikalsk terr.,46.44.20,,,10.0,10.0,,,17.0,1.0,1.0,0.0,,10.0,10.0,,,,,,,
0900005675,2022,karachaevo-chercessia,47.73,,0.0,0.0,0.0,0.0,,0.0,0.0,0.0,0.0,0.0,0.0,,,,,0.0,,,
7807242018,2022,sankt-petersburg,41.20,,,,,,,2.0,1.0,0.0,0.0,,,,,,,,,,
7840375150,2022,sankt-petersburg,47.50,,,30.0,22.0,8.0,,15.0,1.0,1.0,0.0,0.0,30.0,2.0,,,,,,,
4217199999,2022,kemerovo,28.29.31,30627.0,401.0,15494.0,1634.0,7860.0,,2.0,1.0,1.0,0.0,,15494.0,161.0,6000.0,-20854.0,1619.0,542.0,,,
9703104458,2022,moscow city,41.20,,,,,,,0.0,1.0,0.0,0.0,,,,,,,,,,
2465183022,2022,krasnoyarsk,31.01,,,,,,,4.0,1.0,0.0,0.0,,,,,,,,,,
8903001539,2022,yamal-nenets ao,46.71,,,,,,,10.0,1.0,0.0,0.0,,,,,,,,,,
9701073010,2022,moscow city,63.12,48.0,-69304.0,23510.0,-131879.0,1897.0,,5.0,1.0,1.0,0.0,613.0,22896.0,5081.0,153492.0,-68571.0,-68523.0,-69304.0,,,
5050137610,2022,moscow reg.,38.32,,,,,,,4.0,1.0,0.0,0.0,,,,,,,,,,
6234096242,2022,ryazan,46.14.90,147319.0,658.0,75381.0,6120.0,69261.0,,11.0,1.0,1.0,0.0,0.0,75381.0,172.0,,-144684.0,2635.0,3940.0,,,
5445010281,2022,novosibirsk,33.12,,,10.0,10.0,,,11.0,1.0,1.0,0.0,,10.0,,,,,,,,
5406374870,2022,novosibirsk,80.10,,,,,,,16.0,1.0,0.0,0.0,,,,,,,,,,
3808199390,2022,irkutsk,41.20,2016.0,47.0,1686.0,682.0,1004.0,,5.0,1.0,1.0,0.0,,1686.0,16.0,,-1927.0,89.0,58.0,,,
7718690593,2022,moscow city,46.35,21875.0,2327.0,4010.0,3322.0,688.0,,14.0,1.0,1.0,0.0,,4010.0,790.0,,-19105.0,2770.0,2649.0,,,
6321081771,2022,samara,45.30,7541.0,456.0,6140.0,6134.0,6.0,,23.0,1.0,1.0,0.0,,6140.0,89.0,,-7004.0,537.0,456.0,,,
7841082170,2022,sankt-petersburg,79.11,62.0,-6990.0,8924.0,-1038.0,9962.0,,3.0,1.0,1.0,0.0,75.0,8849.0,819.0,0.0,-7197.0,-7135.0,-6989.0,,,
7300001600,2022,ulyanovsk,38.21,,,80.0,10.0,70.0,,0.0,1.0,1.0,0.0,,80.0,100.0,,,,,,,
2373010245,2022,krasnodar,69.10,,,,,,,6.0,1.0,0.0,0.0,,,,,,,,,,
6311190919,2022,samara,46.11,16832.0,168.0,5261.0,273.0,2203.0,,1.0,1.0,1.0,0.0,,5261.0,211.0,2786.0,-13716.0,165.0,210.0,,,
9406000103,2022,luhansk,,,,,,,,7.0,1.0,0.0,0.0,,,,,,,,,,
7203475429,2022,tyumen,43.11,1108.0,-13.0,3.0,3.0,0.0,,3.0,1.0,1.0,0.0,,3.0,3.0,,-1110.0,-2.0,-2.0,,,
7203168308,2022,tyumen,10.20,,,,,,,17.0,1.0,0.0,0.0,,,,,,,,,,
5073085848,2022,moscow reg.,01.10,,,236.0,236.0,,,21.0,1.0,1.0,0.0,,236.0,236.0,,,,,,,
7726247882,2022,moscow city,69.20,,,0.0,0.0,,,25.0,1.0,0.0,0.0,,0.0,,,,,,,,
1903028457,2022,khakasia,47.11,596.0,30.0,2390.0,279.0,2111.0,,3.0,1.0,1.0,0.0,,2390.0,18.0,,-552.0,44.0,44.0,,,
9725094235,2022,moscow city,46.69.20,82660.0,12089.0,195125.0,18313.0,84822.0,,0.0,1.0,1.0,0.0,27.0,195098.0,1220.0,91990.0,-62744.0,19916.0,15113.0,,,
0721006048,2022,kabardino-balkaria,10.72,1660087.0,136114.0,848822.0,505967.0,138474.0,77637.0,19.0,1.0,1.0,0.0,529344.0,319478.0,39032.0,177130.0,-1419848.0,178187.0,170112.0,-229143.0,165255.0,13749.0
7702458852,2022,moscow city,73.11,95959.0,1855.0,36371.0,5699.0,30672.0,,4.0,1.0,1.0,0.0,21.0,36350.0,62.0,,-94093.0,1866.0,2896.0,,,
0266010046,2022,bashkortostan,68.32.20,,,424.0,424.0,,,28.0,1.0,1.0,0.0,,424.0,,,,,,,,
7842171240,2022,sankt-petersburg,70.22,34069.0,-33969.0,73996.0,-42936.0,18333.0,,3.0,1.0,1.0,0.0,1898.0,72098.0,1879.0,98599.0,-51260.0,-17191.0,-33600.0,,,
7806602772,2022,sankt-petersburg,56.29,,,10.0,10.0,,,0.0,1.0,1.0,0.0,,10.0,10.0,,,,,,,
6950241742,2022,tver,82.30,,0.0,0.0,,,,2.0,1.0,0.0,0.0,,,,,,,,,,
1661015311,2022,tatarstan,47.10,,,,,,,16.0,1.0,0.0,0.0,,,,,,,,,,
2007007182,2022,chechnya,68.31.10,,,0.0,,,,2.0,1.0,1.0,0.0,,,,,,,,,,
3661082801,2022,voronezh,46.73.60,429748.0,20892.0,166908.0,60792.0,85386.0,,7.0,1.0,1.0,0.0,5744.0,161164.0,705.0,17282.0,-373581.0,30441.0,26155.0,,,
1661037570,2022,tatarstan,47.25,3404.0,48.0,508.0,348.0,160.0,,9.0,1.0,1.0,0.0,,508.0,58.0,,-2859.0,48.0,48.0,,,
9717051083,2022,moscow city,81.22,21288.0,201.0,3682.0,977.0,2705.0,1579.0,6.0,1.0,1.0,0.0,0.0,3682.0,2528.0,,,300.0,261.0,,,1579.0
4027073892,2022,kaluga,71.10,2010.0,0.0,294.0,121.0,173.0,,16.0,1.0,1.0,0.0,,294.0,56.0,,-2010.0,0.0,0.0,,,
1655034595,2022,tatarstan,52.21.24,,,0.0,0.0,,,24.0,1.0,1.0,0.0,,,,,,,,,,
7716798827,2022,moscow city,69.10,4569.0,3416.0,17917.0,17630.0,287.0,,7.0,1.0,1.0,0.0,,17917.0,3.0,,-1419.0,3150.0,3416.0,,,
9718102809,2022,moscow city,49.42,89702.0,398.0,75551.0,1805.0,73746.0,586.0,4.0,1.0,1.0,0.0,36081.0,39470.0,485.0,0.0,-78235.0,4112.0,498.0,-91.0,-2268.0,-1773.0
7743347735,2022,moscow city,10.41,2616.0,-838.0,6761.0,-835.0,7595.0,,2.0,1.0,1.0,0.0,664.0,6097.0,18.0,1.0,-3337.0,-721.0,-798.0,,,
7708586498,2022,moscow city,41.20,9859.0,7152.0,20851.0,18285.0,2046.0,,17.0,1.0,1.0,0.0,18993.0,1858.0,271.0,520.0,-2637.0,7222.0,7152.0,,,
4345435659,2022,kirov,42.21,0.0,0.0,8975.0,7284.0,500.0,,6.0,1.0,1.0,0.0,,8975.0,3.0,1191.0,0.0,,0.0,,,
7105052087,2022,tula,20.11,,,,,,,5.0,1.0,0.0,0.0,,,,,,,,,,
2631039638,2022,stavropol,46.13.20,209652.0,6379.0,2750.0,2750.0,0.0,,3.0,1.0,1.0,0.0,,2750.0,56.0,,-200871.0,7974.0,7974.0,,,
3802011612,2022,irkutsk,47.20,489.0,98.0,1232.0,832.0,400.0,,15.0,1.0,1.0,0.0,200.0,1032.0,2.0,,-376.0,113.0,113.0,,,
7204121334,2022,tyumen,79.11,31.0,0.0,10.0,10.0,0.0,,14.0,1.0,1.0,0.0,,10.0,,,-31.0,0.0,0.0,,,
9403021747,2022,luhansk,68.32.1,,,,,,,5.0,1.0,0.0,0.0,,,,,,,,,,
7604095640,2022,yaroslavl,64.99.30,,,6404.0,-8316.0,14720.0,,16.0,1.0,1.0,0.0,0.0,6404.0,0.0,0.0,,,,,,
7708588939,2022,moscow city,46.73.60,,0.0,108.0,91.0,18.0,,16.0,1.0,1.0,0.0,,108.0,38.0,,,,0.0,,,
7203324902,2022,tyumen,68.31.50,8194.0,1321.0,13127.0,13127.0,0.0,,8.0,1.0,1.0,0.0,,13127.0,1039.0,,-7967.0,227.0,1418.0,,,
1659146236,2022,tatarstan,43.32,,,,,,,8.0,1.0,0.0,0.0,,,,,,,,,,
7805646311,2022,sankt-petersburg,43.11,,,,,,,8.0,1.0,0.0,0.0,,,,,,,,,,
2466248000,2022,krasnoyarsk,46.63,,,1025.0,1025.0,,,10.0,1.0,1.0,0.0,,1025.0,,,,,,,,
6686061654,2022,sverdlovsk,49.40,30902.0,1358.0,18976.0,5012.0,3225.0,,7.0,1.0,1.0,0.0,11902.0,7074.0,155.0,4616.0,-28987.0,1915.0,1675.0,,,
5408000711,2022,novosibirsk,72.19,,,,,,,7.0,1.0,0.0,0.0,,,,,,,,,,
5402003956,2022,novosibirsk,46.47.10,,,0.0,,,,7.0,1.0,1.0,0.0,,,,,,,,,,
7607023450,2022,yaroslavl,68.32.10,13.0,13.0,2196.0,1898.0,298.0,,20.0,1.0,1.0,0.0,,2196.0,2196.0,,,13.0,13.0,,,
6829143844,2022,tambov,46.73,,,,,,,4.0,1.0,0.0,0.0,,,,,,,,,,
6315943779,2022,samara,94.20,,,12530.0,12450.0,80.0,,26.0,1.0,1.0,0.0,,12530.0,12477.0,,,,,,,
3327144670,2022,vladimir,42.11,,,,,,,3.0,1.0,0.0,0.0,,,,,,,,,,
9704060267,2022,moscow city,82.11,,,,,,,1.0,1.0,0.0,0.0,,,,,,,,,,
6453047248,2022,saratov,18.12,4210.0,128.0,1296.0,1055.0,241.0,,24.0,1.0,1.0,0.0,0.0,1296.0,160.0,,-2936.0,128.0,128.0,,,
5254026330,2022,nizhni novgorod,68.20,1367.0,-360.0,3801.0,3510.0,291.0,,20.0,1.0,1.0,0.0,3529.0,272.0,183.0,,,-226.0,-360.0,,,
1435320590,2022,yakutia,94.99,,,,,,,5.0,1.0,0.0,0.0,,,,,,,,,,
1840067644,2022,udmurtia,95.11,1161.0,50.0,464.0,234.0,230.0,,6.0,1.0,1.0,0.0,,465.0,10.0,,-1077.0,84.0,62.0,,,
9704016564,2022,moscow city,94.99,50.0,1.0,6.0,,1.0,,2.0,1.0,1.0,0.0,,6.0,5.0,,-40.0,10.0,2.0,,,
7309006868,2022,ulyanovsk,01.63,,,0.0,0.0,,,5.0,1.0,1.0,0.0,,0.0,,,,,,,,0.0
7719704538,2022,moscow city,47.59.10,,,12.0,12.0,,,14.0,1.0,1.0,0.0,0.0,12.0,12.0,,,,,,,
6314039916,2022,samara,38.32.20,7077.0,-543.0,15319.0,1013.0,14306.0,,7.0,1.0,1.0,0.0,670.0,14649.0,213.0,,-6945.0,132.0,-541.0,,,
7718533135,2022,moscow city,85.21,,,,,,,18.0,1.0,0.0,0.0,,,,,,,,,,
9705032985,2022,moscow city,79.11,,,,,,,7.0,1.0,0.0,0.0,,,,,,,,,,
9723143215,2022,moscow city,43.21,,,,,,,0.0,1.0,0.0,0.0,,,,,,,,,,
7729707351,2022,moscow city,71.12.20,,,,,,,10.0,1.0,0.0,0.0,,,,,,,,,,
2222833550,2022,altai terr.,70.22,516.0,259.0,225.0,10.0,215.0,,7.0,1.0,1.0,0.0,0.0,225.0,206.0,,,259.0,259.0,,,
4707039881,2022,leningrad,08.92.10,,,,,,,5.0,1.0,0.0,0.0,,,,,,,,,,
3662203216,2022,voronezh,46.41,24931.0,2899.0,65829.0,7909.0,57920.0,,8.0,1.0,1.0,0.0,0.0,65829.0,1499.0,,-21227.0,3704.0,3637.0,,,
6438911760,2022,saratov,47.11,,,,,,,16.0,1.0,0.0,0.0,,,,,,,,,,
7117501964,2022,tula,43.22,,,,,,,11.0,1.0,0.0,0.0,,,,,,,,,,
6111009698,2022,rostov,46.34.23,0.0,0.0,1995.0,-3606.0,5601.0,,9.0,1.0,1.0,0.0,0.0,1995.0,6.0,,0.0,0.0,0.0,,,
5048065132,2022,moscow reg.,01.10,,,737.0,737.0,,,26.0,1.0,1.0,0.0,,737.0,737.0,,,,,,,
7724351253,2022,moscow city,43.39,160446.0,714.0,65673.0,8374.0,57299.0,,6.0,1.0,1.0,0.0,0.0,65673.0,74.0,,-160203.0,243.0,906.0,,,
5259147507,2022,nizhni novgorod,46.72,7111.0,46.0,10.0,10.0,,,3.0,1.0,1.0,0.0,,10.0,10.0,,-7053.0,58.0,58.0,,,
6316217579,2022,samara,86.23,14603.0,1936.0,3423.0,2237.0,1186.0,,6.0,1.0,1.0,0.0,2247.0,1176.0,103.0,0.0,-12215.0,2388.0,2158.0,,,
7713317684,2022,moscow reg.,93.19,,,,,,,20.0,1.0,0.0,0.0,,,,,,,,,,
7203506518,2022,tyumen,21.20,18245.0,43.0,106635.0,64826.0,41809.0,,2.0,1.0,1.0,0.0,,106635.0,91.0,,-17733.0,512.0,477.0,,,
4101096916,2022,kamchatka,38.32.20,56406.0,5514.0,10372.0,5549.0,2888.0,,18.0,1.0,1.0,0.0,,10372.0,3970.0,1935.0,-49640.0,6766.0,6126.0,,,
5903061331,2022,perm,46.90,,,1020.0,518.0,502.0,,12.0,1.0,1.0,0.0,,1020.0,,,,,,,,
2014034973,2022,chechnya,47.29,,,10.0,10.0,,,0.0,1.0,1.0,0.0,,10.0,,,,,,,,
7606129982,2022,yaroslavl,81.10,,,,,,,0.0,1.0,0.0,0.0,,,,,,,,,,
7706302510,2022,moscow city,64.99.10,,,,,,,19.0,1.0,0.0,0.0,,,,,,,,,,
9305005828,2022,donetsk,01.11,1467.0,480.0,2641.0,2641.0,,,0.0,1.0,0.0,0.0,,2641.0,31.0,,-987.0,480.0,480.0,,,
6658507312,2022,sverdlovsk,08.11,375.0,-1392.0,52956.0,474.0,49527.0,,5.0,1.0,1.0,0.0,1448.0,51508.0,0.0,796.0,0.0,-1294.0,-1392.0,,,0.0
3620013904,2022,voronezh,46.73.60,59657.0,1834.0,27312.0,8723.0,18589.0,,8.0,1.0,1.0,0.0,7690.0,19622.0,13433.0,0.0,-57365.0,2292.0,2292.0,,,
7203489894,2022,tyumen,41.20,,,,,,,3.0,1.0,0.0,0.0,,,,,,,,,,
7736642264,2022,moscow city,86.23,,,,,,,10.0,1.0,0.0,0.0,,,,,,,,,,
0900005121,2022,karachaevo-chercessia,68.31,56.0,47.0,47.0,47.0,,,0.0,1.0,1.0,0.0,47.0,,,,-6.0,50.0,50.0,,,
2466285041,2022,krasnoyarsk,71.12.30,,,10.0,10.0,,,2.0,1.0,1.0,0.0,0.0,10.0,10.0,,,,,,,
5077012230,2022,moscow reg.,23.69,,,,,,,7.0,1.0,0.0,0.0,,,,,,,,,,
7704412123,2022,moscow city,46.90,4516.0,-3884.0,23461.0,1443.0,20781.0,-6041.0,5.0,1.0,1.0,0.0,2201.0,21260.0,2347.0,4.0,-3697.0,-5759.0,-4852.0,,,-6041.0
2312209192,2022,krasnodar,71.20.80,,,,,,,9.0,1.0,0.0,0.0,,,,,,,,,,
1001312050,2022,karelia,41.20,,,,,,,6.0,1.0,0.0,0.0,,,,,,,,,,
3811139697,2022,irkutsk,56.10,16351.0,-4365.0,2475.0,-2941.0,5416.0,,12.0,1.0,1.0,0.0,,2475.0,343.0,,-5450.0,-4365.0,-4365.0,,,
6155053292,2022,rostov,68.32.10,,,5330.0,,156.0,,14.0,1.0,1.0,0.0,0.0,5330.0,5057.0,0.0,,,,,,
7460040510,2022,chelyabinsk,46.69.90,12394.0,511.0,3848.0,484.0,2364.0,,4.0,1.0,1.0,0.0,,3848.0,692.0,1000.0,-11647.0,747.0,639.0,,,
5905052597,2022,perm,56.10,,,,,,,5.0,1.0,0.0,0.0,,,,,,,,,,
5263045949,2022,nizhni novgorod,68.20.20,28918.0,6419.0,64118.0,42708.0,15996.0,,18.0,1.0,1.0,0.0,30317.0,33801.0,6.0,5414.0,-24902.0,697.0,6656.0,,,
7712099000,2022,moscow city,,,,,,,,19.0,1.0,0.0,0.0,,,,,,,,,,
1101044623,2022,komi,95.21,,,,,,,17.0,1.0,0.0,0.0,,,,,,,,,,
6603008900,2022,sverdlovsk,68.20,44370.0,2307.0,25685.0,25271.0,415.0,,26.0,1.0,1.0,0.0,24113.0,1573.0,152.0,,-30071.0,14299.0,2983.0,,,
2130106499,2022,chuvashia,46.47.20,3372.0,68.0,1130.0,840.0,290.0,,10.0,1.0,1.0,0.0,41.0,1089.0,168.0,,-3251.0,121.0,94.0,,,
1655467278,2022,tatarstan,43.22,,,,,,,1.0,1.0,0.0,0.0,,,,,,,,,,
2635226283,2022,stavropol,47.11,,,,,,,5.0,1.0,0.0,0.0,,,,,,,,,,
9701151533,2022,moscow city,47.76.10,25659.0,31.0,1081.0,762.0,319.0,,3.0,1.0,1.0,0.0,53.0,1028.0,289.0,,-24594.0,1065.0,288.0,,,
7451000140,2022,chelyabinsk,14.13.22,,,,,,,23.0,1.0,0.0,0.0,,,,,,,,,,
7839134343,2022,sankt-petersburg,46.73,,,,,,,2.0,1.0,0.0,0.0,,,,,,,,,,
8603128735,2022,khanty-mansijsk,77.11,3044.0,61.0,310.0,292.0,18.0,,16.0,1.0,1.0,0.0,,310.0,20.0,0.0,-2948.0,96.0,61.0,,,
7413025673,2022,chelyabinsk,86.23,3131.0,1232.0,2440.0,1789.0,616.0,,4.0,1.0,1.0,0.0,609.0,1832.0,787.0,0.0,-1769.0,1362.0,1344.0,,,
5916011602,2022,perm,52.21.24,,,,,,,27.0,1.0,0.0,0.0,,,,,,,,,,
2130177517,2022,chuvashia,25.11,14099.0,1.0,5241.0,3746.0,1495.0,,6.0,1.0,1.0,0.0,103.0,5138.0,1387.0,,-10944.0,169.0,1.0,,,
5243033945,2022,nizhni novgorod,43.11,0.0,-433.0,6795.0,,6053.0,,8.0,1.0,1.0,0.0,,6795.0,2351.0,,-50.0,-50.0,-68.0,,,
7452111686,2022,chelyabinsk,23.61,,,,,,,9.0,1.0,0.0,0.0,,,,,,,,,,
6623119502,2022,sverdlovsk,49.41,2589.0,-1539.0,4069.0,339.0,3264.0,,6.0,1.0,1.0,0.0,,4069.0,23.0,466.0,-2551.0,38.0,-767.0,,,
3444203858,2022,volgograd,82.99,0.0,0.0,2.0,-3885.0,3887.0,,9.0,1.0,1.0,0.0,,2.0,0.0,,,0.0,0.0,,,0.0
5007018729,2022,moscow reg.,68.32.20,,,427.0,0.0,427.0,,34.0,1.0,1.0,0.0,,427.0,427.0,,,,,,,
3661017513,2022,voronezh,80.10,14230.0,3072.0,1865.0,1446.0,419.0,,20.0,1.0,1.0,0.0,511.0,1354.0,873.0,0.0,-10165.0,4065.0,3503.0,,,
5038149961,2022,moscow reg.,32.50,,-2.0,0.0,-1711.0,1711.0,,3.0,1.0,1.0,0.0,,0.0,0.0,,0.0,0.0,-2.0,,,
3444256842,2022,volgograd,43.22,76634.0,-14357.0,19433.0,-23508.0,42941.0,,6.0,1.0,1.0,0.0,109.0,19324.0,97.0,,-76951.0,-317.0,-13631.0,,,
1001338637,2022,karelia,11.05,241.0,-299.0,1913.0,-4280.0,6193.0,-11.0,4.0,1.0,1.0,0.0,,1913.0,1.0,,-109.0,-265.0,-297.0,,-12.0,-23.0
0572031736,2022,dagestan,86.10,,,0.0,,,,0.0,1.0,1.0,0.0,,,,,,,,,,
7329022730,2022,ulyanovsk,33.16,,-1219.0,116930.0,-3192.0,484.0,,6.0,1.0,1.0,0.0,116384.0,546.0,531.0,119625.0,-45.0,-45.0,-1212.0,,,
9721049908,2022,moscow city,52.29,194551.0,5410.0,71916.0,7132.0,60384.0,,5.0,1.0,1.0,0.0,48.0,71868.0,2023.0,4400.0,-187058.0,7493.0,6993.0,,,
9718127017,2022,moscow city,62.01,,-1193.0,1025.0,-2062.0,3071.0,,3.0,1.0,1.0,0.0,824.0,200.0,175.0,,-941.0,-941.0,-994.0,,,
2263029821,2022,altai terr.,64.99,,,0.0,,,,3.0,1.0,1.0,0.0,,,,,,,,,,
8601072967,2022,khanty-mansijsk,41.20,,,10.0,10.0,,,0.0,1.0,1.0,0.0,,10.0,10.0,,,,,,,
7825668730,2022,sankt-petersburg,80.10,10501.0,-327.0,243.0,-77.0,0.0,,27.0,1.0,1.0,0.0,0.0,243.0,136.0,,-10792.0,-291.0,-327.0,,,
2115000177,2022,chuvashia,23.61,8477.0,106.0,13130.0,9791.0,3339.0,,24.0,1.0,1.0,0.0,7104.0,6026.0,0.0,,-8240.0,237.0,106.0,,,
7804606771,2022,moscow reg.,46.39.10,287308.0,-84454.0,290236.0,-172480.0,216391.0,,5.0,1.0,1.0,0.0,64564.0,225672.0,5069.0,211013.0,-270062.0,-32279.0,-86574.0,,,
0573003107,2022,dagestan,94.99,,,736.0,735.0,1.0,231.0,9.0,1.0,1.0,0.0,69.0,667.0,607.0,,,,,,,231.0
6140032388,2022,rostov,68.32,,,485.0,,485.0,,10.0,1.0,1.0,0.0,,485.0,240.0,,,,,,,
3808279060,2022,irkutsk,46.19,,,10.0,10.0,,,0.0,0.0,1.0,0.0,,10.0,,,,,,,,
0707010613,2022,kabardino-balkaria,23.32,23664.0,231.0,25623.0,12580.0,13043.0,,20.0,1.0,1.0,0.0,9560.0,16063.0,340.0,,-23355.0,309.0,267.0,,,
9715011173,2022,moscow city,61.10,293608.0,139324.0,378546.0,279108.0,99438.0,-4325.0,8.0,1.0,1.0,0.0,313632.0,64914.0,1988.0,,-13957.0,140930.0,139324.0,-9857.0,16000.0,1818.0
6901084913,2022,tver,79.90.20,,,10.0,5.0,5.0,,17.0,1.0,1.0,0.0,,10.0,,,,,,,,
5001100350,2022,moscow reg.,47.91.20,,,1029.0,947.0,82.0,,8.0,1.0,1.0,0.0,,1028.0,,,,,,,,
5405406262,2022,novosibirsk,71.10,,,,,,,12.0,1.0,0.0,0.0,,,,,,,,,,
5507276904,2022,omsk,41.20,,,,,,,2.0,1.0,0.0,0.0,,,,,,,,,,
5027305915,2022,moscow reg.,64.99,,,8.0,8.0,,,0.0,1.0,1.0,0.0,,8.0,8.0,,,,,,,
7709784799,2022,moscow city,46.75,,,,,,,14.0,1.0,0.0,0.0,,,,,,,,,,
3441042049,2022,volgograd,49.41.20,0.0,-246.0,22972.0,1503.0,20870.0,,11.0,1.0,1.0,0.0,11112.0,11860.0,2.0,,-195.0,-195.0,-238.0,,,
0107025512,2022,adygeya,94.99,,,,,,,9.0,1.0,0.0,0.0,,,,,,,,,,
5506093591,2022,omsk,46.43.10,,,24.0,9.0,15.0,,7.0,1.0,1.0,0.0,,23.0,4.0,,,,,,,
7802167550,2022,sankt-petersburg,96.02,3821.0,73.0,301.0,268.0,33.0,,21.0,1.0,1.0,0.0,52.0,249.0,47.0,,-3670.0,151.0,73.0,,,
7722466139,2022,moscow city,46.90,,,,,,,4.0,1.0,0.0,0.0,,,,,,,,,,
4725006230,2022,leningrad,94.99,60.0,2.0,123.0,122.0,1.0,99.0,3.0,1.0,1.0,0.0,,123.0,123.0,,-57.0,3.0,3.0,,,99.0
4212041380,2022,kemerovo,71.12,1882.0,11.0,105.0,27.0,78.0,,3.0,1.0,1.0,0.0,,105.0,102.0,,,67.0,67.0,,,
6732122865,2022,smolensk,46.71,916.0,-953.0,7953.0,-1634.0,8126.0,,6.0,1.0,1.0,0.0,0.0,7953.0,1.0,1461.0,-1854.0,-938.0,-953.0,,,
1433031787,2022,yakutia,90.01,8341.0,467.0,3483.0,3409.0,74.0,,4.0,1.0,1.0,0.0,2140.0,1343.0,467.0,,-7477.0,864.0,864.0,,,
8905066820,2022,yamal-nenets ao,79.11,,,0.0,,,,2.0,1.0,1.0,0.0,,,,,,,,,,0.0
7727783117,2022,moscow city,49.40,,,,,,,10.0,1.0,0.0,0.0,,,,,,,,,,
8620023732,2022,khanty-mansijsk,49.42,506.0,439.0,2518.0,1811.0,472.0,,2.0,1.0,1.0,0.0,,2518.0,789.0,235.0,-46.0,460.0,471.0,,,
7724358153,2022,moscow city,46.73.60,97395.0,6886.0,26099.0,12677.0,4869.0,1387.0,6.0,1.0,1.0,0.0,12237.0,13862.0,2428.0,10.0,-65336.0,8808.0,8607.0,,,1387.0
5401979270,2022,novosibirsk,68.10.23,,,10.0,10.0,,,5.0,1.0,1.0,0.0,,10.0,,,,,,,,
7722481024,2022,moscow city,49.41.30,29348.0,-5243.0,24213.0,1346.0,22214.0,,3.0,1.0,1.0,0.0,7432.0,16781.0,12.0,,-14536.0,-2284.0,-6405.0,,,
7701336883,2022,moscow city,69.10,,,8895.0,774.0,8121.0,-821.0,19.0,1.0,1.0,0.0,774.0,8121.0,5167.0,,,,,,,-821.0
5402050265,2022,novosibirsk,41.20,29413.0,-441.0,6260.0,4173.0,2025.0,,3.0,1.0,1.0,0.0,661.0,5599.0,249.0,,-28711.0,702.0,-379.0,,,
3126021117,2022,belgorod,56.10.10,1919.0,45.0,3035.0,299.0,2736.0,,3.0,1.0,1.0,0.0,,3035.0,6.0,0.0,-1825.0,94.0,64.0,,,
7714718801,2022,moscow city,70.10.10,0.0,-1284.0,2533.0,-366.0,2899.0,,15.0,1.0,1.0,0.0,1351.0,1182.0,0.0,,0.0,-1688.0,-1598.0,,,
3808197280,2022,irkutsk,58.13,,,,,,,6.0,1.0,0.0,0.0,,,,,,,,,,
2463031659,2022,krasnoyarsk,52.10.30,61833.0,330.0,168955.0,-7897.0,95598.0,,18.0,1.0,1.0,0.0,149639.0,19316.0,37.0,80700.0,-59121.0,2712.0,1415.0,,,
2801122212,2022,amur,94.99,,,1952.0,,39.0,,20.0,1.0,1.0,0.0,,1952.0,1952.0,,,,,,,
5074055638,2022,moscow city,41.20,,,,,,,6.0,1.0,0.0,0.0,,,,,,,,,,
2511069006,2022,primorsky terr.,52.29,,,,,,,12.0,1.0,0.0,0.0,,,,,,,,,,
6619019671,2022,sverdlovsk,25.62,15266.0,2965.0,8351.0,7056.0,252.0,,4.0,1.0,1.0,0.0,,8352.0,15.0,1044.0,-10816.0,4450.0,4224.0,,,
7415108325,2022,chelyabinsk,46.72,,,,,,,1.0,1.0,0.0,0.0,,,,,,,,,,
5263113268,2022,nizhni novgorod,46.46,,,,,,,7.0,1.0,0.0,0.0,,,,,,,,,,
7714952456,2022,moscow city,68.32,15147.0,2172.0,15073.0,13219.0,1854.0,,8.0,1.0,1.0,0.0,70.0,15003.0,1121.0,,-14521.0,626.0,2179.0,,,
5245021825,2022,nizhni novgorod,47.30,2051.0,44.0,2435.0,1348.0,1087.0,,22.0,1.0,1.0,0.0,1318.0,1117.0,5.0,,-958.0,113.0,86.0,,,
2536315415,2022,primorsky terr.,46.31,,,,,,,3.0,1.0,0.0,0.0,,,,,,,,,,
5507270211,2022,omsk,47.11,105290.0,9773.0,51725.0,50779.0,946.0,,3.0,1.0,1.0,0.0,,51726.0,3235.0,0.0,-88399.0,16891.0,17334.0,,,
2014264110,2022,chechnya,69,,,,,,,13.0,1.0,0.0,0.0,,,,,,,,,,
9704059649,2022,moscow city,49.31,233302.0,50896.0,63118.0,50906.0,12212.0,,1.0,1.0,1.0,0.0,,63118.0,291.0,,-179194.0,54108.0,53950.0,,,
7604387000,2022,yaroslavl,46.18,1864.0,-4.0,3519.0,-11.0,882.0,,0.0,1.0,1.0,0.0,,3519.0,232.0,2648.0,-1854.0,3.0,-4.0,,,
7430018683,2022,chelyabinsk,68.32.10,,,16.0,16.0,,,9.0,1.0,1.0,0.0,,16.0,16.0,,,,,,,
4703181340,2022,leningrad,43.21,,,,,,,1.0,1.0,0.0,0.0,,,,,,,,,,
7725602693,2022,moscow city,69,4699.0,-7152.0,13628.0,4314.0,8000.0,,15.0,1.0,1.0,0.0,3319.0,10309.0,146.0,,-8998.0,-4299.0,-6002.0,,,
0400007794,2022,altai rep.,47.91,4431.0,147.0,1920.0,1404.0,516.0,,4.0,1.0,1.0,0.0,,1920.0,1297.0,,-4192.0,239.0,191.0,,,
7734438979,2022,moscow city,56.10,0.0,-963.0,0.0,-1520.0,1520.0,,2.0,1.0,1.0,0.0,,0.0,0.0,,0.0,-963.0,-963.0,,,
4502019806,2022,kurgan,60.20,5603.0,-273.0,3565.0,-1052.0,2832.0,,15.0,1.0,1.0,0.0,1094.0,2471.0,113.0,1785.0,-5820.0,-217.0,-273.0,,,
7720360539,2022,moscow city,81.22,105974.0,651.0,45179.0,8961.0,27329.0,,6.0,1.0,1.0,0.0,1848.0,43331.0,2890.0,8889.0,-102124.0,3850.0,805.0,,,
6732138777,2022,smolensk,46.33,41006.0,-136.0,33933.0,5900.0,28033.0,,5.0,1.0,1.0,0.0,0.0,33933.0,12.0,,-40555.0,451.0,-126.0,,,
5219383716,2022,nizhni novgorod,16.10,,,,,,,7.0,1.0,0.0,0.0,,,,,,,,,,
5519009830,2022,omsk,43.32,0.0,0.0,100.0,100.0,,,3.0,1.0,1.0,0.0,,100.0,100.0,,0.0,0.0,0.0,,,
5257106488,2022,nizhni novgorod,93.21,121000.0,-9087.0,216356.0,-186469.0,402825.0,,14.0,1.0,1.0,0.0,64127.0,152229.0,394.0,,-737.0,17385.0,-4585.0,,,0.0
2536321440,2022,primorsky terr.,46.21.19,,,,,,,2.0,1.0,0.0,0.0,,,,,,,,,,
5190038520,2022,murmansk,46.69.80,32730.0,475.0,39330.0,698.0,36996.0,,8.0,1.0,1.0,0.0,3066.0,36264.0,3964.0,1636.0,-31390.0,1340.0,536.0,,,
0245017379,2022,bashkortostan,11.07,,,,,,,16.0,1.0,0.0,0.0,,,,,,,,,,
4618003996,2022,kursk,36,14399.0,1301.0,2318.0,1311.0,1007.0,,12.0,1.0,1.0,0.0,0.0,2318.0,495.0,,-12815.0,1531.0,1301.0,,,
5405065598,2022,novosibirsk,43.21,2566.0,1974.0,2745.0,2517.0,228.0,,1.0,1.0,1.0,0.0,0.0,2745.0,2378.0,0.0,-386.0,2180.0,2143.0,,,
5256160394,2022,nizhni novgorod,45.11,650534.0,298.0,113265.0,3994.0,71873.0,,5.0,1.0,1.0,0.0,30005.0,83260.0,6.0,37397.0,-515157.0,8623.0,298.0,,,
6732068304,2022,smolensk,52.29,394.0,-130.0,1400.0,1400.0,0.0,,8.0,1.0,1.0,0.0,1120.0,280.0,280.0,,0.0,-106.0,-126.0,,,
9704078521,2022,moscow city,41.10,,,,,,,1.0,1.0,0.0,0.0,,,,,,,,,,
2225778202,2022,altai terr.,68.32,,,2210.0,2210.0,0.0,,12.0,1.0,1.0,0.0,,2210.0,2019.0,,,,,,,
6732120120,2022,smolensk,46.90,,0.0,0.0,-41.0,41.0,,6.0,1.0,1.0,0.0,,0.0,0.0,,,,0.0,,,
9201525830,2022,sevastopol,68.32,,,0.0,,,,4.0,1.0,1.0,0.0,,,,,,,,,,
6345029643,2022,samara,69.10,,,10.0,10.0,,,4.0,1.0,1.0,0.0,,10.0,10.0,,,,,,,
0816031797,2022,kalmykia,70.22,,,,,,,6.0,1.0,0.0,0.0,,,,,,,,,,
2308157350,2022,krasnodar,43.30,,,,,,,13.0,1.0,0.0,0.0,,,,,,,,,,
8602298075,2022,khanty-mansijsk,43.31,,,,,,,2.0,1.0,0.0,0.0,,,,,,,,,,
6658549601,2022,sverdlovsk,68.10,,-26.0,3683.0,-22.0,805.0,,1.0,1.0,1.0,0.0,,3683.0,1528.0,2900.0,-20.0,-20.0,-26.0,,,
3801145194,2022,irkutsk,56.10,,,,,,,4.0,1.0,0.0,0.0,,,,,,,,,,
4205198084,2022,kemerovo,72.19,,-87.0,3368.0,-1825.0,5193.0,,12.0,1.0,1.0,0.0,3.0,3365.0,2639.0,0.0,,,-87.0,,,
4501228660,2022,kurgan,43.11,4690.0,62.0,194.0,72.0,122.0,,2.0,1.0,1.0,0.0,,194.0,2.0,,-4551.0,139.0,109.0,,,
7730611213,2022,moscow city,47.91.20,708.0,122.0,124.0,-564.0,137.0,,13.0,1.0,1.0,0.0,,124.0,55.0,551.0,-558.0,150.0,143.0,,,
7840073776,2022,sankt-petersburg,46.71.20,,,,,,,5.0,1.0,0.0,0.0,,,,,,,,,,
5836691208,2022,penza,94.99,,,,,,,3.0,1.0,0.0,0.0,,,,,,,,,,
9701179761,2022,moscow city,72.19,,-7.0,2.0,2.0,,,1.0,1.0,1.0,0.0,,2.0,2.0,,,,-7.0,,,
6500004910,2022,sakhalin,47.11,,-1841.0,946.0,-1841.0,87.0,,0.0,1.0,1.0,0.0,73.0,874.0,47.0,2700.0,-1831.0,-1831.0,-1841.0,,,
1645028183,2022,tatarstan,71.11.10,9106.0,125.0,3825.0,793.0,3032.0,,10.0,1.0,1.0,0.0,1488.0,2336.0,639.0,0.0,-4174.0,2587.0,156.0,,,0.0
3444252446,2022,volgograd,94.99,,,,,,,7.0,1.0,0.0,0.0,,,,,,,,,,
6658516645,2022,sverdlovsk,46.49.49,3528.0,180.0,588.0,487.0,101.0,,4.0,1.0,1.0,0.0,0.0,588.0,1.0,,-3287.0,241.0,216.0,,,
9701171674,2022,moscow city,46.73,,,,,,,1.0,1.0,0.0,0.0,,,,,,,,,,
6658415799,2022,sverdlovsk,55.10,5598.0,16.0,1804.0,295.0,1509.0,,10.0,1.0,1.0,0.0,,1804.0,379.0,,-5344.0,254.0,184.0,,,
2508122764,2022,primorsky terr.,41.20,,,,,,,7.0,1.0,0.0,0.0,,,,,,,,,,
7702456559,2022,moscow city,69.10,,,,,,,4.0,1.0,0.0,0.0,,,,,,,,,,
4217997370,2022,kemerovo,85.42,1021.0,187.0,25.0,0.0,25.0,,10.0,1.0,1.0,0.0,,25.0,3.0,,-651.0,187.0,187.0,,,
7731283396,2022,moscow city,43.99,50315.0,129.0,91659.0,-467.0,92126.0,,7.0,1.0,1.0,0.0,0.0,91659.0,0.0,,-27796.0,22519.0,161.0,,,
7729567827,2022,moscow city,73.11,,,,,,,15.0,1.0,0.0,0.0,,,,,,,,,,
5009130170,2022,moscow reg.,47.59,,,,,,,1.0,1.0,0.0,0.0,,,,,,,,,,
4205236163,2022,kemerovo,78.10,,,,,,,10.0,1.0,0.0,0.0,,,,,,,,,,
5040142586,2022,moscow reg.,22.29,,,,,,,6.0,1.0,0.0,0.0,,,,,,,,,,
5105062187,2022,murmansk,52.21.24,,,,,,,8.0,1.0,0.0,0.0,,,,,,,,,,
7725325489,2022,moscow city,62.02,1092.0,-423.0,264.0,246.0,18.0,-441.0,6.0,1.0,1.0,0.0,,264.0,239.0,,-1465.0,-373.0,-390.0,,,-441.0
6231040273,2022,ryazan,22.29.20,37526.0,105.0,14983.0,11965.0,3018.0,,24.0,1.0,1.0,0.0,0.0,14983.0,0.0,0.0,-34823.0,406.0,141.0,,,
5401358402,2022,novosibirsk,46.73.60,23715.0,3359.0,3834.0,3284.0,550.0,,10.0,1.0,1.0,0.0,0.0,3834.0,3243.0,0.0,-19514.0,4201.0,3950.0,,,
4345450939,2022,kirov,16.10,,,,,,,6.0,1.0,0.0,0.0,,,,,,,,,,
7724485352,2022,moscow city,41.20,,,,,,,3.0,1.0,0.0,0.0,,,,,,,,,,
7810912865,2022,sankt-petersburg,71.12.10,14521.0,643.0,2914.0,1794.0,579.0,,1.0,1.0,1.0,0.0,,2914.0,2904.0,542.0,-13431.0,1090.0,1079.0,,,
5809902393,2022,penza,36,246.0,22.0,0.0,,,,9.0,1.0,1.0,0.0,,,,,-224.0,22.0,22.0,,,
7751207957,2022,moscow city,68.20,,,10.0,10.0,,,1.0,1.0,1.0,0.0,,10.0,,,,,,,,
7451447926,2022,chelyabinsk,46.73,,,,,,,3.0,1.0,0.0,0.0,,,,,,,,,,
2511114192,2022,primorsky terr.,94.12,,,417.0,384.0,33.0,,2.0,1.0,1.0,0.0,,417.0,27.0,,,,,,,0.0
4712126890,2022,leningrad,96.04,14637.0,2319.0,10956.0,10871.0,85.0,,14.0,1.0,1.0,0.0,6823.0,4132.0,262.0,,-11610.0,3027.0,2469.0,,,
2901294818,2022,arkhangelsk,47.52.50,,,,,,,4.0,1.0,0.0,0.0,,,,,,,,,,
7714378432,2022,moscow city,41.20,,-34738.0,541086.0,-118678.0,94.0,-558.0,6.0,1.0,1.0,0.0,510152.0,30934.0,3605.0,659670.0,,-1347.0,-43421.0,-60385.0,0.0,-60943.0
0273078743,2022,bashkortostan,92.10,,,,,,,12.0,1.0,0.0,0.0,,,,,,,,,,
7734445302,2022,moscow city,62.01,1495.0,78.0,79.0,79.0,,,1.0,1.0,1.0,0.0,,79.0,9.0,,-1418.0,77.0,78.0,,,
3234040702,2022,bryansk,31,8788.0,2.0,9677.0,8865.0,812.0,,22.0,1.0,1.0,0.0,2365.0,7312.0,170.0,,-4821.0,235.0,2.0,,,
6450041777,2022,saratov,43.99,,0.0,0.0,0.0,,,22.0,1.0,0.0,0.0,,0.0,,,,,0.0,,,
3702267258,2022,ivanovo,72.19,,-8.0,3134.0,134.0,3000.0,,0.0,1.0,1.0,0.0,1775.0,1359.0,1316.0,,,-7.0,-8.0,,,
7116013611,2022,tula,84.13,,,,,,,31.0,1.0,0.0,0.0,,,,,,,,,,
5406798100,2022,novosibirsk,41.20,10339.0,656.0,47912.0,1198.0,46691.0,,3.0,1.0,1.0,0.0,245.0,47667.0,3276.0,,-10747.0,-16995.0,689.0,,,
7811760478,2022,sankt-petersburg,42.21,,,,,,,1.0,1.0,0.0,0.0,,,,,,,,,,
5908049916,2022,perm,46.75,302.0,2.0,16.0,16.0,,,10.0,1.0,1.0,0.0,,16.0,16.0,,-282.0,20.0,20.0,,,
2320003406,2022,krasnodar,47.11.20,0.0,-398.0,0.0,-1589.0,1589.0,,23.0,1.0,1.0,0.0,0.0,0.0,0.0,,,0.0,-398.0,,,
6827028003,2022,tambov,16.10,58117.0,1554.0,29871.0,5381.0,11504.0,,5.0,1.0,1.0,0.0,11420.0,18451.0,1135.0,12986.0,-56128.0,1989.0,1942.0,,,
0275920436,2022,bashkortostan,46.71,,,,,,,3.0,1.0,0.0,0.0,,,,,,,,,,
7721723908,2022,moscow reg.,47.50,,,1.0,-50.0,24.0,,11.0,1.0,1.0,0.0,,1.0,,27.0,,,,,,
7704372978,2022,moscow city,46.45,,,,,,,6.0,1.0,0.0,0.0,,,,,,,,,,
3121009797,2022,belgorod,47.11,1950.0,40.0,120.0,120.0,,,2.0,1.0,1.0,0.0,120.0,,,,-1910.0,40.0,40.0,,,0.0
2460115660,2022,krasnoyarsk,46.90,,,,,,,2.0,1.0,0.0,0.0,,,,,,,,,,
7734573270,2022,moscow city,86.23,9494.0,3058.0,970.0,5818.0,227.0,,15.0,1.0,1.0,0.0,22.0,948.0,606.0,-5075.0,-2201.0,7293.0,3556.0,,,
9731077453,2022,moscow city,79.11,,,,,,,1.0,1.0,0.0,0.0,,,,,,,,,,
7709244786,2022,moscow city,14.19,4568.0,811.0,1759.0,725.0,1034.0,,24.0,1.0,1.0,0.0,,1759.0,766.0,,-3705.0,863.0,962.0,,,
6731038970,2022,smolensk,41.20,26191.0,2244.0,7762.0,248.0,7125.0,,21.0,1.0,1.0,0.0,3980.0,3782.0,424.0,,-23589.0,2602.0,2526.0,,,
3906144166,2022,kaliningrad,46.15.30,3234.0,11858.0,2769.0,1076.0,1693.0,,17.0,1.0,1.0,0.0,585.0,2184.0,1488.0,0.0,-1048.0,595.0,11978.0,,,
2225214460,2022,altai terr.,43.22,,,4574.0,100.0,4474.0,,2.0,1.0,1.0,0.0,,4574.0,,,,,,,,
4027146082,2022,kaluga,46.43,,,10.0,10.0,,,1.0,1.0,1.0,0.0,,10.0,10.0,,,,,,,
3805730982,2022,irkutsk,47.29.30,,,0.0,,,,5.0,1.0,1.0,0.0,,,,,,,,,,
7725430388,2022,moscow city,68.32,2870.0,-1159.0,26590.0,489.0,2470.0,,4.0,1.0,1.0,0.0,24001.0,2589.0,2389.0,23630.0,-3460.0,-590.0,-1070.0,,,
2502016209,2022,primorsky terr.,23.70.10,610088.0,24050.0,602483.0,49398.0,445769.0,351693.0,27.0,1.0,1.0,0.0,226949.0,375534.0,258479.0,0.0,-491473.0,42025.0,30912.0,-100989.0,-24620.0,226084.0
2311175409,2022,krasnodar,68.31,1227.0,-322.0,679.0,-1082.0,1761.0,,8.0,1.0,1.0,0.0,,679.0,111.0,,-1469.0,-242.0,-285.0,,,
5410776124,2022,novosibirsk,79.10,,,10.0,10.0,,,9.0,1.0,1.0,0.0,0.0,10.0,10.0,,,,,,,
7703425850,2022,moscow city,59.11,,,,,,,5.0,1.0,0.0,0.0,,,,,,,,,,
7719758276,2022,moscow city,66.21,,,0.0,,,,12.0,1.0,0.0,0.0,,,,,,,,,,
1660298321,2022,tatarstan,77.11,,-260.0,20810.0,-582.0,2381.0,,5.0,1.0,1.0,0.0,,20810.0,2.0,19011.0,,,-260.0,,,0.0
6685164569,2022,sverdlovsk,46.73,36052.0,177.0,32827.0,113.0,32714.0,,3.0,1.0,1.0,0.0,,32828.0,4939.0,,-35642.0,410.0,221.0,,,
4101996610,2022,kamchatka,94.99,,,0.0,0.0,,,8.0,1.0,0.0,0.0,,0.0,,,,,,,,
5611070191,2022,orenburg,46.33.10,508831.0,6542.0,80303.0,11799.0,68504.0,,8.0,1.0,1.0,0.0,,80303.0,5077.0,,-430729.0,22752.0,8177.0,,,
7714324660,2022,moscow city,41.20,198516.0,3031.0,72710.0,24648.0,48062.0,,8.0,1.0,1.0,0.0,4063.0,68647.0,2864.0,0.0,-184679.0,13837.0,4946.0,,,
5009009543,2022,moscow reg.,68.32.20,,,1909.0,,651.0,,36.0,1.0,1.0,0.0,104.0,1805.0,441.0,,,,,,,
9704057916,2022,moscow city,41.20,,,,,,,1.0,1.0,0.0,0.0,,,,,,,,,,
7733719737,2022,moscow city,90.01,1130.0,-382.0,2589.0,250.0,2085.0,,13.0,1.0,1.0,0.0,77.0,2512.0,871.0,255.0,-1404.0,-274.0,-318.0,,,
9719024864,2022,moscow city,81.10,,,,,,,0.0,1.0,0.0,0.0,,,,,,,,,,
3702034912,2022,ivanovo,45.31,1867.0,257.0,21859.0,2914.0,18945.0,,19.0,1.0,1.0,0.0,,21859.0,339.0,,-1249.0,338.0,321.0,,,
8604001499,2022,khanty-mansijsk,60.20,36263.0,-1171.0,107463.0,102552.0,4911.0,,22.0,1.0,1.0,0.0,22437.0,85026.0,8910.0,,-38919.0,-2656.0,-219.0,,,
6102064822,2022,rostov,46.61,16951.0,3114.0,10870.0,9571.0,999.0,,6.0,1.0,1.0,0.0,,10870.0,211.0,300.0,-13002.0,3949.0,3893.0,,,
3436111346,2022,volgograd,43.21,60393.0,6615.0,46894.0,42240.0,4654.0,,13.0,1.0,1.0,0.0,17528.0,29366.0,1168.0,,-49753.0,10640.0,7543.0,,,
4826153664,2022,lipetzk,49.41,,-48.0,8.0,-39.0,47.0,,0.0,1.0,1.0,0.0,,8.0,1.0,,-22.0,-22.0,-48.0,,,
5078016809,2022,moscow reg.,26.11,,,,,,,15.0,1.0,0.0,0.0,,,,,,,,,,
7801332265,2022,sankt-petersburg,55.10,40698.0,4753.0,31504.0,25343.0,6161.0,,5.0,1.0,1.0,0.0,8659.0,22845.0,4292.0,,-4794.0,6789.0,5161.0,,,
7707838907,2022,moscow city,82.99,1988.0,129.0,25577.0,3418.0,22160.0,,8.0,1.0,1.0,0.0,0.0,25577.0,117.0,,-1803.0,185.0,161.0,,,
5256167583,2022,nizhni novgorod,49.41,24220.0,383.0,6820.0,2270.0,4550.0,,5.0,1.0,1.0,0.0,,6820.0,1757.0,,-23706.0,514.0,479.0,,,
2130232687,2022,chuvashia,66.19.40,25643.0,23987.0,1780.0,1349.0,431.0,,0.0,1.0,1.0,0.0,,1780.0,28.0,,-847.0,24796.0,23987.0,,,
0316002710,2022,buryatia,68.32.20,,,0.0,0.0,,,27.0,1.0,1.0,0.0,,0.0,0.0,,,,,,,
2334000589,2022,krasnodar,25.99.29,60000.0,60000.0,116000.0,56000.0,,,30.0,1.0,1.0,0.0,,116000.0,60000.0,,,60000.0,60000.0,,,
2367012205,2022,krasnodar,68.32,,,134.0,,,,3.0,1.0,1.0,0.0,,134.0,134.0,,,,,,,
9717103888,2022,moscow city,62.01,,99363.0,1336592.0,1330679.0,590.0,-81.0,1.0,1.0,1.0,0.0,1331346.0,5246.0,5156.0,,,-1199.0,99252.0,100030.0,-94830.0,5119.0
3528177770,2022,vologda,69.10,3957.0,924.0,3386.0,3386.0,,,11.0,1.0,1.0,0.0,,3386.0,100.0,,,1103.0,1043.0,,,
3906361347,2022,kaliningrad,47.52,0.0,0.0,1445.0,262.0,868.0,,5.0,1.0,1.0,0.0,,1445.0,,315.0,0.0,,0.0,,,
5257115771,2022,nizhni novgorod,85.41,0.0,0.0,93.0,93.0,,,12.0,1.0,1.0,0.0,,93.0,,,0.0,,0.0,,,
5030043307,2022,moscow reg.,68.32,,,,,,,19.0,1.0,0.0,0.0,,,,,,,,,,
5027205124,2022,moscow reg.,32.99.90,,,,,,,9.0,1.0,0.0,0.0,,,,,,,,,,
2003002994,2022,chechnya,46.46.10,3181.0,1223.0,3079.0,1233.0,1846.0,,1.0,1.0,1.0,0.0,1589.0,1490.0,215.0,,-2484.0,697.0,1338.0,,,
2630049312,2022,stavropol,68.32.10,36213.0,1727.0,17429.0,-559.0,17988.0,,5.0,1.0,1.0,0.0,,17429.0,11174.0,,-33792.0,2421.0,2022.0,,,
9717016755,2022,moscow city,59.14,,70.0,828.0,779.0,48.0,,6.0,1.0,1.0,0.0,,827.0,20.0,,0.0,0.0,70.0,,,
6915016511,2022,tver,94.99,,,0.0,0.0,,,2.0,1.0,1.0,0.0,,0.0,,,,,,,,0.0
0274060918,2022,bashkortostan,94.99,,,75.0,73.0,2.0,,24.0,1.0,1.0,0.0,23.0,52.0,52.0,,,,,,,
9701179190,2022,moscow city,68.31.50,692.0,-40.0,81.0,-3.0,84.0,,1.0,1.0,0.0,0.0,,81.0,74.0,,-717.0,-25.0,-33.0,,,
2373002621,2022,krasnodar,47.25,568.0,0.0,646.0,646.0,,,10.0,1.0,1.0,0.0,,646.0,556.0,,-568.0,0.0,0.0,,,
7810111640,2022,sankt-petersburg,94.99,730.0,2.0,97.0,35.0,62.0,,25.0,1.0,1.0,0.0,0.0,97.0,86.0,0.0,-720.0,10.0,3.0,,,
7720391625,2022,moscow city,46.52.20,,,,,,,5.0,1.0,0.0,0.0,,,,,,,,,,
7202229692,2022,tyumen,49.40,130491.0,1665.0,152288.0,3432.0,148856.0,,10.0,1.0,1.0,0.0,100259.0,52029.0,748.0,,-127489.0,3002.0,2345.0,,,
5905282865,2022,perm,46.34,932818.0,6678.0,246932.0,46751.0,200181.0,,11.0,1.0,1.0,0.0,307.0,246625.0,2485.0,,-879931.0,-860.0,8368.0,,,
5034043690,2022,moscow reg.,14.12,,,,,,,10.0,1.0,0.0,0.0,,,,,,,,,,
9718145640,2022,moscow city,46.46,141994.0,24697.0,62363.0,58053.0,4311.0,,3.0,1.0,1.0,0.0,,62363.0,8804.0,,-106060.0,33424.0,29853.0,,,
7801676080,2022,sankt-petersburg,23.64,,,,,,,3.0,1.0,0.0,0.0,,,,,,,,,,
1409005031,2022,yakutia,01.40,385.0,-56.0,3176.0,3160.0,16.0,,15.0,1.0,1.0,0.0,2825.0,351.0,36.0,,-441.0,-56.0,-56.0,,,0.0
7804503303,2022,sankt-petersburg,46.73.60,,,,,,,9.0,1.0,0.0,0.0,,,,,,,,,,
2311170697,2022,krasnodar,71.11.10,193289.0,4627.0,76114.0,33797.0,41858.0,,8.0,1.0,1.0,0.0,549.0,75564.0,8388.0,0.0,-185473.0,7816.0,6151.0,,,
6320051492,2022,samara,49.41,7058.0,106.0,6678.0,340.0,6338.0,,2.0,1.0,1.0,0.0,,6678.0,92.0,0.0,-6926.0,132.0,132.0,,,
1683003486,2022,tatarstan,49.41.30,326.0,44.0,54.0,54.0,,,0.0,1.0,1.0,0.0,,54.0,,,,54.0,54.0,,,
4632105767,2022,kursk,25.73,18394.0,404.0,4752.0,3031.0,1721.0,,13.0,1.0,1.0,0.0,62.0,4690.0,11.0,0.0,-17824.0,570.0,404.0,,,
6140031480,2022,rostov,69.10,,,,,,,11.0,1.0,0.0,0.0,,,,,,,,,,
7702801981,2022,moscow city,68.31,,,,,,,10.0,1.0,0.0,0.0,,,,,,,,,,
3128032749,2022,belgorod,46.90,,,1627.0,-366.0,1993.0,,22.0,1.0,0.0,0.0,,1627.0,,,,,,,,
2130130614,2022,chuvashia,25.99,,,10.0,10.0,0.0,,9.0,1.0,1.0,0.0,0.0,10.0,10.0,0.0,,,,,,
2320197430,2022,krasnodar,68.32.20,,20067.0,22.0,,22.0,,11.0,1.0,1.0,0.0,,22.0,22.0,,-18004.0,-18004.0,22497.0,,,
2452031791,2022,krasnoyarsk,46.90,42895.0,779.0,29338.0,12095.0,4554.0,,16.0,1.0,1.0,0.0,,29338.0,376.0,12689.0,-28875.0,457.0,974.0,,,
5828003352,2022,penza,01.11.10,269344.0,81350.0,552614.0,524935.0,8463.0,,18.0,1.0,1.0,0.0,354748.0,197866.0,1510.0,19216.0,-194242.0,75102.0,81350.0,,,
1215223344,2022,marij el,20.30,690543.0,10828.0,260731.0,142404.0,42824.0,,4.0,1.0,1.0,0.0,104744.0,155987.0,6938.0,50883.0,-559259.0,28094.0,12404.0,,,
5031037095,2022,moscow reg.,68.32.20,,,10381.0,,10254.0,,34.0,1.0,1.0,0.0,8359.0,2022.0,149.0,,,,,,,
9715419501,2022,moscow city,82.99,,,186.0,186.0,,,0.0,1.0,1.0,0.0,,185.0,144.0,,,,,,,
5957013800,2022,perm,80.10,20132.0,3300.0,24461.0,470.0,23991.0,,13.0,1.0,1.0,0.0,460.0,24001.0,438.0,,-16197.0,3935.0,3904.0,,,
1639018081,2022,tatarstan,45.20.10,,,,,,,22.0,1.0,0.0,0.0,,,,,,,,,,
9703039054,2022,moscow city,10.89,,,10.0,10.0,,,1.0,1.0,1.0,0.0,0.0,10.0,10.0,,,,,,,
7455039195,2022,chelyabinsk,49.39,,,,,,,1.0,1.0,0.0,0.0,,,,,,,,,,
7453326042,2022,chelyabinsk,42.21,6136.0,510.0,5885.0,2480.0,3405.0,,3.0,1.0,1.0,0.0,,5885.0,5.0,,-5341.0,795.0,769.0,,,
3203006243,2022,bryansk,94.99,,,4.0,3.0,1.0,,23.0,1.0,1.0,0.0,,4.0,1.0,,,,,,,
2634035430,2022,stavropol,63.11,1620.0,9.0,1716.0,-856.0,2572.0,119.0,26.0,1.0,1.0,0.0,685.0,1031.0,392.0,,-1557.0,63.0,12.0,,,119.0
6025001060,2022,pskov,36.00.20,365557.0,4567.0,620145.0,300820.0,306823.0,263352.0,29.0,1.0,1.0,0.0,496221.0,123924.0,46987.0,12500.0,-375950.0,-47349.0,8605.0,0.0,17500.0,280852.0
0268061568,2022,bashkortostan,68.20,,,,,,,10.0,1.0,0.0,0.0,,,,,,,,,,
4252007763,2022,kemerovo,47.19,,,,,,,7.0,1.0,0.0,0.0,,,,,,,,,,
5639006767,2022,orenburg,36.00.20,244.0,0.0,0.0,0.0,,,16.0,1.0,1.0,0.0,,,,,-244.0,0.0,0.0,,,
5621020626,2022,orenburg,43.11,,,,,,,9.0,1.0,0.0,0.0,,,,,,,,,,
5321187215,2022,novgorod,02.40.20,4091.0,1189.0,5046.0,4143.0,903.0,904.0,5.0,1.0,1.0,0.0,118.0,4928.0,2522.0,,-2509.0,1582.0,1538.0,-60.0,0.0,844.0
6312080323,2022,samara,86.23,,,,,,,14.0,1.0,0.0,0.0,,,,,,,,,,
