inn,year,region,okved,PL_revenue,PL_net_profit,B_assets,B_total_equity,B_shortterm_liab,age,eligible,filed,outlier,B_current_assets,B_cash_equivalents,PL_cost_of_sales,PL_profit_from_sales,PL_before_tax
7453339789,2022,chelyabinsk,46.69.90,1101.0,162.0,200.0,183.0,17.0,1.0,1.0,1.0,0.0,200.0,23.0,-883.0,218.0,202.0
7300008395,2022,ulyanovsk,49.41,455.0,0.0,49056.0,10.0,1545.0,0.0,1.0,1.0,0.0,267.0,20.0,-452.0,3.0,2.0
6154157193,2022,rostov,28.21.10,150838.0,12004.0,10927.0,7071.0,3856.0,2.0,1.0,1.0,0.0,10927.0,390.0,-137308.0,13530.0,13382.0
7022013648,2022,tomsk,75,233.0,-249.0,1319.0,1291.0,28.0,17.0,1.0,1.0,0.0,1319.0,0.0,-465.0,-232.0,-249.0
7727838623,2022,moscow city,77.40,163296.0,62630.0,117714.0,43000.0,52448.0,8.0,1.0,1.0,0.0,90764.0,8059.0,-95141.0,68155.0,67518.0
7604104654,2022,yaroslavl,33.12,0.0,0.0,82.0,19.0,63.0,15.0,1.0,1.0,0.0,82.0,241.0,0.0,263.0,0.0
7203298882,2022,tyumen,46.69.10,31825.0,248.0,3558.0,1796.0,1762.0,9.0,1.0,1.0,0.0,3224.0,474.0,-31421.0,404.0,327.0
5262352513,2022,nizhni novgorod,68.10,8629.0,-3106.0,21663.0,-7687.0,1909.0,5.0,1.0,1.0,0.0,226.0,67.0,-2985.0,-2985.0,-3106.0
7720871741,2022,moscow city,95.11,4164.0,7.0,546.0,82.0,464.0,0.0,1.0,1.0,0.0,546.0,17.0,-4149.0,15.0,9.0
7743207953,2022,moscow city,33.12,12635.0,531.0,1660.0,1306.0,354.0,5.0,1.0,1.0,0.0,1660.0,2.0,-11907.0,728.0,664.0
8609019348,2022,khanty-mansijsk,85.42.10,5556.0,-2743.0,1779.0,-5774.0,7553.0,6.0,1.0,1.0,0.0,986.0,201.0,-6565.0,-1009.0,-2701.0
9724082685,2022,moscow city,43.29,26046.0,283.0,98.0,30.0,68.0,0.0,1.0,1.0,0.0,98.0,241.0,-25343.0,703.0,351.0
2312306929,2022,krasnodar,86.90,115.0,-904.0,420.0,-894.0,1314.0,1.0,1.0,1.0,0.0,284.0,33.0,-996.0,-881.0,-901.0
7609026664,2022,yaroslavl,08.12,8629.0,-10.0,289.0,19.0,270.0,10.0,1.0,1.0,0.0,289.0,76.0,-6422.0,263.0,-10.0
1686000980,2022,tatarstan,46.36.20,71487.0,6445.0,10310.0,6824.0,3486.0,1.0,1.0,1.0,0.0,10310.0,0.0,-64110.0,7377.0,7161.0
7801266100,2022,sankt-petersburg,36.00.10,41486.0,-7209.0,8805.0,8037.0,768.0,18.0,1.0,1.0,0.0,8538.0,7641.0,-34326.0,7160.0,6084.0
4725483095,2022,leningrad,43.12.30,59112.0,3779.0,40742.0,1210.0,37806.0,10.0,1.0,1.0,0.0,10982.0,49.0,-81941.0,-28220.0,4743.0
2221233720,2022,altai terr.,46.73,2782.0,-944.0,10296.0,4314.0,5982.0,5.0,1.0,1.0,0.0,10296.0,96.0,-3652.0,-870.0,-926.0
2373009761,2022,krasnodar,94.11,0.0,0.0,0.0,0.0,0.0,7.0,1.0,1.0,0.0,0.0,0.0,0.0,0.0,0.0
7731315577,2022,moscow city,43.22,68272.0,81.0,28077.0,91.0,27986.0,6.0,1.0,1.0,0.0,28077.0,441.0,-63263.0,5009.0,101.0
5074058149,2022,moscow reg.,46.73,9040.0,41.0,3635.0,50.0,3585.0,5.0,1.0,1.0,0.0,3635.0,337.0,-8943.0,97.0,51.0
6143096365,2022,rostov,47.52.73,1373.0,116.0,1633.0,416.0,13.0,4.0,1.0,1.0,0.0,1633.0,110.0,-1238.0,135.0,130.0
6685175842,2022,sverdlovsk,69.20,343.0,67.0,10.0,10.0,1909.0,2.0,1.0,1.0,0.0,10.0,241.0,-271.0,72.0,72.0
5834057839,2022,penza,46.90,5448.0,-173.0,153.0,-413.0,566.0,9.0,1.0,1.0,0.0,153.0,0.0,-5234.0,-234.0,-173.0
5032294458,2022,moscow reg.,68.20,84469.0,-51953.0,835002.0,201485.0,633517.0,4.0,1.0,1.0,0.0,831919.0,3637.0,-76062.0,-29445.0,-51610.0
1832129569,2022,udmurtia,77.32,1306.0,-347.0,5417.0,-1203.0,351.0,7.0,1.0,1.0,0.0,3616.0,6.0,-1592.0,-286.0,-280.0
3665073639,2022,voronezh,47.52.70,87033.0,18.0,18062.0,7179.0,9221.0,13.0,1.0,1.0,0.0,15435.0,701.0,-54382.0,1063.0,870.0
6623090821,2022,sverdlovsk,71.12.10,783.0,129.0,382.0,382.0,0.0,10.0,1.0,1.0,0.0,382.0,382.0,-654.0,129.0,129.0
7719049784,2022,moscow city,68.32.10,8629.0,65.0,2454.0,984.0,2453.0,27.0,1.0,1.0,0.0,2454.0,2272.0,-6422.0,263.0,65.0
5009054507,2022,moscow reg.,49.31,139334.0,40099.0,45555.0,534.0,35244.0,16.0,1.0,1.0,0.0,45278.0,909.0,-125599.0,13735.0,41593.0
9721163368,2022,moscow city,43.29,8293.0,126.0,1537.0,176.0,1361.0,0.0,1.0,1.0,0.0,1537.0,241.0,-8126.0,167.0,157.0
7220005631,2022,tyumen,68.32.10,19008.0,3971.0,6396.0,3890.0,2506.0,8.0,1.0,1.0,0.0,6396.0,501.0,-7092.0,4803.0,4131.0
5030035754,2022,moscow reg.,28.92,20683.0,146.0,6544.0,2232.0,4313.0,23.0,1.0,1.0,0.0,6521.0,2678.0,-19846.0,837.0,374.0
6658519237,2022,sverdlovsk,41.20,8629.0,-3418.0,70849.0,-5576.0,17864.0,4.0,1.0,1.0,0.0,69445.0,3.0,-1358.0,-1358.0,-2848.0
7447292282,2022,chelyabinsk,46.69.80,110060.0,29130.0,53099.0,32676.0,20423.0,3.0,1.0,1.0,0.0,53099.0,4287.0,-78794.0,31266.0,32020.0
7722368124,2022,moscow city,41.20,110.0,6.0,765.0,149.0,616.0,6.0,1.0,1.0,0.0,765.0,24.0,-32.0,78.0,6.0
5047219164,2022,moscow reg.,86.10,4045.0,1941.0,3422.0,1952.0,1455.0,4.0,1.0,1.0,0.0,3422.0,1464.0,-1922.0,2123.0,2097.0
7816328624,2022,sankt-petersburg,52.29,16991.0,2500.0,13221.0,3358.0,9743.0,6.0,1.0,1.0,0.0,13207.0,579.0,-14265.0,2726.0,2691.0
1215167682,2022,marij el,18.12,892577.0,164091.0,332487.0,260055.0,71843.0,10.0,1.0,1.0,0.0,218736.0,56073.0,-604204.0,226289.0,206251.0
4345274225,2022,kirov,62.09,211.0,-30.0,164.0,32.0,132.0,12.0,1.0,1.0,0.0,164.0,0.0,-219.0,-8.0,-17.0
7716853147,2022,moscow reg.,46.72.20,320505.0,26802.0,77584.0,45521.0,30471.0,5.0,1.0,1.0,0.0,75119.0,4581.0,-288802.0,31703.0,33798.0
7714346247,2022,moscow city,49.40,8629.0,0.0,30846.0,1407.0,26814.0,7.0,1.0,1.0,0.0,26065.0,270.0,-6422.0,263.0,0.0
9721061366,2022,moscow city,86.23,32350.0,2149.0,16323.0,11591.0,2781.0,4.0,1.0,1.0,0.0,11530.0,3454.0,-29582.0,2768.0,2510.0
1659197470,2022,tatarstan,46.73,77898.0,4600.0,43068.0,5637.0,17146.0,3.0,1.0,1.0,0.0,43068.0,372.0,-71686.0,6212.0,5750.0
7422046239,2022,chelyabinsk,46.90,36181.0,384.0,91855.0,53844.0,36060.0,12.0,1.0,1.0,0.0,91329.0,1370.0,-34104.0,656.0,462.0
7813662363,2022,sankt-petersburg,46.90,1189.0,3.0,900.0,3.0,897.0,0.0,1.0,1.0,0.0,900.0,109.0,-1008.0,22.0,4.0
7711006517,2022,moscow city,96.01,37362.0,9429.0,31001.0,23746.0,7254.0,27.0,1.0,1.0,0.0,15059.0,926.0,-46184.0,-8822.0,7985.0
2463214123,2022,krasnoyarsk,46.46.10,12345.0,232.0,11281.0,2872.0,8409.0,13.0,1.0,1.0,0.0,10821.0,0.0,-12387.0,-42.0,349.0
4027012843,2022,kaluga,64.99.10,35.0,3.0,121.0,79.0,42.0,30.0,1.0,1.0,0.0,119.0,8.0,-5.0,-2.0,3.0
6321300712,2022,samara,45.30,8629.0,-8.0,98.0,-18.0,116.0,10.0,1.0,1.0,0.0,85.0,241.0,-8.0,-8.0,-8.0
5614006684,2022,orenburg,68.32.20,0.0,0.0,0.0,984.0,1909.0,27.0,1.0,1.0,0.0,4065.0,241.0,-6422.0,0.0,0.0
4501122769,2022,kurgan,68.32.10,4.0,36.0,2764.0,2334.0,430.0,16.0,1.0,1.0,0.0,2764.0,2219.0,-6422.0,4.0,39.0
5260009580,2022,nizhni novgorod,47.73,56969.0,-4471.0,13306.0,-1344.0,14650.0,31.0,1.0,1.0,0.0,13119.0,5118.0,-39649.0,-3196.0,-3898.0
5044113811,2022,moscow reg.,86.10,8629.0,317.0,61203.0,60171.0,1032.0,4.0,1.0,1.0,0.0,21656.0,3559.0,-6422.0,263.0,337.0
6512002918,2022,sakhalin,03.11,867677.0,263721.0,963214.0,887929.0,75285.0,25.0,1.0,1.0,0.0,865742.0,299416.0,-510443.0,357234.0,263721.0
7811753657,2022,sankt-petersburg,46.75,363600.0,6844.0,139780.0,8049.0,131731.0,2.0,1.0,1.0,0.0,135039.0,39844.0,-354335.0,9265.0,8564.0
3525468323,2022,vologda,41.20,227.0,23.0,1116.0,210.0,906.0,1.0,1.0,1.0,0.0,1116.0,0.0,-183.0,44.0,38.0
3308001066,2022,vladimir,41.20,40457.0,57.0,17246.0,1842.0,15395.0,23.0,1.0,1.0,0.0,17105.0,39.0,-40242.0,215.0,72.0
7839436270,2022,sankt-petersburg,72.19,33097.0,1345.0,52534.0,11147.0,41387.0,12.0,1.0,1.0,0.0,37367.0,12085.0,-1771.0,585.0,1453.0
7720661590,2022,moscow city,46.73,8629.0,-680.0,479.0,-1817.0,1497.0,13.0,1.0,1.0,0.0,479.0,9.0,-6422.0,263.0,-680.0
5835107095,2022,penza,56.10,2754.0,-1138.0,5222.0,3109.0,2113.0,8.0,1.0,1.0,0.0,5074.0,391.0,-2180.0,-1186.0,-1102.0
3801083389,2022,irkutsk,55.10,0.0,-432.0,119.0,102.0,17.0,16.0,1.0,1.0,0.0,88.0,68.0,0.0,-407.0,-432.0
3819015238,2022,irkutsk,46.73.10,10390.0,331.0,90234.0,49318.0,40916.0,17.0,1.0,1.0,0.0,90234.0,221.0,-3369.0,-563.0,414.0
7449034343,2022,chelyabinsk,46.90,0.0,-596.0,11092.0,1221.0,9871.0,21.0,1.0,1.0,0.0,10984.0,0.0,-551.0,-551.0,-497.0
5022056091,2022,moscow reg.,46.73.60,23790.0,165.0,7658.0,3106.0,4552.0,4.0,1.0,1.0,0.0,7658.0,3.0,-10767.0,96.0,210.0
6321453620,2022,samara,69.20,4512.0,443.0,1047.0,905.0,141.0,4.0,1.0,0.0,0.0,1046.0,504.0,-3232.0,1280.0,1235.0
3328027471,2022,vladimir,41.20,8629.0,-98.0,46.0,-88.0,134.0,1.0,1.0,1.0,0.0,46.0,4.0,-98.0,-98.0,-98.0
1421009755,2022,yakutia,68.32.10,123938.0,11930.0,118733.0,14331.0,104402.0,8.0,1.0,1.0,0.0,93345.0,17807.0,-94040.0,12754.0,13256.0
7720329313,2022,moscow city,46.71,3478286.0,39882.0,206151.0,66139.0,116512.0,6.0,1.0,1.0,0.0,206104.0,330.0,-3301173.0,67664.0,49865.0
3301026664,2022,vladimir,35.12,0.0,0.0,0.0,984.0,0.0,12.0,1.0,0.0,0.0,0.0,0.0,0.0,263.0,152.0
0265043306,2022,bashkortostan,79.11,100.0,-1089.0,198.0,-4047.0,3712.0,6.0,1.0,1.0,0.0,198.0,95.0,-1148.0,-1048.0,-1076.0
9703004037,2022,moscow city,70.22,8629.0,-911.0,199560.0,191050.0,8510.0,3.0,1.0,1.0,0.0,4710.0,1697.0,-6422.0,-809.0,-911.0
3525112221,2022,vologda,68.20,51227.0,8297.0,122586.0,13781.0,108805.0,21.0,1.0,1.0,0.0,11510.0,658.0,-30660.0,20567.0,10785.0
6229037080,2022,ryazan,96.09,0.0,0.0,0.0,0.0,1909.0,18.0,1.0,1.0,0.0,0.0,241.0,-6422.0,0.0,0.0
9701161161,2022,moscow city,68.31,8629.0,-3.0,0.0,0.0,1909.0,2.0,1.0,1.0,0.0,0.0,0.0,-6422.0,263.0,-3.0
6952322274,2022,tver,68.32,3650.0,2.0,1637.0,-18.0,1655.0,1.0,1.0,1.0,0.0,1637.0,0.0,-2558.0,1092.0,2.0
1821016475,2022,udmurtia,47.11,167863.0,11804.0,24275.0,12545.0,11730.0,1.0,1.0,1.0,0.0,24275.0,7087.0,-152733.0,15130.0,13764.0
3123387995,2022,belgorod,46.46.20,814277.0,158762.0,219214.0,206993.0,114.0,6.0,1.0,1.0,0.0,205563.0,92231.0,-600553.0,201864.0,199006.0
7721502105,2022,moscow reg.,68.20,3088.0,7.0,54782.0,4662.0,428.0,19.0,1.0,1.0,0.0,8094.0,31.0,-3023.0,65.0,10.0
8603237639,2022,khanty-mansijsk,25.62,8554.0,476.0,9188.0,730.0,8458.0,3.0,1.0,1.0,0.0,9188.0,583.0,-7918.0,636.0,533.0
7724883995,2022,moscow city,46.38.10,0.0,-1273.0,18048.0,14800.0,1238.0,9.0,1.0,1.0,0.0,18048.0,1.0,-1265.0,-1265.0,-1273.0
7706165840,2022,moscow city,69.10,5490.0,102.0,643.0,495.0,148.0,24.0,1.0,1.0,0.0,643.0,537.0,-5336.0,154.0,129.0
7707619052,2022,moscow city,93.20,699.0,-4519.0,4860.0,4799.0,61.0,15.0,1.0,1.0,0.0,4861.0,4562.0,-5551.0,-4852.0,-4223.0
2105004461,2022,chuvashia,43.21,149.0,35.0,12.0,10.0,2.0,16.0,1.0,1.0,0.0,12.0,12.0,-114.0,35.0,35.0
7705169175,2022,tver,01.70,3102.0,-2.0,292.0,-25191.0,1909.0,25.0,1.0,1.0,0.0,204.0,204.0,-6422.0,-2.0,-2.0
7311005660,2022,ulyanovsk,01.11.10,29013.0,13549.0,61968.0,58969.0,2999.0,17.0,1.0,1.0,0.0,24254.0,130.0,-15927.0,13086.0,13549.0
5042072736,2022,moscow reg.,10.13,0.0,0.0,89503.0,89503.0,1909.0,19.0,1.0,0.0,0.0,3.0,241.0,0.0,263.0,0.0
3201002204,2022,bryansk,68.20,30488.0,3212.0,66107.0,59300.0,6807.0,29.0,1.0,1.0,0.0,36794.0,6536.0,-2.0,4968.0,4102.0
1838019266,2022,udmurtia,16.10,46571.0,1441.0,64774.0,12061.0,25853.0,6.0,1.0,1.0,0.0,39756.0,53.0,-40895.0,5676.0,2063.0
6658362579,2022,sverdlovsk,52.29,14135.0,2480.0,3009.0,2489.0,520.0,12.0,1.0,1.0,0.0,3009.0,2688.0,-11377.0,2758.0,2711.0
5258148353,2022,nizhni novgorod,46.72.20,18939.0,488.0,9415.0,375.0,9040.0,2.0,1.0,1.0,0.0,9415.0,442.0,-14928.0,638.0,610.0
9703019499,2022,moscow city,61.10,999.0,865.0,952.0,892.0,60.0,2.0,1.0,1.0,0.0,952.0,952.0,-64.0,935.0,925.0
4345474062,2022,kirov,41.20,3574.0,152.0,2181.0,1407.0,774.0,5.0,1.0,1.0,0.0,2181.0,738.0,-3330.0,244.0,217.0
6381003922,2022,samara,70.22,1409.0,-4290.0,45753.0,35435.0,10317.0,21.0,1.0,1.0,0.0,1058.0,18.0,-583.0,-7315.0,-4094.0
7609029489,2022,yaroslavl,68.32,2121.0,-5.0,384.0,287.0,97.0,7.0,1.0,1.0,0.0,384.0,85.0,-2021.0,100.0,16.0
5612049347,2022,orenburg,84.23,2397.0,-678.0,625.0,618.0,7.0,11.0,1.0,1.0,0.0,625.0,245.0,-3052.0,-655.0,-655.0
3108000241,2022,belgorod,42.99,13166.0,968.0,27888.0,27682.0,206.0,22.0,1.0,1.0,0.0,26000.0,2407.0,-12984.0,182.0,1623.0
4345224922,2022,kirov,46.77,1128621.0,8340.0,109957.0,81216.0,28741.0,14.0,1.0,1.0,0.0,88146.0,41.0,-1106050.0,13968.0,10504.0
7807395078,2022,sankt-petersburg,70.22,114.0,105.0,215.0,215.0,1909.0,8.0,1.0,1.0,0.0,215.0,2.0,-6422.0,114.0,112.0
7806489213,2022,sankt-petersburg,52.20,8629.0,-67.0,635.0,527.0,108.0,10.0,1.0,1.0,0.0,635.0,2.0,-6422.0,-67.0,-67.0
7807060875,2022,sankt-petersburg,49.40,613.0,74.0,16817.0,14360.0,2457.0,18.0,1.0,1.0,0.0,16814.0,1.0,-37.0,-202.0,120.0
7805740191,2022,sankt-petersburg,68.20,12280.0,172.0,4825.0,4359.0,466.0,4.0,1.0,1.0,0.0,4037.0,394.0,-12162.0,118.0,215.0
7736684909,2022,moscow city,73.20.10,31105.0,-1863.0,4112.0,83.0,3629.0,8.0,1.0,1.0,0.0,3946.0,187.0,-31918.0,-813.0,-896.0
2540011113,2022,primorsky terr.,46.90,668.0,208.0,2645.0,2486.0,159.0,24.0,1.0,1.0,0.0,2645.0,89.0,-414.0,254.0,231.0
3123325861,2022,belgorod,45.10,74268.0,2190.0,72602.0,15435.0,56948.0,9.0,1.0,1.0,0.0,70022.0,81.0,-71162.0,3106.0,2828.0
7703732498,2022,moscow city,68.32,28079.0,5738.0,234060.0,232256.0,1804.0,12.0,1.0,1.0,0.0,20429.0,823.0,-22009.0,6070.0,6573.0
5024221801,2022,moscow reg.,47.19,8629.0,-288.0,9041.0,12.0,29.0,0.0,1.0,1.0,0.0,9041.0,30.0,-157.0,-157.0,-288.0
7723896409,2022,sverdlovsk,46.46.20,89595.0,36616.0,159299.0,146657.0,12642.0,8.0,1.0,1.0,0.0,151447.0,992.0,-56684.0,32911.0,37202.0
6453105524,2022,saratov,58,17054.0,998.0,34983.0,12715.0,1774.0,13.0,1.0,1.0,0.0,11955.0,312.0,-33149.0,-16095.0,1493.0
3702269537,2022,ivanovo,46.38.10,57403.0,2953.0,6120.0,2963.0,3157.0,0.0,1.0,1.0,0.0,6120.0,71.0,-53796.0,3607.0,3584.0
0277122111,2022,bashkortostan,46.14.10,6149.0,177.0,737.0,632.0,105.0,10.0,1.0,1.0,0.0,737.0,251.0,-3698.0,323.0,198.0
4705061088,2022,leningrad,68.20.20,33209.0,37635.0,6033155.0,80101.0,1793736.0,9.0,1.0,1.0,0.0,4841875.0,486876.0,-33144.0,-624.0,47072.0
7842129953,2022,sankt-petersburg,46.69.90,1763.0,-365.0,11918.0,-2064.0,5808.0,5.0,1.0,1.0,0.0,11917.0,354.0,-2172.0,-409.0,-365.0
7810938782,2022,sankt-petersburg,80.10,1076.0,936.0,1243.0,1046.0,197.0,0.0,1.0,1.0,0.0,1243.0,250.0,-63.0,1013.0,1005.0
9701025634,2022,moscow reg.,43.99,538.0,16.0,801.0,453.0,348.0,7.0,1.0,1.0,0.0,801.0,156.0,-417.0,121.0,35.0
7842387680,2022,sankt-petersburg,69.10,11468.0,6.0,6464.0,4463.0,2002.0,14.0,1.0,1.0,0.0,4656.0,666.0,-6422.0,130.0,130.0
5835128828,2022,penza,47.72,622.0,3.0,86.0,86.0,1909.0,4.0,1.0,1.0,0.0,86.0,11.0,-561.0,61.0,40.0
7724402860,2022,moscow city,46.52.10,15798.0,569.0,585.0,544.0,41.0,5.0,1.0,1.0,0.0,507.0,248.0,-14585.0,1213.0,726.0
2464251664,2022,krasnoyarsk,68.31.11,1108.0,383.0,1830.0,1795.0,35.0,9.0,1.0,0.0,0.0,1830.0,143.0,-6422.0,422.0,416.0
2463115838,2022,krasnoyarsk,45.11.20,575668.0,22254.0,107950.0,24073.0,47877.0,4.0,1.0,1.0,0.0,70071.0,642.0,-519455.0,27403.0,27809.0
7453314093,2022,chelyabinsk,46.69,0.0,0.0,8392.0,8144.0,248.0,5.0,1.0,1.0,0.0,8392.0,85.0,0.0,263.0,0.0
5504082763,2022,omsk,69.10,8629.0,21.0,46686.0,14141.0,32545.0,19.0,1.0,1.0,0.0,35424.0,35424.0,-6422.0,263.0,21.0
7722276900,2022,moscow city,80.10,660.0,154.0,3911.0,502.0,3409.0,20.0,1.0,0.0,0.0,3911.0,137.0,-469.0,191.0,174.0
5190046779,2022,murmansk,46.13,6083.0,1134.0,8302.0,6246.0,2056.0,7.0,1.0,1.0,0.0,8302.0,2726.0,-4790.0,1293.0,1192.0
6163221938,2022,rostov,69.10,747.0,585.0,630.0,10.0,620.0,1.0,1.0,1.0,0.0,630.0,630.0,-6422.0,747.0,630.0
7202252660,2022,tyumen,46.73,57971.0,353.0,55289.0,2340.0,29683.0,9.0,1.0,1.0,0.0,24459.0,13718.0,-50407.0,683.0,441.0
7718696370,2022,moscow city,41.20,41392.0,301.0,20149.0,1846.0,18303.0,14.0,1.0,1.0,0.0,18911.0,1438.0,-40873.0,519.0,382.0
8616012865,2022,khanty-mansijsk,42.11,3427.0,2807.0,3427.0,3427.0,0.0,4.0,1.0,1.0,0.0,3427.0,3427.0,-298.0,3129.0,2807.0
6234084198,2022,ryazan,93.13,57663.0,17415.0,46790.0,28098.0,16582.0,12.0,1.0,1.0,0.0,46622.0,1423.0,-6422.0,20295.0,18867.0
3808002847,2022,irkutsk,95.29.10,6449.0,2217.0,6263.0,6091.0,172.0,29.0,1.0,1.0,0.0,5826.0,114.0,-4134.0,2315.0,2412.0
7801090344,2022,sankt-petersburg,63.11.10,11192.0,29.0,1761.0,487.0,1200.0,25.0,1.0,1.0,0.0,1761.0,322.0,-11020.0,172.0,146.0
5406258641,2022,novosibirsk,68.32,41735.0,-197.0,8779.0,2552.0,6227.0,19.0,1.0,1.0,0.0,7446.0,252.0,-41777.0,-42.0,224.0
7717800109,2022,moscow city,59.11,124197.0,23172.0,93632.0,83031.0,7681.0,8.0,1.0,1.0,0.0,72683.0,45374.0,-108885.0,15312.0,28265.0
5217000559,2022,nizhni novgorod,56.10,4646.0,399.0,633.0,-627.0,1260.0,16.0,1.0,1.0,0.0,225.0,4.0,-2495.0,399.0,399.0
3245012680,2022,bryansk,41.20,10030.0,1353.0,1734.0,1359.0,375.0,5.0,1.0,1.0,0.0,1733.0,1024.0,-6082.0,3948.0,1946.0
7813123192,2022,sankt-petersburg,68.20,19927.0,-8549.0,157429.0,153330.0,3600.0,23.0,1.0,1.0,0.0,18637.0,17481.0,-28461.0,-8534.0,-7709.0
7726456702,2022,moscow reg.,46.15,25945.0,374.0,5500.0,2474.0,2569.0,3.0,1.0,1.0,0.0,5424.0,2010.0,-10624.0,1069.0,594.0
3128046861,2022,belgorod,80.10,27796.0,1457.0,8468.0,5655.0,2813.0,18.0,1.0,1.0,0.0,8218.0,4607.0,-25825.0,1971.0,1776.0
1103025400,2022,komi,61.10,522.0,-632.0,459.0,-742.0,1201.0,21.0,1.0,1.0,0.0,459.0,36.0,-686.0,-598.0,-632.0
4345316612,2022,kirov,46.69,32346.0,-2623.0,147181.0,69507.0,77674.0,11.0,1.0,1.0,0.0,128033.0,3038.0,-9561.0,77.0,-2444.0
2311296065,2022,krasnodar,72.19,782.0,351.0,418.0,176.0,56.0,3.0,1.0,1.0,0.0,418.0,60.0,-387.0,395.0,379.0
2224207990,2022,altai terr.,71.11,25313.0,16459.0,11759.0,11132.0,627.0,1.0,1.0,1.0,0.0,11759.0,139.0,-8435.0,16878.0,17159.0
1435114076,2022,yakutia,68.31.51,4516.0,1073.0,7023.0,7023.0,0.0,22.0,1.0,1.0,0.0,7023.0,295.0,-3387.0,1129.0,1129.0
3123401054,2022,belgorod,46.73,29495.0,781.0,9738.0,3224.0,6514.0,6.0,1.0,1.0,0.0,9738.0,1452.0,-28490.0,1005.0,976.0
5308003733,2022,novgorod,02.20,12046.0,158.0,9267.0,9225.0,42.0,7.0,1.0,1.0,0.0,2644.0,981.0,-11888.0,158.0,158.0
3619007085,2022,voronezh,68.20.20,13.0,-1392.0,1275.0,1232.0,42.0,21.0,1.0,1.0,0.0,1212.0,5.0,-1892.0,-1879.0,-1372.0
7802186169,2022,sankt-petersburg,46.71.20,1453488.0,11406.0,455630.0,146280.0,209350.0,20.0,1.0,1.0,0.0,437895.0,39678.0,-1304870.0,54194.0,14393.0
7810345831,2022,sankt-petersburg,41.20,1325.0,6.0,1875.0,115.0,1760.0,7.0,1.0,1.0,0.0,1875.0,0.0,-1217.0,13.0,7.0
7720450310,2022,moscow city,46.90,856.0,91.0,652.0,191.0,461.0,4.0,1.0,0.0,0.0,652.0,241.0,-436.0,116.0,107.0
7733384103,2022,moscow city,46.74.30,15625.0,618.0,3269.0,817.0,2452.0,0.0,1.0,1.0,0.0,3270.0,253.0,-14819.0,806.0,772.0
5261063318,2022,nizhni novgorod,68.32.10,7.0,7.0,158.0,984.0,158.0,14.0,1.0,1.0,0.0,158.0,98.0,-6422.0,7.0,7.0
5907017037,2022,perm,96.04,6781.0,48.0,253.0,-1685.0,607.0,7.0,1.0,1.0,0.0,253.0,253.0,-6625.0,156.0,116.0
5406301760,2022,novosibirsk,62.01,10789.0,1671.0,6973.0,5799.0,1174.0,17.0,1.0,1.0,0.0,6973.0,1278.0,-8799.0,1990.0,1906.0
5612172492,2022,orenburg,43.21,8187.0,-84.0,3316.0,429.0,2887.0,3.0,1.0,1.0,0.0,3295.0,1320.0,-6600.0,-86.0,-105.0
2724233003,2022,khabarovsk,86.10,2684.0,220.0,943.0,230.0,578.0,3.0,1.0,1.0,0.0,943.0,943.0,-1974.0,220.0,220.0
2902057464,2022,arkhangelsk,33.12,10971.0,1028.0,9129.0,5111.0,4018.0,15.0,1.0,1.0,0.0,5430.0,1895.0,-9783.0,1188.0,1172.0
7802131040,2022,sankt-petersburg,45.20,0.0,-24.0,2.0,-58.0,0.0,20.0,1.0,1.0,0.0,2.0,2.0,-6.0,-6.0,-24.0
6229063072,2022,ryazan,68.20,6574.0,395.0,22130.0,11694.0,5045.0,14.0,1.0,1.0,0.0,7982.0,1163.0,-6051.0,523.0,494.0
7713520319,2022,moscow city,73.11,9846.0,229.0,399819.0,5623.0,394197.0,18.0,1.0,1.0,0.0,399819.0,1951.0,-855.0,333.0,293.0
7817078198,2022,sankt-petersburg,22.29.20,1976465.0,239580.0,1531817.0,1435326.0,83298.0,4.0,1.0,1.0,0.0,1051929.0,96904.0,-1436486.0,388818.0,303155.0
7804603097,2022,sankt-petersburg,82.30,8629.0,0.0,5.0,-15.0,1909.0,5.0,1.0,1.0,0.0,5.0,5.0,-6422.0,263.0,0.0
7702413690,2022,moscow city,33.20,624898.0,56889.0,302301.0,84359.0,216011.0,5.0,1.0,1.0,0.0,292934.0,9272.0,-484017.0,85500.0,73618.0
7839027711,2022,sankt-petersburg,71.11.10,18800.0,298.0,20075.0,3226.0,16850.0,7.0,1.0,1.0,0.0,20074.0,2499.0,-6114.0,2442.0,707.0
7701100983,2022,moscow city,69.20,12148.0,609.0,3880.0,2473.0,1407.0,7.0,1.0,1.0,0.0,3880.0,174.0,-11149.0,999.0,757.0
2336018479,2022,krasnodar,10.72,8629.0,-90.0,532.0,-1725.0,1909.0,16.0,1.0,1.0,0.0,4065.0,241.0,-90.0,-90.0,-90.0
7801559555,2022,sankt-petersburg,70.22,15111.0,219.0,35877.0,-2033.0,37910.0,11.0,1.0,1.0,0.0,35254.0,8.0,-15105.0,6.0,272.0
7446057399,2022,chelyabinsk,85.41,14.0,1271.0,2307.0,673.0,141.0,13.0,1.0,1.0,0.0,2307.0,1995.0,-4273.0,-4259.0,1271.0
4825141708,2022,lipetzk,69.20,952.0,8.0,149.0,18.0,98.0,2.0,1.0,1.0,0.0,149.0,54.0,-933.0,19.0,17.0
0273020790,2022,bashkortostan,85.14,675.0,0.0,0.0,0.0,1909.0,29.0,0.0,1.0,0.0,4065.0,241.0,-675.0,0.0,0.0
7806325455,2022,sankt-petersburg,41.20,24342.0,57.0,17205.0,3982.0,13223.0,17.0,1.0,1.0,0.0,15067.0,58.0,-22514.0,1828.0,75.0
5027312214,2022,moscow reg.,86.23,8629.0,0.0,0.0,0.0,0.0,0.0,0.0,0.0,0.0,0.0,241.0,-6422.0,263.0,0.0
6732141480,2022,smolensk,78.10,28.0,-206.0,230.0,-4827.0,349.0,5.0,1.0,1.0,0.0,230.0,0.0,-138.0,-110.0,-206.0
7804352686,2022,sankt-petersburg,41.20,1080.0,284.0,882.0,-1424.0,2307.0,16.0,1.0,1.0,0.0,882.0,91.0,-711.0,369.0,349.0
0229010753,2022,bashkortostan,56.30,1971.0,142.0,375.0,375.0,1909.0,16.0,1.0,1.0,0.0,0.0,241.0,-1829.0,142.0,142.0
6451013980,2022,saratov,46.73,22765.0,949.0,2799.0,711.0,2088.0,4.0,1.0,1.0,0.0,2063.0,427.0,-21501.0,1186.0,1186.0
7802880835,2022,sankt-petersburg,43.99.40,119514.0,2020.0,107400.0,11872.0,94788.0,8.0,1.0,1.0,0.0,107400.0,1835.0,-129286.0,-9772.0,2525.0
6164136940,2022,rostov,86.23,16611.0,8935.0,12269.0,10939.0,999.0,0.0,1.0,1.0,0.0,8909.0,3968.0,-7067.0,9544.0,9358.0
1435162023,2022,yakutia,86.23,83163.0,6304.0,37145.0,30055.0,0.0,17.0,1.0,1.0,0.0,5138.0,459.0,-6422.0,8927.0,6304.0
5038018430,2022,moscow reg.,33.13,12194.0,11252.0,68365.0,66769.0,1596.0,28.0,1.0,1.0,0.0,61985.0,3349.0,-3244.0,8950.0,11838.0
9102286299,2022,crimea,41.20,8629.0,0.0,0.0,0.0,0.0,0.0,0.0,0.0,0.0,0.0,241.0,-6422.0,263.0,0.0
5034034776,2022,moscow reg.,01.41,13066.0,0.0,59329.0,1236.0,58093.0,14.0,1.0,1.0,0.0,59276.0,56.0,-13050.0,16.0,0.0
6109005784,2022,rostov,46.75,1723827.0,57661.0,310570.0,152405.0,157182.0,7.0,1.0,1.0,0.0,261902.0,209.0,-1581430.0,81648.0,72815.0
7743365830,2022,moscow city,71.20,5093.0,122.0,1508.0,257.0,1251.0,1.0,1.0,1.0,0.0,1509.0,731.0,-4892.0,201.0,152.0
7801698862,2022,sankt-petersburg,70.10.20,69000.0,-94380.0,26339.0,-136959.0,92700.0,1.0,1.0,1.0,0.0,24732.0,252.0,-162247.0,-93247.0,-93512.0
2721188338,2022,khabarovsk,81.21,8629.0,0.0,0.0,0.0,1909.0,11.0,1.0,1.0,0.0,0.0,0.0,-6422.0,0.0,0.0
9704101259,2022,moscow city,46.47,4251.0,334.0,347.0,344.0,3.0,1.0,1.0,1.0,0.0,347.0,1.0,-3661.0,590.0,557.0
2306028744,2022,krasnodar,56.10,571.0,8.0,532.0,524.0,8.0,16.0,1.0,1.0,0.0,532.0,24.0,-534.0,37.0,25.0
7627001655,2022,yaroslavl,01.41,32889.0,-3858.0,31939.0,27970.0,3585.0,20.0,1.0,1.0,0.0,13286.0,28.0,-37207.0,-5677.0,-3858.0
7704865638,2022,moscow city,58.11,29866.0,1627.0,30115.0,13497.0,14289.0,8.0,1.0,1.0,0.0,30106.0,1125.0,-27450.0,2416.0,1627.0
4001011210,2022,kaluga,45.31,26274.0,55.0,9453.0,106.0,5903.0,3.0,1.0,1.0,0.0,9453.0,26.0,-21649.0,217.0,69.0
5237001984,2022,nizhni novgorod,46.71.20,73035.0,9075.0,16291.0,16090.0,201.0,26.0,1.0,1.0,0.0,15517.0,5803.0,-55545.0,10930.0,10432.0
7805776085,2022,sankt-petersburg,47.53,245.0,-441.0,657.0,-723.0,15.0,1.0,1.0,1.0,0.0,657.0,24.0,-676.0,-431.0,-434.0
4826100038,2022,lipetzk,43.21,2416.0,295.0,3034.0,2183.0,851.0,9.0,1.0,1.0,0.0,3034.0,54.0,-2076.0,340.0,336.0
7444200413,2022,chelyabinsk,68.32.20,0.0,0.0,1547.0,984.0,1547.0,23.0,1.0,1.0,0.0,1496.0,1496.0,0.0,263.0,0.0
6829012792,2022,tambov,80.10,17755.0,9248.0,12204.0,11458.0,746.0,17.0,1.0,1.0,0.0,9489.0,962.0,-8351.0,9404.0,9780.0
7714624494,2022,moscow city,46.19,15020.0,14119.0,39023.0,39023.0,1909.0,17.0,1.0,1.0,0.0,27809.0,295.0,0.0,15020.0,15020.0
1650006241,2022,tatarstan,68.20,51772.0,-6659.0,278834.0,246449.0,29404.0,23.0,1.0,1.0,0.0,104414.0,10708.0,-13549.0,-14328.0,7906.0
9702005447,2022,moscow city,41.10,8629.0,-1288.0,496.0,456.0,40.0,3.0,1.0,1.0,0.0,196.0,50.0,-895.0,-895.0,-1288.0
5022013387,2022,moscow reg.,68.20.20,42080.0,524.0,48830.0,21419.0,27411.0,22.0,1.0,1.0,0.0,29678.0,14984.0,-46260.0,-4180.0,656.0
6168092130,2022,rostov,43.21,64651.0,263.0,24226.0,344.0,23753.0,5.0,1.0,1.0,0.0,23297.0,1646.0,-58676.0,4317.0,329.0
7107071208,2022,tula,49.40,38488.0,-2558.0,18349.0,12455.0,5194.0,19.0,1.0,1.0,0.0,18287.0,2732.0,0.0,-656.0,-2558.0
7806603423,2022,sankt-petersburg,46.90,3983.0,18.0,725.0,28.0,697.0,0.0,0.0,1.0,0.0,725.0,158.0,-3942.0,41.0,23.0
6501160486,2022,sakhalin,82.99,0.0,-2.0,52.0,-3.0,6.0,17.0,1.0,1.0,0.0,35.0,35.0,0.0,0.0,-2.0
6319221157,2022,samara,41.20,102493.0,600.0,12936.0,3342.0,9594.0,5.0,1.0,1.0,0.0,10925.0,480.0,0.0,1163.0,1015.0
7459001530,2022,chelyabinsk,47.50,8629.0,-2.0,198.0,198.0,0.0,9.0,1.0,1.0,0.0,198.0,4.0,0.0,0.0,-2.0
2723053865,2022,khabarovsk,50.40,56191.0,-24147.0,111908.0,49224.0,49635.0,20.0,1.0,1.0,0.0,26431.0,35.0,-64315.0,-8124.0,-8573.0
6318067858,2022,samara,49.42,2148.0,-144.0,651.0,-134.0,785.0,0.0,1.0,1.0,0.0,651.0,241.0,-2065.0,83.0,-134.0
8604058375,2022,khanty-mansijsk,46.71,274.0,114.0,1364.0,-840.0,2204.0,8.0,1.0,1.0,0.0,1144.0,76.0,-140.0,134.0,127.0
6453169687,2022,saratov,43.31,3166.0,-1.0,2648.0,984.0,134.0,0.0,1.0,1.0,0.0,2648.0,241.0,-3165.0,1.0,-1.0
6207000520,2022,ryazan,95.29,300.0,-195.0,10.0,-14.0,24.0,23.0,1.0,1.0,0.0,10.0,1.0,-298.0,2.0,-195.0
7734438680,2022,moscow city,46.90,9781.0,-376.0,625.0,392.0,233.0,2.0,1.0,1.0,0.0,626.0,30.0,-10164.0,-383.0,-376.0
5506135770,2022,omsk,68.20.20,2449.0,10.0,885.0,37.0,848.0,6.0,1.0,1.0,0.0,245.0,0.0,-1144.0,108.0,39.0
5410026065,2022,novosibirsk,41.20,8629.0,0.0,155.0,148.0,7.0,13.0,1.0,1.0,0.0,155.0,0.0,-6422.0,263.0,0.0
4205255984,2022,kemerovo,46.40,4676.0,294.0,4939.0,1933.0,2385.0,10.0,1.0,1.0,0.0,4939.0,138.0,-4412.0,264.0,327.0
6234077120,2022,ryazan,28.41.20,1396.0,52.0,1818.0,229.0,1589.0,12.0,1.0,1.0,0.0,1818.0,4.0,-458.0,89.0,65.0
5035027235,2022,moscow reg.,23.19.90,32152.0,4432.0,26790.0,21513.0,4491.0,7.0,1.0,1.0,0.0,26047.0,12535.0,-26754.0,5398.0,4755.0
5407468835,2022,novosibirsk,22.23,40071.0,1415.0,2391.0,1425.0,966.0,11.0,1.0,1.0,0.0,2391.0,343.0,-38656.0,1415.0,1415.0
4703143480,2022,leningrad,47.73,209618.0,2311.0,46310.0,5055.0,40969.0,6.0,1.0,1.0,0.0,42502.0,2429.0,-153482.0,-4059.0,4038.0
6311144623,2022,samara,46.66,14463.0,485.0,22519.0,1267.0,21791.0,9.0,1.0,1.0,0.0,22519.0,2596.0,-9760.0,1923.0,610.0
7609038405,2022,yaroslavl,41.20,1836.0,4.0,1091.0,-18.0,1109.0,4.0,1.0,1.0,0.0,990.0,119.0,-1775.0,61.0,5.0
7727390243,2022,moscow city,47.53,5466.0,241.0,358.0,-1204.0,81.0,4.0,1.0,1.0,0.0,358.0,349.0,-5170.0,296.0,296.0
6732074770,2022,smolensk,46.63,25593.0,629.0,15926.0,9491.0,6427.0,8.0,1.0,1.0,0.0,15926.0,162.0,-18529.0,716.0,786.0
1832089242,2022,udmurtia,68.20.20,62879.0,29623.0,265466.0,174121.0,22345.0,11.0,1.0,1.0,0.0,141202.0,127.0,-22564.0,30664.0,34337.0
5405058449,2022,novosibirsk,46.74,10542.0,53.0,7761.0,246.0,7515.0,2.0,1.0,1.0,0.0,7762.0,63.0,-10443.0,99.0,66.0
7731275959,2022,moscow city,68.20,4631.0,2726.0,11952.0,8806.0,1345.0,19.0,1.0,1.0,0.0,10806.0,142.0,-393.0,2905.0,2888.0
6661076480,2022,sverdlovsk,69.10,96.0,4.0,38.0,38.0,1909.0,24.0,1.0,1.0,0.0,38.0,16.0,-91.0,5.0,5.0
6686074734,2022,sverdlovsk,46.49,14232.0,303.0,14190.0,2792.0,11241.0,7.0,1.0,1.0,0.0,13357.0,32.0,-13715.0,517.0,383.0
5260417613,2022,nizhni novgorod,85.23,140.0,128.0,247.0,196.0,51.0,7.0,1.0,1.0,0.0,247.0,225.0,0.0,136.0,136.0
3906411661,2022,kaliningrad,41.20,28.0,-10.0,-10.0,-10.0,1909.0,0.0,1.0,1.0,0.0,-10.0,241.0,-36.0,-8.0,-10.0
8601049693,2022,khanty-mansijsk,58,2209.0,899.0,7523.0,10.0,7516.0,9.0,1.0,1.0,0.0,7523.0,-79.0,-1263.0,946.0,899.0
7801314410,2022,sankt-petersburg,46.46.20,23561.0,-23806.0,12594.0,-4152.0,13527.0,6.0,1.0,1.0,0.0,12594.0,418.0,-48503.0,-24942.0,-23806.0
4253032949,2022,kemerovo,47.59.10,0.0,-19.0,58.0,-4485.0,4543.0,6.0,1.0,1.0,0.0,58.0,0.0,-19.0,-19.0,-19.0
1655252716,2022,tatarstan,52.29,6786.0,634.0,340.0,328.0,12.0,10.0,1.0,1.0,0.0,340.0,324.0,-6011.0,775.0,704.0
7730618956,2022,moscow city,41.20,119474.0,-86918.0,3529723.0,976569.0,171540.0,13.0,1.0,1.0,0.0,2439520.0,358855.0,-57675.0,-95250.0,-108921.0
3726004770,2022,ivanovo,47.19,33368.0,590.0,21794.0,7200.0,14594.0,16.0,1.0,1.0,0.0,21787.0,348.0,-32314.0,1054.0,757.0
5243034681,2022,nizhni novgorod,43.21,6516.0,34.0,446.0,305.0,141.0,8.0,1.0,1.0,0.0,446.0,446.0,-6204.0,312.0,290.0
7807250266,2022,sankt-petersburg,49.41,11768.0,10.0,1173.0,26.0,1146.0,1.0,1.0,1.0,0.0,1062.0,241.0,-11691.0,77.0,21.0
3917044886,2022,kaliningrad,45.31.10,72271.0,7731.0,28497.0,9517.0,18980.0,6.0,1.0,1.0,0.0,28495.0,4468.0,-62057.0,10214.0,9715.0
1901057100,2022,khakasia,46.38.20,332.0,-229.0,101.0,-167.0,268.0,19.0,1.0,1.0,0.0,101.0,41.0,-543.0,-211.0,-217.0
7733382836,2022,moscow city,77.32,4032.0,5.0,974.0,15.0,959.0,0.0,1.0,1.0,0.0,974.0,323.0,-4011.0,21.0,7.0
2308172736,2022,krasnodar,41.20,2771.0,-9.0,3327.0,-10.0,3337.0,12.0,1.0,1.0,0.0,3327.0,241.0,-2780.0,-9.0,-9.0
7811198097,2022,sankt-petersburg,68.20.20,900.0,39.0,22354.0,22006.0,348.0,7.0,1.0,1.0,0.0,10711.0,828.0,-1832.0,-932.0,49.0
2301103980,2022,krasnodar,56.10,0.0,-1.0,10.0,-912.0,0.0,1.0,1.0,1.0,0.0,10.0,1.0,0.0,263.0,0.0
7705355012,2022,moscow city,71.12,17384.0,-10832.0,42118.0,41190.0,901.0,22.0,1.0,1.0,0.0,40285.0,27.0,-9107.0,54.0,-10829.0
5024141218,2022,moscow reg.,45.11,2715084.0,79062.0,1606637.0,237335.0,358850.0,9.0,1.0,1.0,0.0,996925.0,1996.0,-2387297.0,172789.0,99585.0
3827047240,2022,irkutsk,43.33,9818.0,654.0,5317.0,3982.0,97.0,7.0,1.0,1.0,0.0,5317.0,256.0,-8974.0,844.0,774.0
9702031581,2022,moscow city,69.10,8629.0,-640.0,320.0,-630.0,1909.0,1.0,1.0,1.0,0.0,320.0,2.0,-637.0,-637.0,-640.0
7724679541,2022,moscow city,46.90,26491.0,1265.0,9702.0,6348.0,3354.0,14.0,1.0,1.0,0.0,9702.0,3667.0,-24448.0,2043.0,1826.0
7705469323,2022,moscow city,79.11,6501.0,875.0,5758.0,3911.0,1847.0,20.0,1.0,1.0,0.0,5527.0,2289.0,-5719.0,782.0,1029.0
4716036206,2022,leningrad,46.71,303211.0,4077.0,170998.0,4107.0,166891.0,10.0,1.0,1.0,0.0,170044.0,8569.0,-292562.0,5096.0,5096.0
7103040625,2022,tula,68.20,1725.0,-15.0,231.0,39.0,192.0,16.0,1.0,1.0,0.0,231.0,50.0,-6422.0,63.0,39.0
1685000258,2022,tatarstan,82.99,6247.0,-3954.0,627.0,-3853.0,4480.0,1.0,1.0,1.0,0.0,594.0,43.0,-9688.0,-3441.0,-3782.0
6234177460,2022,ryazan,45.20,4636.0,4615.0,11817.0,4799.0,6718.0,4.0,1.0,1.0,0.0,11817.0,1094.0,-6422.0,4636.0,4615.0
7727445710,2022,moscow city,64.99.10,8629.0,242398.0,232025.0,230488.0,1537.0,2.0,1.0,1.0,0.0,209283.0,863.0,-6422.0,-51947.0,235521.0
2628056295,2022,stavropol,41.20,8337.0,77.0,2847.0,2494.0,353.0,7.0,1.0,1.0,0.0,2276.0,488.0,-8182.0,155.0,77.0
5040091451,2022,moscow reg.,68.10,0.0,0.0,10.0,10.0,1909.0,13.0,1.0,1.0,0.0,7.0,7.0,-6422.0,0.0,0.0
5030099740,2022,moscow reg.,47.52,4173.0,34.0,418.0,216.0,219.0,1.0,1.0,1.0,0.0,418.0,-77.0,-4096.0,77.0,34.0
7007009044,2022,tomsk,68.20.20,3484.0,71.0,5796.0,4633.0,1163.0,23.0,1.0,1.0,0.0,1286.0,121.0,-1040.0,783.0,104.0
9704089925,2022,moscow city,46.90,19967.0,18.0,6877.0,118.0,6759.0,1.0,1.0,1.0,0.0,6877.0,7.0,-19910.0,57.0,22.0
9723117381,2022,moscow city,86.23,53506.0,21391.0,26148.0,24796.0,1353.0,1.0,1.0,1.0,0.0,19797.0,16848.0,-29011.0,24495.0,23927.0
6317095034,2022,samara,28.29.10,1593.0,16.0,242.0,169.0,73.0,9.0,1.0,1.0,0.0,242.0,4.0,-1548.0,45.0,22.0
2353017676,2022,krasnodar,68.20,2015.0,1416.0,265.0,10.0,255.0,22.0,1.0,0.0,0.0,90.0,90.0,-518.0,1497.0,1416.0
5029090609,2022,moscow reg.,46.69,20598.0,1660.0,7932.0,4460.0,3390.0,16.0,1.0,1.0,0.0,7932.0,1974.0,-18437.0,2161.0,2077.0
7720480650,2022,moscow city,49.41,239862.0,1080.0,111012.0,1581.0,109431.0,3.0,1.0,1.0,0.0,111012.0,16339.0,-238509.0,1353.0,1350.0
4401124579,2022,kostroma,16.23,8629.0,-444.0,71.0,-574.0,645.0,11.0,1.0,1.0,0.0,4065.0,241.0,-6422.0,-444.0,-444.0
7445046845,2022,moscow city,68.20.20,8629.0,-987.0,86042.0,46755.0,39287.0,12.0,1.0,1.0,0.0,69446.0,241.0,-6422.0,263.0,-987.0
9403021313,2022,luhansk,10.73.1,8629.0,0.0,14.0,13.0,1.0,0.0,1.0,0.0,0.0,14.0,14.0,-6422.0,263.0,152.0
5050018771,2022,moscow reg.,68.20.20,3832.0,-751.0,1338.0,-4403.0,187.0,26.0,1.0,1.0,0.0,1338.0,3.0,-4525.0,-693.0,-713.0
7743315885,2022,moscow city,73.11,4330.0,-354.0,2166.0,80.0,2086.0,3.0,1.0,1.0,0.0,2166.0,1.0,-4628.0,-298.0,-310.0
9308015944,2022,donetsk,47.19,8629.0,0.0,38648.0,32525.0,1825.0,6.0,1.0,0.0,0.0,38494.0,1679.0,-6422.0,263.0,152.0
3906292982,2022,kaliningrad,49.41.10,207975.0,43358.0,650909.0,130727.0,487343.0,9.0,1.0,1.0,0.0,610679.0,3475.0,-200331.0,7644.0,55802.0
1650300130,2022,tatarstan,45.31.10,574220.0,56233.0,213659.0,126968.0,86691.0,7.0,1.0,1.0,0.0,212763.0,11936.0,-468214.0,70624.0,70338.0
9709031703,2022,moscow city,68.10,8629.0,-478.0,3886.0,3777.0,109.0,4.0,1.0,1.0,0.0,3775.0,3688.0,-730.0,-730.0,-589.0
1013003441,2022,karelia,08.11,35625.0,665.0,123014.0,18592.0,15006.0,20.0,1.0,1.0,0.0,58721.0,128.0,-45844.0,-10219.0,1070.0
2257005540,2022,altai terr.,36.00.20,280.0,-214.0,740.0,174.0,402.0,10.0,1.0,1.0,0.0,59.0,5.0,-494.0,-214.0,-214.0
7825124610,2022,sankt-petersburg,82.99,8216.0,-7970.0,7078.0,1278.0,5800.0,23.0,1.0,1.0,0.0,6967.0,187.0,-18251.0,-10035.0,-7882.0
7445000456,2022,chelyabinsk,47.11,2185.0,3846.0,621.0,156.0,465.0,24.0,1.0,1.0,0.0,112.0,7.0,-3256.0,-1071.0,3846.0
6168087475,2022,rostov,93.12,10436.0,-372.0,1276.0,36.0,1240.0,6.0,1.0,1.0,0.0,691.0,533.0,-6422.0,-44.0,-44.0
5507231188,2022,omsk,49.31.20,36479.0,-134.0,187.0,-173.0,360.0,10.0,1.0,1.0,0.0,187.0,23.0,-6422.0,227.0,231.0
5019012457,2022,moscow reg.,56.10,2574.0,1901.0,3584.0,2070.0,1514.0,25.0,1.0,1.0,0.0,3584.0,1184.0,-501.0,2073.0,2051.0
2312287842,2022,krasnodar,46.15,363.0,-208.0,147.0,-117.0,166.0,3.0,1.0,1.0,0.0,147.0,2.0,-561.0,-198.0,-208.0
6027057894,2022,pskov,25.10,2487.0,-759.0,18988.0,2355.0,16633.0,22.0,1.0,0.0,0.0,18850.0,958.0,-2961.0,-474.0,-759.0
6658501631,2022,sverdlovsk,41.20,10507.0,1235.0,21888.0,2989.0,15867.0,5.0,1.0,1.0,0.0,21886.0,132.0,-7959.0,2548.0,1409.0
7814019331,2022,sankt-petersburg,68.32.10,8629.0,285.0,5713.0,1645.0,4068.0,34.0,1.0,1.0,0.0,5609.0,2036.0,-6422.0,263.0,294.0
7726720442,2022,moscow reg.,69,9577.0,366.0,5584.0,5119.0,466.0,9.0,1.0,1.0,0.0,5555.0,234.0,-8650.0,927.0,652.0
1102081018,2022,komi,02.20,30034.0,1966.0,23064.0,21595.0,1470.0,4.0,1.0,1.0,0.0,20029.0,515.0,-28372.0,1662.0,2444.0
5903015423,2022,perm,52.21.24,871.0,75.0,69.0,984.0,59.0,24.0,1.0,1.0,0.0,69.0,69.0,-783.0,88.0,88.0
7811163930,2022,sankt-petersburg,73.20,9062.0,271.0,1339.0,985.0,354.0,7.0,1.0,1.0,0.0,1339.0,545.0,-8688.0,374.0,361.0
0561058535,2022,dagestan,80.10,2869.0,358.0,3450.0,2430.0,629.0,14.0,1.0,1.0,0.0,3450.0,293.0,-2135.0,441.0,387.0
2501010821,2022,primorsky terr.,68.20.20,5967.0,136.0,2266.0,1436.0,831.0,19.0,1.0,1.0,0.0,843.0,124.0,-5561.0,406.0,338.0
9728001260,2022,moscow city,41.20,28393.0,376.0,11096.0,967.0,10130.0,2.0,1.0,1.0,0.0,10976.0,859.0,-27904.0,489.0,453.0
3812536986,2022,irkutsk,69.10,8629.0,0.0,9.0,9.0,1909.0,1.0,1.0,1.0,0.0,9.0,0.0,-6422.0,263.0,0.0
5445030513,2022,novosibirsk,46.69,1753.0,2.0,1965.0,1018.0,947.0,3.0,1.0,1.0,0.0,1965.0,159.0,-1717.0,36.0,15.0
7448047124,2022,chelyabinsk,68.20.20,8629.0,0.0,14.0,-28.0,42.0,8.0,1.0,1.0,0.0,14.0,5.0,-6422.0,0.0,0.0
7736640468,2022,moscow city,74.20,0.0,-12.0,49.0,44.0,5.0,10.0,1.0,1.0,0.0,12.0,0.0,0.0,263.0,-12.0
0278192915,2022,bashkortostan,45.31,75949.0,678.0,24230.0,696.0,23534.0,10.0,1.0,1.0,0.0,24230.0,1312.0,-73013.0,2936.0,855.0
5024212927,2022,moscow reg.,93.29,8629.0,0.0,10000.0,10000.0,0.0,1.0,1.0,1.0,0.0,0.0,0.0,-6422.0,263.0,0.0
5029043768,2022,moscow reg.,68.20.20,27428.0,77.0,20289.0,16695.0,3593.0,24.0,1.0,1.0,0.0,5497.0,2608.0,-26532.0,896.0,931.0
7222017914,2022,tyumen,58.13,3522.0,0.0,679.0,285.0,394.0,18.0,1.0,1.0,0.0,437.0,328.0,-7334.0,-3812.0,-4083.0
7610128460,2022,yaroslavl,62.01,48293.0,16481.0,17935.0,8823.0,7120.0,4.0,1.0,1.0,0.0,12331.0,553.0,-27339.0,20954.0,18522.0
7715810430,2022,moscow city,27.10,840.0,-63.0,390.0,280.0,110.0,12.0,1.0,1.0,0.0,390.0,124.0,-888.0,-48.0,-63.0
6731057532,2022,smolensk,46.30,8629.0,-128.0,0.0,-1158.0,1158.0,16.0,1.0,1.0,0.0,0.0,0.0,-6422.0,-106.0,-128.0
1513050337,2022,north ossetia,77.32,85996.0,2304.0,42577.0,28079.0,14498.0,8.0,1.0,1.0,0.0,23867.0,6533.0,-82054.0,3942.0,2880.0
7405013152,2022,chelyabinsk,46.90,100130.0,4795.0,12024.0,11646.0,377.0,11.0,1.0,1.0,0.0,4498.0,157.0,-93743.0,6387.0,6281.0
9403011851,2022,luhansk,68.20,8629.0,0.0,960.0,915.0,45.0,7.0,1.0,0.0,0.0,330.0,327.0,-6422.0,263.0,152.0
7448203895,2022,chelyabinsk,68.20,33019.0,871.0,88329.0,411.0,51306.0,5.0,1.0,1.0,0.0,44459.0,193.0,-19661.0,3775.0,1039.0
6671019716,2022,sverdlovsk,45.30,37893.0,11726.0,36933.0,18376.0,17752.0,7.0,1.0,1.0,0.0,36488.0,1296.0,-25848.0,12045.0,12092.0
7725440900,2022,moscow city,62.01,0.0,-9598.0,2549.0,971.0,1578.0,4.0,1.0,1.0,0.0,2365.0,164.0,-9328.0,-9328.0,-9598.0
7453257783,2022,chelyabinsk,46.72.21,12284.0,85.0,7107.0,1175.0,5932.0,9.0,1.0,1.0,0.0,7107.0,1333.0,-10982.0,1302.0,103.0
7806470854,2022,sankt-petersburg,20.16,329545.0,90574.0,130752.0,92699.0,36320.0,10.0,1.0,1.0,0.0,116044.0,1569.0,-215123.0,114422.0,113070.0
6319036940,2022,samara,80.10,21968.0,1935.0,2135.0,1915.0,220.0,27.0,1.0,1.0,0.0,2062.0,403.0,-19453.0,2515.0,2144.0
2923006238,2022,arkhangelsk,01.10,0.0,0.0,93.0,91.0,2.0,12.0,1.0,1.0,0.0,93.0,0.0,0.0,0.0,0.0
6162068444,2022,rostov,28.30.80,20481.0,-147.0,46896.0,36455.0,10441.0,7.0,1.0,1.0,0.0,46440.0,4278.0,-18353.0,2128.0,186.0
2311058134,2022,krasnodar,46.90,375779.0,1213.0,253676.0,59913.0,193595.0,22.0,1.0,1.0,0.0,246093.0,6106.0,-265355.0,10577.0,2524.0
2005263568,2022,chechnya,01.50,23.0,23.0,24.0,23.0,1.0,21.0,1.0,1.0,0.0,24.0,241.0,0.0,23.0,23.0
3702200246,2022,ivanovo,63.11.10,21237.0,-4210.0,2793.0,2421.0,135.0,4.0,1.0,1.0,0.0,2510.0,235.0,-25137.0,-3900.0,-3905.0
7725093781,2022,moscow city,63.99.12,8629.0,-272.0,31873.0,30893.0,980.0,24.0,1.0,1.0,0.0,31873.0,9492.0,-254.0,-254.0,-272.0
9701083058,2022,moscow city,81.22,3543.0,52.0,543.0,502.0,41.0,5.0,1.0,1.0,0.0,543.0,123.0,-3337.0,206.0,164.0
5611085222,2022,orenburg,47.19,10072.0,-114.0,5129.0,-553.0,5682.0,3.0,1.0,1.0,0.0,5129.0,117.0,-9444.0,628.0,-76.0
4001010136,2022,kaluga,63.11.10,2476.0,-400.0,315.0,-301.0,617.0,5.0,1.0,1.0,0.0,315.0,40.0,-2772.0,-296.0,-306.0
2635093241,2022,stavropol,43.12,9181.0,1350.0,14707.0,-2429.0,7136.0,16.0,1.0,1.0,0.0,1609.0,1337.0,-7211.0,1970.0,1934.0
2335011880,2022,krasnodar,85.21,0.0,0.0,9.0,-1.0,10.0,24.0,1.0,1.0,0.0,9.0,6.0,0.0,0.0,0.0
1650336546,2022,tatarstan,43.33,42019.0,2017.0,22986.0,6093.0,16893.0,6.0,1.0,1.0,0.0,21711.0,256.0,-39537.0,2482.0,2443.0
2801221943,2022,amur,47.11,16347.0,-96.0,925.0,420.0,504.0,6.0,1.0,1.0,0.0,925.0,319.0,-15862.0,485.0,178.0
1628010250,2022,tatarstan,46.38,289896.0,562.0,24925.0,3921.0,20227.0,7.0,1.0,1.0,0.0,23341.0,820.0,-284932.0,4964.0,702.0
7723757243,2022,moscow city,81.22,149322.0,1578.0,41408.0,21764.0,7879.0,12.0,1.0,1.0,0.0,33121.0,2742.0,-156080.0,-6758.0,3206.0
2301098730,2022,krasnodar,55.90,10995.0,-624.0,29314.0,-1441.0,5405.0,3.0,1.0,1.0,0.0,18484.0,899.0,-6075.0,3904.0,-514.0
7730261343,2022,moscow city,41.20,1285687.0,147642.0,730803.0,150832.0,547067.0,2.0,1.0,1.0,0.0,726644.0,35502.0,-1097769.0,177182.0,178380.0
1657224792,2022,tatarstan,46.32,26090.0,49.0,19903.0,4926.0,14977.0,6.0,1.0,1.0,0.0,19815.0,1300.0,-25811.0,279.0,311.0
4823007143,2022,lipetzk,52.21.24,0.0,101.5,10.0,984.0,10.0,32.0,1.0,1.0,0.0,10.0,1.0,0.0,263.0,152.0
1660183063,2022,tatarstan,42.11,104755.0,9495.0,166680.0,165497.0,1183.0,9.0,1.0,1.0,0.0,143975.0,20774.0,-79684.0,18088.0,13232.0
7719590143,2022,moscow city,86.21,2636.0,247.0,252.0,247.0,5.0,16.0,1.0,1.0,0.0,252.0,36.0,-2327.0,309.0,247.0
6168093422,2022,rostov,46.34.10,179809.0,1217.0,87506.0,7141.0,80365.0,5.0,1.0,1.0,0.0,87506.0,364.0,-130256.0,4923.0,1521.0
5262321755,2022,nizhni novgorod,80.10,7972.0,7453.0,24798.0,24685.0,112.0,7.0,1.0,1.0,0.0,24798.0,50.0,-175.0,7797.0,7694.0
5404307389,2022,novosibirsk,47.71.50,52662.0,30085.0,109262.0,108194.0,1068.0,15.0,1.0,1.0,0.0,109214.0,3873.0,-21072.0,31590.0,32005.0
7017281433,2022,tomsk,43.39,94.0,83.0,2907.0,-21.0,2768.0,11.0,1.0,1.0,0.0,2908.0,64.0,-1.0,93.0,89.0
5908080987,2022,perm,45.20,1031.0,14.0,1733.0,50.0,1683.0,2.0,1.0,1.0,0.0,1482.0,57.0,-214.0,20.0,18.0
1828023337,2022,udmurtia,69.10,762.0,147.0,2902.0,2864.0,38.0,9.0,1.0,1.0,0.0,2902.0,50.0,-593.0,169.0,170.0
7703202540,2022,moscow city,94.99,0.0,0.0,96.0,984.0,96.0,24.0,1.0,1.0,0.0,96.0,96.0,0.0,263.0,0.0
3808145852,2022,irkutsk,71.12.20,33411.0,0.0,32803.0,160.0,0.0,16.0,1.0,1.0,0.0,32803.0,150.0,-25206.0,8205.0,1641.0
3808272113,2022,irkutsk,85.41.90,8629.0,-42.0,25.0,-53.0,78.0,2.0,1.0,1.0,0.0,25.0,10.0,-14.0,-14.0,-42.0
7604271327,2022,yaroslavl,13.96,6534.0,49.0,1286.0,97.0,1189.0,8.0,1.0,1.0,0.0,1286.0,203.0,-6422.0,112.0,59.0
4029048820,2022,kaluga,70.22,8629.0,-55.0,1432.0,1376.0,56.0,9.0,1.0,1.0,0.0,1432.0,496.0,-6422.0,263.0,-55.0
5752027079,2022,oryol,52.21.24,100.0,-1.0,0.0,984.0,1909.0,21.0,1.0,1.0,0.0,4065.0,241.0,-100.0,0.0,0.0
6617023513,2022,sverdlovsk,43.22,15597.0,-1280.0,3195.0,-218.0,413.0,8.0,1.0,1.0,0.0,836.0,462.0,-14518.0,1079.0,-1280.0
5906091310,2022,perm,49.41,48330.0,-303.0,20150.0,20204.0,-54.0,13.0,1.0,1.0,0.0,20150.0,5589.0,-48824.0,-494.0,187.0
7448243440,2022,chelyabinsk,71.12.20,8629.0,-550.0,54894.0,-450.0,44716.0,0.0,1.0,1.0,0.0,54624.0,5642.0,-6422.0,-661.0,-688.0
1659172444,2022,tatarstan,49.41,39997.0,5.0,8391.0,38.0,289.0,6.0,1.0,1.0,0.0,2565.0,206.0,-39530.0,-176.0,11.0
7329026950,2022,ulyanovsk,46.35,0.0,0.0,449.0,10.0,439.0,4.0,1.0,1.0,0.0,449.0,241.0,-583.0,-583.0,0.0
7713470900,2022,moscow city,46.75.20,24738.0,1205.0,5487.0,1784.0,3703.0,3.0,1.0,1.0,0.0,5487.0,294.0,-23217.0,1521.0,1507.0
2720032602,2022,khabarovsk,47.90,67469.0,10383.0,16630.0,3574.0,8062.0,16.0,1.0,1.0,0.0,16630.0,1396.0,-51899.0,10383.0,10383.0
6450112467,2022,saratov,42.21,15131.0,547.0,5463.0,768.0,4695.0,1.0,1.0,1.0,0.0,5463.0,1088.0,-14437.0,694.0,685.0
2723117854,2022,khabarovsk,46.74,10517.0,349.0,8130.0,6293.0,1837.0,13.0,1.0,1.0,0.0,8078.0,57.0,-8518.0,363.0,436.0
5905264947,2022,perm,69.10,3.0,-94.0,6769.0,5910.0,354.0,14.0,1.0,1.0,0.0,6769.0,9.0,-91.0,-88.0,-92.0
2723169161,2022,khabarovsk,71.10,3133.0,2850.0,17344.0,16541.0,803.0,8.0,1.0,1.0,0.0,17333.0,1943.0,-107.0,3026.0,3014.0
7841077710,2022,sankt-petersburg,52.24,35790.0,65.0,6880.0,2346.0,4534.0,4.0,1.0,1.0,0.0,6820.0,1798.0,-34948.0,842.0,422.0
1651047829,2022,tatarstan,73.10,1201.0,54.0,71.0,64.0,7.0,16.0,1.0,1.0,0.0,71.0,13.0,-1135.0,66.0,66.0
4342003869,2022,kirov,77.39.10,0.0,0.0,10.0,10.0,1909.0,26.0,1.0,1.0,0.0,10.0,241.0,-6422.0,0.0,0.0
7716966038,2022,moscow city,72.19,8629.0,11.0,2808.0,1308.0,1500.0,0.0,1.0,1.0,0.0,21.0,15.0,-6422.0,263.0,11.0
6450107266,2022,saratov,72.19,18953.0,825.0,15147.0,-2225.0,17371.0,3.0,1.0,1.0,0.0,15147.0,0.0,-6422.0,1154.0,1125.0
6683014952,2022,sverdlovsk,33.12,139028.0,41232.0,44266.0,37627.0,6639.0,4.0,1.0,1.0,0.0,44266.0,1497.0,-95024.0,44004.0,44835.0
4501164303,2022,kurgan,33.12,32188.0,10443.0,73364.0,72828.0,536.0,11.0,1.0,1.0,0.0,68562.0,6566.0,-20453.0,11735.0,11573.0
2703040441,2022,khabarovsk,56.10,0.0,-1006.0,1297.0,-229.0,289.0,15.0,1.0,1.0,0.0,1297.0,14.0,-975.0,-975.0,-1000.0
7841309294,2022,sankt-petersburg,68.32,8629.0,0.0,937.0,984.0,937.0,17.0,1.0,1.0,0.0,937.0,96.0,-6422.0,263.0,0.0
7716216596,2022,moscow reg.,68.20.20,3824759.0,194452.0,16841714.0,626178.0,14504461.0,20.0,1.0,1.0,0.0,2876744.0,310.0,-3125018.0,473113.0,353160.0
3460058862,2022,volgograd,47.19.10,29828.0,140.0,3287.0,130.0,672.0,7.0,1.0,1.0,0.0,3287.0,709.0,-29124.0,704.0,413.0
7743842306,2022,sankt-petersburg,62,42428.0,3129.0,23062.0,21816.0,1246.0,10.0,1.0,1.0,0.0,22996.0,8731.0,-38347.0,4081.0,3866.0
3702267346,2022,ivanovo,46.73,21457.0,186.0,233.0,196.0,37.0,0.0,1.0,1.0,0.0,233.0,98.0,-20927.0,247.0,233.0
9404010314,2022,luhansk,01.11,8629.0,0.0,0.0,0.0,0.0,0.0,1.0,0.0,0.0,0.0,241.0,-6422.0,263.0,0.0
5404345842,2022,novosibirsk,45.32.29,3337.0,33.0,8661.0,8609.0,52.0,15.0,1.0,1.0,0.0,8661.0,64.0,-3080.0,257.0,130.0
8601041694,2022,khanty-mansijsk,68.32,6548.0,-2485.0,15400.0,6054.0,9002.0,12.0,1.0,1.0,0.0,15371.0,64.0,-8780.0,-2232.0,-2386.0
5017127318,2022,moscow reg.,86.90,3772.0,-1005.0,1314.0,-996.0,92.0,1.0,1.0,1.0,0.0,1315.0,530.0,-4593.0,-821.0,-892.0
6672284072,2022,sverdlovsk,96.02,10482.0,1385.0,100975.0,96324.0,2573.0,14.0,1.0,1.0,0.0,100975.0,2222.0,-9078.0,1404.0,1699.0
2536175101,2022,primorsky terr.,70.22,8629.0,0.0,62685.0,62685.0,0.0,16.0,1.0,1.0,0.0,62525.0,55921.0,-6422.0,263.0,0.0
3616999353,2022,voronezh,49.40,32156.0,1824.0,112431.0,68942.0,12992.0,7.0,1.0,1.0,0.0,92792.0,834.0,-31377.0,-1035.0,1822.0
5921034041,2022,perm,46.33,77144.0,1062.0,6709.0,-1508.0,8217.0,5.0,1.0,1.0,0.0,6608.0,4394.0,-75136.0,2008.0,1833.0
6673098167,2022,sverdlovsk,47.11.20,3041.0,883.0,7908.0,1114.0,6794.0,19.0,1.0,1.0,0.0,461.0,458.0,-2200.0,841.0,883.0
1655277647,2022,tatarstan,46.74,246.0,86.0,2262.0,97.0,2165.0,9.0,1.0,1.0,0.0,2167.0,241.0,-6422.0,205.0,107.0
5609091606,2022,orenburg,62.01,550.0,-397.0,7420.0,669.0,6750.0,9.0,1.0,0.0,0.0,7420.0,4.0,-596.0,-46.0,-199.0
5029219690,2022,moscow reg.,79.11,0.0,0.0,0.0,0.0,0.0,5.0,1.0,1.0,0.0,0.0,0.0,0.0,263.0,0.0
7714824172,2022,moscow city,79.11,26310.0,25063.0,52173.0,26344.0,25829.0,12.0,1.0,1.0,0.0,52173.0,390.0,-1149.0,25161.0,25074.0
7724938034,2022,moscow city,68.20,743.0,2.0,89.0,8.0,81.0,8.0,1.0,1.0,0.0,89.0,25.0,-728.0,15.0,10.0
7720582972,2022,moscow city,46.72.21,458.0,367.0,2100.0,1671.0,428.0,15.0,1.0,1.0,0.0,2100.0,592.0,-43.0,415.0,391.0
7722569568,2022,moscow city,10.60,9344.0,1422.0,20111.0,6046.0,13281.0,16.0,1.0,1.0,0.0,18153.0,116.0,-8009.0,1335.0,1527.0
6670287261,2022,sverdlovsk,46.40,283929.0,12545.0,36141.0,24732.0,4439.0,12.0,1.0,1.0,0.0,28842.0,6842.0,-270010.0,13919.0,15844.0
7456002568,2022,chelyabinsk,46.72.20,10194.0,570.0,4377.0,3286.0,1091.0,12.0,1.0,1.0,0.0,4377.0,5.0,-9419.0,775.0,731.0
3666194065,2022,voronezh,46.43,345.0,-352.0,1009.0,294.0,715.0,8.0,1.0,1.0,0.0,1009.0,0.0,-598.0,-253.0,-352.0
5262269174,2022,nizhni novgorod,43.21,25664.0,63.0,52157.0,1137.0,51020.0,11.0,1.0,1.0,0.0,51933.0,31.0,-25480.0,184.0,74.0
5916030041,2022,perm,46.76.10,60105.0,408.0,8991.0,652.0,8339.0,25.0,1.0,1.0,0.0,8991.0,1028.0,-59595.0,510.0,510.0
7447152310,2022,chelyabinsk,62.01,1189.0,-784.0,622.0,314.0,308.0,13.0,1.0,1.0,0.0,622.0,290.0,-1836.0,-647.0,-730.0
4214010910,2022,kemerovo,68.32.10,676.0,0.0,914.0,0.0,914.0,19.0,1.0,1.0,0.0,914.0,241.0,-212.0,0.0,0.0
7326039790,2022,ulyanovsk,63.91,6968.0,-494.0,1467.0,775.0,691.0,11.0,1.0,1.0,0.0,1272.0,206.0,-7184.0,-216.0,-279.0
9103068293,2022,crimea,69.20,5691.0,702.0,25743.0,21177.0,1450.0,7.0,1.0,1.0,0.0,20219.0,49.0,-4625.0,1066.0,816.0
3444201402,2022,volgograd,23.32,38324.0,5673.0,41909.0,13354.0,26789.0,7.0,1.0,1.0,0.0,26717.0,2588.0,-33430.0,4894.0,6049.0
7720845614,2022,moscow city,46.73,33907.0,6063.0,13499.0,5701.0,7798.0,1.0,1.0,1.0,0.0,13499.0,30.0,-27409.0,6498.0,6386.0
7724422031,2022,moscow city,66.22,52498.0,5631.0,15163.0,14365.0,798.0,5.0,1.0,1.0,0.0,15163.0,1312.0,-42388.0,7574.0,7206.0
9701085619,2022,moscow city,96.02,8587.0,3747.0,3404.0,3236.0,168.0,5.0,1.0,1.0,0.0,3404.0,1972.0,-4174.0,4413.0,4192.0
2225209020,2022,altai terr.,46.13,239.0,2.0,89.0,81.0,8.0,3.0,1.0,1.0,0.0,89.0,11.0,-235.0,4.0,2.0
7804427010,2022,sankt-petersburg,81.22,39657.0,1225.0,14470.0,13276.0,1194.0,13.0,1.0,1.0,0.0,14102.0,2628.0,-37139.0,2518.0,2452.0
2310180893,2022,krasnodar,68.20.20,8629.0,4289.0,65179.0,-53481.0,0.0,8.0,1.0,1.0,0.0,18706.0,73.0,-1468.0,-1468.0,5428.0
9404000394,2022,luhansk,01.11,8629.0,0.0,249588.0,234506.0,7188.0,0.0,1.0,0.0,0.0,97142.0,10019.0,-6422.0,263.0,0.0
7806296878,2022,sankt-petersburg,86.23,65196.0,6811.0,53873.0,14719.0,39070.0,4.0,1.0,1.0,0.0,53362.0,1722.0,-16768.0,48428.0,7038.0
2304049869,2022,krasnodar,47.10,18278.0,811.0,1011.0,10.0,1001.0,15.0,1.0,1.0,0.0,1011.0,111.0,-17279.0,999.0,811.0
5045047590,2022,moscow reg.,71.12.40,0.0,0.0,95.0,-809.0,904.0,12.0,1.0,1.0,0.0,95.0,241.0,0.0,263.0,152.0
7714690271,2022,moscow city,62.01,8629.0,-1482.0,2782.0,2782.0,0.0,15.0,1.0,1.0,0.0,1112.0,605.0,-797.0,-797.0,-1482.0
5501223670,2022,omsk,52.21.24,8629.0,-351.0,286.0,129.0,157.0,12.0,1.0,1.0,0.0,286.0,10.0,-351.0,-351.0,-351.0
5401361821,2022,novosibirsk,47.59.10,27736.0,703.0,32635.0,1738.0,14766.0,10.0,1.0,1.0,0.0,12251.0,3522.0,-26754.0,982.0,879.0
6685112810,2022,sverdlovsk,68.20,4415.0,5282.0,36321.0,28496.0,7825.0,6.0,1.0,1.0,0.0,3063.0,642.0,-1258.0,3144.0,5442.0
2304050254,2022,krasnodar,69.10,1138.0,1024.0,858.0,858.0,0.0,15.0,1.0,1.0,0.0,858.0,858.0,-44.0,1094.0,1082.0
6165213210,2022,rostov,43.21,5314.0,-92.0,26598.0,-1817.0,28415.0,4.0,1.0,1.0,0.0,26597.0,2025.0,-8003.0,-2689.0,-34.0
1655333997,2022,tatarstan,62.01,59014.0,4348.0,18350.0,17005.0,1345.0,7.0,1.0,1.0,0.0,16063.0,13441.0,-53286.0,5728.0,6116.0
5835121893,2022,penza,45.31,30397.0,378.0,27120.0,1562.0,25178.0,5.0,1.0,1.0,0.0,27080.0,-1612.0,-28036.0,523.0,473.0
4217195391,2022,kemerovo,42.21,3338.0,936.0,4992.0,936.0,3528.0,3.0,1.0,1.0,0.0,4992.0,554.0,-1849.0,1489.0,1457.0
7811588756,2022,sankt-petersburg,71.10,3357.0,1542.0,9099.0,7169.0,1930.0,8.0,1.0,1.0,0.0,9023.0,360.0,-1693.0,1664.0,1577.0
6234178625,2022,ryazan,41.10,8150.0,-2376.0,3969.0,-1007.0,4977.0,4.0,1.0,1.0,0.0,3818.0,2413.0,-6422.0,-1732.0,-2059.0
7804591652,2022,sankt-petersburg,46.73.60,1224.0,199.0,3278.0,769.0,2508.0,5.0,1.0,1.0,0.0,3219.0,45.0,-967.0,257.0,249.0
0273050716,2022,bashkortostan,46.90,734460.0,13352.0,260087.0,56392.0,203354.0,18.0,1.0,1.0,0.0,257562.0,23542.0,-598497.0,39285.0,16717.0
1650256033,2022,tatarstan,22.20,36651.0,22159.0,123334.0,32472.0,103321.0,9.0,1.0,1.0,0.0,109670.0,3101.0,-10519.0,26132.0,27533.0
6620008032,2022,sverdlovsk,08.11,736234.0,10848.0,729667.0,-20174.0,741801.0,21.0,1.0,1.0,0.0,658196.0,122.0,-632279.0,-61478.0,13326.0
5406821906,2022,novosibirsk,41.20,46280.0,626.0,6243.0,625.0,5617.0,0.0,1.0,1.0,0.0,6243.0,334.0,-45442.0,838.0,796.0
1660345998,2022,tatarstan,45.11,3993.0,588.0,3861.0,3612.0,249.0,2.0,1.0,1.0,0.0,3861.0,1.0,-3194.0,799.0,647.0
5835130739,2022,penza,46.37,4672.0,11.0,4739.0,140.0,4599.0,4.0,1.0,1.0,0.0,4738.0,6.0,-4623.0,49.0,14.0
9715412873,2022,moscow city,43.29,255261.0,1021.0,83272.0,1022.0,82250.0,0.0,1.0,1.0,0.0,83272.0,439.0,-227470.0,13836.0,1276.0
7814167146,2022,sankt-petersburg,46.43,29508.0,1471.0,12438.0,1171.0,11267.0,7.0,1.0,1.0,0.0,12026.0,22.0,-27902.0,1606.0,1789.0
5404448372,2022,novosibirsk,43.21,0.0,1017.0,57159.0,-427803.0,484962.0,11.0,1.0,1.0,0.0,57159.0,5858.0,0.0,0.0,896.0
7731480179,2022,moscow city,41.20,2048.0,228.0,26009.0,195.0,24321.0,8.0,1.0,1.0,0.0,22320.0,7308.0,-1750.0,298.0,284.0
7810930504,2022,sankt-petersburg,52.29,39.0,-23.0,245.0,9.0,236.0,1.0,1.0,1.0,0.0,245.0,1.0,-58.0,-19.0,-23.0
7719072590,2022,moscow city,58.19,634.0,3907.0,4465.0,4216.0,249.0,30.0,1.0,1.0,0.0,893.0,229.0,-300.0,334.0,3926.0
6311189857,2022,samara,22.19,4117.0,38.0,213.0,204.0,9.0,1.0,1.0,1.0,0.0,213.0,9.0,-4052.0,65.0,47.0
1435362791,2022,yakutia,41.20,73163.0,4509.0,73053.0,4529.0,68524.0,1.0,1.0,1.0,0.0,55395.0,243.0,-67081.0,6082.0,5673.0
6685183441,2022,sverdlovsk,71.12.20,8629.0,-2839.0,2141541.0,-4530.0,61534.0,1.0,1.0,1.0,0.0,2140508.0,27033.0,-6422.0,-2930.0,-3434.0
6913015181,2022,tver,86.23,1983.0,12.0,640.0,639.0,1.0,12.0,1.0,1.0,0.0,640.0,640.0,-1911.0,72.0,72.0
7710920661,2022,moscow city,46.74,138668.0,671.0,31833.0,6285.0,6267.0,10.0,1.0,1.0,0.0,29904.0,1400.0,-132162.0,2790.0,837.0
5405067605,2022,novosibirsk,68.32,45719.0,4869.0,15884.0,4879.0,11005.0,1.0,1.0,1.0,0.0,15884.0,10463.0,-40999.0,4720.0,5297.0
3808124161,2022,irkutsk,68.20,8629.0,-682.0,77779.0,209.0,13514.0,17.0,1.0,1.0,0.0,3359.0,0.0,-6422.0,263.0,-676.0
6315640742,2022,samara,45.40.10,205.0,-676.0,5970.0,868.0,5102.0,11.0,1.0,1.0,0.0,197.0,0.0,-881.0,-676.0,-676.0
3015116606,2022,astrakhan,73.11,696.0,39.0,62.0,-113.0,175.0,2.0,1.0,1.0,0.0,62.0,61.0,-586.0,110.0,60.0
0107034958,2022,adygeya,80.10,5280.0,816.0,534.0,399.0,136.0,3.0,1.0,1.0,0.0,424.0,273.0,-3896.0,1384.0,816.0
5036127948,2022,moscow reg.,10.82,4223.0,-613.0,14039.0,2693.0,7151.0,9.0,1.0,1.0,0.0,13808.0,71.0,-4626.0,-403.0,-590.0
2626040290,2022,stavropol,85.42,1350.0,221.0,2623.0,984.0,569.0,13.0,1.0,1.0,0.0,2623.0,111.0,-887.0,463.0,269.0
3103005711,2022,belgorod,47.73,91.0,94.0,0.0,0.0,1909.0,8.0,1.0,1.0,0.0,4065.0,241.0,-6422.0,91.0,91.0
0315008758,2022,buryatia,47.25.11,349.0,0.0,10.0,10.0,1909.0,16.0,1.0,0.0,0.0,10.0,241.0,-349.0,0.0,0.0
7814789027,2022,sankt-petersburg,68.20,806.0,590.0,2722.0,1964.0,758.0,1.0,1.0,1.0,0.0,2722.0,310.0,-197.0,609.0,630.0
3663107145,2022,voronezh,46.21,212429.0,1870.0,136485.0,3768.0,128254.0,8.0,1.0,1.0,0.0,130563.0,6593.0,-209234.0,3195.0,2115.0
8603213885,2022,khanty-mansijsk,47.11,4979.0,678.0,1678.0,1678.0,0.0,7.0,1.0,1.0,0.0,1678.0,0.0,-4265.0,714.0,714.0
7706679588,2022,moscow city,41.20,222421.0,574.0,84785.0,5991.0,76794.0,14.0,1.0,1.0,0.0,83386.0,12852.0,-187971.0,6563.0,1754.0
6325997886,2022,samara,52.29,25529.0,-388.0,18700.0,17072.0,1628.0,11.0,1.0,1.0,0.0,5937.0,2411.0,-25267.0,262.0,407.0
8603223690,2022,khanty-mansijsk,45.20.10,2803.0,370.0,984.0,963.0,21.0,6.0,1.0,1.0,0.0,984.0,34.0,-1852.0,951.0,462.0
3022001275,2022,astrakhan,46.51,759.0,-39.0,1726.0,1702.0,24.0,11.0,1.0,1.0,0.0,1726.0,126.0,-233.0,-2.0,-16.0
7701417476,2022,moscow city,68.31,0.0,0.0,21934.0,19723.0,2211.0,8.0,1.0,1.0,0.0,21934.0,0.0,-6422.0,0.0,0.0
2632104544,2022,stavropol,49.40,81777.0,-2283.0,34010.0,13853.0,15847.0,6.0,1.0,1.0,0.0,29327.0,576.0,-85176.0,-4258.0,-2601.0
7840337281,2022,sankt-petersburg,41.20,126.0,0.0,240.0,99.0,141.0,16.0,1.0,1.0,0.0,240.0,0.0,-126.0,0.0,0.0
7804516503,2022,sankt-petersburg,69.20,5289.0,640.0,4839.0,3975.0,865.0,9.0,1.0,1.0,0.0,4679.0,380.0,-3973.0,1316.0,725.0
0542020134,2022,dagestan,43.21,0.0,0.0,10.0,10.0,1909.0,2.0,1.0,0.0,0.0,10.0,10.0,-6422.0,0.0,0.0
4205378143,2022,kemerovo,46.71.10,8629.0,0.0,15.0,-185.0,200.0,3.0,1.0,1.0,0.0,15.0,0.0,-6422.0,0.0,0.0
7710916030,2022,moscow city,61.10,409806.0,150836.0,741191.0,630882.0,79574.0,10.0,1.0,1.0,0.0,57385.0,0.0,-213169.0,190854.0,188545.0
7456044021,2022,chelyabinsk,49.41,23525.0,445.0,16284.0,756.0,11799.0,3.0,1.0,1.0,0.0,16284.0,412.0,-22969.0,556.0,556.0
7729651187,2022,moscow city,79.11,614.0,126.0,1662.0,-544.0,1816.0,12.0,1.0,1.0,0.0,1662.0,847.0,-470.0,144.0,144.0
6658536560,2022,sverdlovsk,43.29,28346.0,680.0,17608.0,1291.0,16292.0,2.0,1.0,1.0,0.0,17008.0,122.0,-27253.0,1093.0,850.0
2901183642,2022,arkhangelsk,87,1436.0,37.0,20.0,20.0,1909.0,14.0,1.0,1.0,0.0,20.0,241.0,-6422.0,37.0,37.0
9500002193,2022,kherson,49.4,8629.0,0.0,6.0,6.0,0.0,4.0,1.0,0.0,0.0,6.0,241.0,-6422.0,263.0,0.0
7725370072,2022,moscow city,81.10,30045.0,688.0,14026.0,9293.0,226.0,5.0,1.0,1.0,0.0,12123.0,5176.0,-28934.0,1111.0,877.0
2311312831,2022,krasnodar,49.41,20090.0,411.0,5795.0,661.0,4605.0,2.0,1.0,1.0,0.0,5795.0,0.0,-10718.0,613.0,521.0
6950218824,2022,tver,73.11,1860.0,10.0,208.0,145.0,62.0,4.0,1.0,0.0,0.0,208.0,95.0,-1824.0,36.0,31.0
2511114097,2022,primorsky terr.,93.19,0.0,0.0,0.0,984.0,1909.0,2.0,1.0,1.0,0.0,4065.0,241.0,0.0,263.0,0.0
2635832911,2022,stavropol,95.11,6426.0,122.0,11725.0,542.0,11183.0,8.0,1.0,1.0,0.0,11725.0,159.0,-1782.0,218.0,152.0
6905069024,2022,tver,68.20.20,2579.0,508.0,2138.0,2041.0,97.0,22.0,1.0,1.0,0.0,1640.0,1124.0,-1840.0,644.0,595.0
7728434292,2022,moscow city,62.02,0.0,-149.0,101.0,-530.0,631.0,4.0,1.0,1.0,0.0,101.0,81.0,-135.0,-135.0,-149.0
7106076669,2022,tula,68.20,92.0,19.0,1693.0,1594.0,92.0,15.0,1.0,0.0,0.0,172.0,92.0,-55.0,37.0,26.0
7725312867,2022,moscow city,46.72,250905.0,2326.0,30632.0,22731.0,7901.0,6.0,1.0,1.0,0.0,30632.0,817.0,-239755.0,3220.0,2907.0
7710531432,2022,moscow city,46.39,908.0,-262.0,343822.0,261406.0,2866.0,18.0,1.0,1.0,0.0,335250.0,144.0,-748.0,102.0,-1.0
0273080069,2022,bashkortostan,23.70,29241.0,-1728.0,3712.0,40.0,3672.0,12.0,1.0,1.0,0.0,3712.0,957.0,-30969.0,-1728.0,-1728.0
5032338610,2022,moscow reg.,73.11,15130.0,101.0,2870.0,200.0,2670.0,0.0,1.0,1.0,0.0,2870.0,327.0,-14424.0,706.0,520.0
7203416230,2022,tyumen,49.41,10551.0,377.0,8245.0,1356.0,6889.0,5.0,1.0,1.0,0.0,5112.0,67.0,-9861.0,690.0,472.0
9701123014,2022,moscow city,46.69,107799.0,12159.0,18352.0,5363.0,12989.0,4.0,1.0,1.0,0.0,18331.0,13267.0,-90968.0,16831.0,15589.0
9109028240,2022,crimea,68.20,8629.0,0.0,0.0,0.0,0.0,0.0,0.0,0.0,0.0,0.0,241.0,-6422.0,263.0,0.0
7017299568,2022,tomsk,46.30,121777.0,4268.0,47007.0,17011.0,16119.0,10.0,1.0,1.0,0.0,32107.0,237.0,-103207.0,6292.0,5524.0
5506201254,2022,omsk,86.21,2854.0,865.0,2831.0,2654.0,177.0,15.0,1.0,1.0,0.0,2831.0,25.0,-1891.0,963.0,951.0
5405009071,2022,novosibirsk,46.49,4560.0,-5.0,1225.0,1084.0,141.0,5.0,1.0,1.0,0.0,1225.0,695.0,-4466.0,94.0,85.0
7811503255,2022,sankt-petersburg,25.10,194478.0,16565.0,119466.0,42733.0,76733.0,11.0,1.0,1.0,0.0,114173.0,19844.0,-125847.0,20076.0,20997.0
5403063228,2022,novosibirsk,23.61,7480.0,305.0,814.0,729.0,85.0,1.0,1.0,1.0,0.0,755.0,27.0,-7083.0,397.0,389.0
7424013341,2022,chelyabinsk,45.20,28380.0,740.0,10868.0,739.0,10129.0,0.0,1.0,1.0,0.0,10868.0,503.0,-27227.0,1153.0,925.0
7804679709,2022,sankt-petersburg,46.90,6403.0,1576.0,3576.0,2429.0,1147.0,1.0,1.0,1.0,0.0,3576.0,2975.0,-4405.0,1998.0,1970.0
2461035320,2022,krasnoyarsk,43.21,132.0,46.0,67.0,67.0,0.0,6.0,1.0,1.0,0.0,67.0,12.0,-68.0,64.0,53.0
5009124779,2022,moscow reg.,43.21,10078.0,91.0,97007.0,-16034.0,108831.0,2.0,1.0,1.0,0.0,91800.0,2098.0,-9871.0,207.0,91.0
1832155255,2022,udmurtia,81.22,0.0,-2.0,7.0,4.0,3.0,3.0,1.0,1.0,0.0,7.0,0.0,-5.0,-5.0,-2.0
6312205050,2022,samara,10.72,22424.0,3099.0,15474.0,3160.0,10664.0,2.0,1.0,1.0,0.0,15474.0,894.0,-11850.0,3927.0,3768.0
9204570492,2022,sevastopol,46.38,108306.0,876.0,25375.0,3481.0,17690.0,4.0,1.0,1.0,0.0,22845.0,421.0,-107341.0,965.0,977.0
5722020630,2022,oryol,46.21,18318.0,410.0,1858.0,1858.0,0.0,19.0,1.0,1.0,0.0,1858.0,42.0,-17785.0,533.0,513.0
7720866484,2022,moscow city,81.22,32135.0,438.0,15521.0,448.0,14291.0,0.0,1.0,1.0,0.0,14432.0,1192.0,-31639.0,496.0,590.0
2130226475,2022,chuvashia,63.11,8629.0,0.0,0.0,0.0,1909.0,1.0,1.0,1.0,0.0,0.0,0.0,0.0,0.0,0.0
9705040640,2022,moscow city,68.20,490252.0,-525626.0,5298323.0,-807624.0,4817890.0,7.0,1.0,1.0,0.0,585818.0,48008.0,-513315.0,-74016.0,-764530.0
6815002258,2022,tambov,01.11,5100.0,97.0,1678.0,1678.0,1909.0,29.0,1.0,1.0,0.0,0.0,241.0,-5003.0,97.0,97.0
7810074797,2022,sankt-petersburg,56.10,6816.0,924.0,3025.0,2910.0,115.0,16.0,1.0,1.0,0.0,3025.0,280.0,-5681.0,1135.0,997.0
9715275955,2022,moscow city,49.41,8629.0,-7.0,17496.0,14780.0,2716.0,6.0,1.0,1.0,0.0,17496.0,20.0,-6422.0,263.0,-7.0
6501303078,2022,sakhalin,46.21,0.0,0.0,7309.0,874.0,5435.0,3.0,1.0,1.0,0.0,7309.0,6373.0,0.0,263.0,0.0
0323418405,2022,buryatia,41.20,920.0,496.0,707.0,633.0,74.0,1.0,1.0,1.0,0.0,707.0,223.0,-363.0,557.0,548.0
7718048298,2022,ryazan,46.44.20,0.0,0.0,52.0,-1042.0,1094.0,7.0,1.0,1.0,0.0,52.0,52.0,0.0,263.0,0.0
6950232917,2022,tver,46.13,93802.0,558.0,11148.0,886.0,10262.0,3.0,1.0,1.0,0.0,11148.0,148.0,-92678.0,1124.0,698.0
5032243968,2022,moscow city,46.71,1502365.0,68291.0,486141.0,182089.0,304052.0,11.0,1.0,1.0,0.0,476487.0,211.0,-1138255.0,96346.0,87093.0
7736328587,2022,moscow city,71.20,560.0,-3437.0,2934.0,2389.0,544.0,2.0,1.0,1.0,0.0,1645.0,740.0,-4368.0,-3808.0,-3403.0
9701159050,2022,moscow city,46.72,8629.0,0.0,488538.0,3031.0,477994.0,2.0,1.0,1.0,0.0,488538.0,0.0,0.0,0.0,0.0
6161030180,2022,rostov,80.10,28383.0,215.0,3545.0,1848.0,1697.0,25.0,1.0,1.0,0.0,3485.0,1189.0,-27705.0,678.0,507.0
6449058529,2022,saratov,41.20,310930.0,-59052.0,572833.0,50835.0,520998.0,12.0,1.0,1.0,0.0,546814.0,712.0,-324468.0,-22789.0,-59052.0
7727249353,2022,moscow city,25.93,148871.0,8403.0,79606.0,32754.0,46852.0,19.0,1.0,1.0,0.0,77464.0,367.0,-135840.0,13031.0,10504.0
2315666856,2022,krasnodar,52.29,0.0,0.0,10.0,10.0,1909.0,4.0,1.0,1.0,0.0,10.0,10.0,-6422.0,0.0,0.0
6658468159,2022,sverdlovsk,43.11,0.0,0.0,51943.0,10.0,51933.0,7.0,1.0,1.0,0.0,51943.0,140.0,0.0,263.0,0.0
5918215746,2022,perm,41.20,32298.0,5624.0,10467.0,7920.0,2547.0,6.0,1.0,1.0,0.0,10389.0,4941.0,-25346.0,6952.0,6579.0
5719003472,2022,oryol,38.10,7062.0,398.0,1611.0,915.0,696.0,13.0,1.0,1.0,0.0,1611.0,741.0,-6552.0,510.0,398.0
6911021790,2022,tver,68.32.10,8629.0,-31.0,3142.0,901.0,2241.0,18.0,1.0,1.0,0.0,3142.0,460.0,-6422.0,263.0,-31.0
5032300038,2022,moscow reg.,46.77,13879.0,-1023.0,18400.0,-739.0,19139.0,4.0,1.0,1.0,0.0,18122.0,320.0,-7451.0,892.0,-901.0
7708358357,2022,moscow city,46.49.49,100382.0,376.0,94735.0,2922.0,72223.0,3.0,1.0,1.0,0.0,81058.0,4022.0,-99968.0,414.0,816.0
4725003983,2022,leningrad,43.12,1917.0,-451.0,1051.0,79.0,972.0,5.0,1.0,1.0,0.0,1051.0,7.0,-2316.0,-399.0,-432.0
7325128398,2022,ulyanovsk,96.04,320.0,15.0,10531.0,20.0,11.0,8.0,1.0,1.0,0.0,31.0,0.0,-290.0,30.0,15.0
5048022114,2022,moscow reg.,68.10.12,36159.0,769.0,2533.0,-241.0,2766.0,13.0,1.0,1.0,0.0,1711.0,591.0,-34552.0,1607.0,1145.0
6168117144,2022,rostov,46.90,52.0,1.0,108.0,21.0,87.0,0.0,1.0,1.0,0.0,107.0,241.0,-44.0,8.0,1.0
2629012477,2022,stavropol,46.18.91,76075.0,1392.0,15518.0,4659.0,10859.0,5.0,1.0,1.0,0.0,15373.0,58.0,-73284.0,2791.0,1749.0
4025439982,2022,kaluga,26.51,714814.0,188850.0,674929.0,260233.0,411059.0,8.0,1.0,1.0,0.0,563680.0,3597.0,-332843.0,258116.0,238159.0
7723374459,2022,moscow city,46.46.20,3885.0,-129.0,753.0,146.0,608.0,7.0,1.0,1.0,0.0,753.0,28.0,-3032.0,46.0,-128.0
2448006859,2022,krasnoyarsk,49.41,145760.0,448.0,91165.0,13573.0,45309.0,2.0,1.0,1.0,0.0,33932.0,2.0,-144907.0,623.0,560.0
6722037321,2022,smolensk,01.41,1563.0,147.0,19017.0,163.0,18702.0,1.0,1.0,1.0,0.0,19017.0,202.0,-1362.0,201.0,184.0
3811164132,2022,irkutsk,71.11,61439.0,125.0,58027.0,2020.0,43421.0,9.0,1.0,1.0,0.0,57549.0,3745.0,-58610.0,2829.0,2345.0
7456022476,2022,chelyabinsk,86.21,22201.0,1686.0,13070.0,9802.0,3268.0,8.0,1.0,1.0,0.0,12791.0,150.0,-9988.0,12213.0,2379.0
1656079461,2022,tatarstan,43.29,9785.0,1822.0,3311.0,3289.0,22.0,8.0,1.0,1.0,0.0,3311.0,2264.0,-7714.0,2071.0,2024.0
5404165092,2022,novosibirsk,52.29,93549.0,979.0,18258.0,1011.0,17247.0,2.0,1.0,1.0,0.0,18258.0,40.0,-92308.0,1241.0,1224.0
4705058744,2022,leningrad,70.22,382.0,25.0,10.0,10.0,1909.0,10.0,1.0,1.0,0.0,10.0,0.0,-6422.0,25.0,25.0
7724255398,2022,moscow city,47.52.70,399856.0,6077.0,23723.0,20941.0,2782.0,20.0,1.0,1.0,0.0,23723.0,2466.0,-392862.0,6994.0,7623.0
2204085006,2022,altai terr.,25.61,96806.0,294.0,47983.0,2415.0,21444.0,5.0,1.0,1.0,0.0,19221.0,4019.0,-94088.0,2718.0,434.0
5507268942,2022,omsk,74.90,8629.0,0.0,0.0,-376.0,9.0,3.0,1.0,1.0,0.0,0.0,0.0,-6422.0,263.0,0.0
7708700669,2022,moscow city,81.10,59482.0,4874.0,57540.0,40418.0,17122.0,13.0,1.0,1.0,0.0,51775.0,1136.0,-53172.0,6310.0,6116.0
9705149983,2022,leningrad,23.13,1786595.0,44722.0,1597350.0,77518.0,225360.0,2.0,1.0,1.0,0.0,713034.0,1232.0,-1114109.0,549450.0,56039.0
7606128690,2022,yaroslavl,85.21,598.0,0.0,70.0,984.0,35.0,0.0,1.0,1.0,0.0,70.0,61.0,-598.0,0.0,0.0
3906233585,2022,kaliningrad,52.29,8629.0,-387.0,327.0,317.0,10.0,11.0,1.0,1.0,0.0,327.0,2.0,-6422.0,263.0,-387.0
7805717330,2022,sankt-petersburg,49.41,2011.0,52.0,2785.0,-346.0,3131.0,5.0,1.0,1.0,0.0,2785.0,1373.0,-1925.0,86.0,73.0
7737530203,2022,moscow city,46.10,104170.0,44573.0,173689.0,134525.0,39163.0,14.0,1.0,1.0,0.0,167734.0,0.0,-35303.0,68867.0,48304.0
5404074984,2022,novosibirsk,73.11,2028.0,17.0,25111.0,11227.0,13884.0,4.0,1.0,1.0,0.0,25111.0,163.0,-1994.0,34.0,21.0
2536176401,2022,primorsky terr.,46.75.10,27990.0,1104.0,14667.0,9939.0,4228.0,16.0,1.0,1.0,0.0,14555.0,0.0,-22356.0,1425.0,1380.0
1901135157,2022,khakasia,46.49,130624.0,5154.0,26873.0,15114.0,9838.0,5.0,1.0,1.0,0.0,26873.0,5055.0,-115931.0,6493.0,6442.0
2901137325,2022,arkhangelsk,85.42.10,1211.0,130.0,211.0,138.0,73.0,17.0,1.0,1.0,0.0,211.0,158.0,-1058.0,153.0,153.0
1120004513,2022,komi,50.40,39616.0,-2085.0,12185.0,9149.0,3036.0,21.0,1.0,1.0,0.0,3909.0,540.0,-41029.0,-1413.0,-2085.0
5003134241,2022,moscow reg.,47.73,17661.0,1534.0,47376.0,1534.0,44387.0,3.0,1.0,1.0,0.0,47376.0,2569.0,-15844.0,1817.0,1805.0
6685187171,2022,sverdlovsk,73.20,25230.0,533.0,3216.0,830.0,2386.0,1.0,1.0,1.0,0.0,3112.0,2929.0,-6422.0,730.0,666.0
6623028421,2022,sverdlovsk,45.11.10,265706.0,9746.0,183104.0,49379.0,64913.0,16.0,1.0,1.0,0.0,164492.0,108.0,-247310.0,1699.0,12434.0
9722018490,2022,moscow city,62.01,8629.0,-578.0,38.0,-528.0,566.0,0.0,1.0,1.0,0.0,38.0,6.0,-551.0,-551.0,-578.0
6685150012,2022,sverdlovsk,46.73.60,46687.0,2338.0,63111.0,1504.0,60257.0,4.0,1.0,1.0,0.0,56651.0,653.0,-42263.0,4424.0,2624.0
7449145660,2022,chelyabinsk,78.30,58.0,0.0,30.0,10.0,20.0,1.0,1.0,1.0,0.0,30.0,30.0,-58.0,0.0,0.0
2372005789,2022,krasnodar,56.10,8629.0,-17.0,14.0,-21628.0,21642.0,9.0,1.0,1.0,0.0,14.0,3.0,-11.0,-11.0,-17.0
1655484266,2022,tatarstan,43.39,5111.0,4.0,25.0,14.0,11.0,0.0,1.0,1.0,0.0,25.0,2.0,-5099.0,12.0,5.0
7728709606,2022,moscow city,18.10,18964.0,1234.0,4065.0,3828.0,237.0,13.0,1.0,1.0,0.0,4065.0,3910.0,-16370.0,2594.0,1613.0
4101095863,2022,kamchatka,47.70,180872.0,17389.0,35649.0,32874.0,2775.0,18.0,1.0,1.0,0.0,34769.0,7115.0,-158582.0,22290.0,19688.0
6726027194,2022,smolensk,46.73,36581.0,368.0,2689.0,378.0,2311.0,0.0,1.0,1.0,0.0,414.0,207.0,-36114.0,467.0,460.0
6678113235,2022,sverdlovsk,45.20.10,139.0,0.0,11.0,11.0,1909.0,1.0,1.0,1.0,0.0,11.0,11.0,-138.0,1.0,1.0
0323349670,2022,buryatia,81.22,2050.0,410.0,1700.0,100.0,927.0,12.0,1.0,1.0,0.0,1700.0,460.0,-1640.0,410.0,410.0
2801244690,2022,amur,78.20,207716.0,42185.0,82362.0,72906.0,9456.0,4.0,1.0,1.0,0.0,72083.0,32481.0,-154901.0,52815.0,52739.0
5047181658,2022,moscow reg.,69.20,127.0,-22.0,36.0,36.0,1909.0,6.0,1.0,1.0,0.0,36.0,36.0,-148.0,-21.0,-21.0
3234043453,2022,bryansk,68.20.20,6229.0,3762.0,377.0,99.0,278.0,21.0,1.0,1.0,0.0,369.0,297.0,-6422.0,3389.0,3389.0
9723116356,2022,moscow city,82.99,233.0,208.0,349.0,335.0,14.0,1.0,1.0,1.0,0.0,349.0,230.0,-7.0,226.0,222.0
5015010924,2022,moscow reg.,95.11,786.0,38.0,229.0,229.0,1909.0,13.0,1.0,1.0,0.0,229.0,189.0,-724.0,62.0,62.0
2721178403,2022,khabarovsk,68.10,8629.0,-349.0,6009.0,-690.0,6699.0,12.0,1.0,1.0,0.0,6009.0,241.0,-5.0,-5.0,-349.0
7840049124,2022,sankt-petersburg,55.10,6765.0,1810.0,1942.0,1865.0,77.0,6.0,1.0,1.0,0.0,1942.0,1239.0,-4897.0,1868.0,1951.0
7710918800,2022,moscow city,62.01,1300957.0,69292.0,882856.0,200173.0,178012.0,10.0,1.0,1.0,0.0,597593.0,19022.0,-94310.0,163073.0,87472.0
3025013462,2022,astrakhan,25.62,3276.0,644.0,742.0,653.0,89.0,8.0,1.0,1.0,0.0,742.0,587.0,-2609.0,667.0,767.0
7447196099,2022,chelyabinsk,46.70,0.0,0.0,10.0,10.0,0.0,11.0,1.0,1.0,0.0,10.0,0.0,0.0,263.0,0.0
4217116262,2022,kemerovo,69.10,5079.0,351.0,6044.0,2108.0,3936.0,13.0,1.0,1.0,0.0,6044.0,1125.0,-6422.0,685.0,610.0
8610019984,2022,khanty-mansijsk,41.20,0.0,0.0,1620.0,1620.0,1909.0,16.0,1.0,1.0,0.0,1620.0,0.0,0.0,263.0,0.0
5034053120,2022,moscow reg.,71.11,392.0,-204.0,1363.0,1076.0,287.0,6.0,1.0,1.0,0.0,1335.0,186.0,-596.0,-204.0,-204.0
2801152150,2022,amur,47.11,74852.0,644.0,7419.0,5797.0,1621.0,12.0,1.0,1.0,0.0,7419.0,3406.0,-72020.0,2832.0,1890.0
6166105658,2022,rostov,47.25,2300.0,-595.0,3827.0,13.0,440.0,5.0,1.0,1.0,0.0,3827.0,10.0,-1940.0,-552.0,-571.0
6623071096,2022,sverdlovsk,68.20,12720.0,10291.0,31864.0,31364.0,500.0,12.0,1.0,1.0,0.0,2176.0,169.0,-6422.0,12720.0,11163.0
6686099376,2022,sverdlovsk,46.90,105874.0,317.0,26493.0,1902.0,23759.0,5.0,1.0,1.0,0.0,26324.0,334.0,-85613.0,446.0,396.0
3706029303,2022,ivanovo,46.41.10,0.0,0.0,31.0,31.0,0.0,1.0,1.0,1.0,0.0,31.0,21.0,0.0,0.0,0.0
4027114316,2022,kaluga,43.20,7454.0,581.0,1406.0,-199.0,1605.0,9.0,1.0,1.0,0.0,1407.0,668.0,-6770.0,684.0,684.0
6950167055,2022,tver,45.30,0.0,0.0,534.0,-328.0,862.0,9.0,1.0,1.0,0.0,534.0,19.0,0.0,0.0,0.0
2465343484,2022,krasnoyarsk,56.29.20,2859.0,-33.0,158.0,-24.0,182.0,1.0,1.0,1.0,0.0,158.0,10.0,-2831.0,28.0,-13.0
4027148587,2022,kaluga,41.20,8629.0,-22.0,36113.0,-4.0,717.0,0.0,1.0,1.0,0.0,36109.0,32.0,-6422.0,263.0,-18.0
7842507570,2022,sankt-petersburg,11.07.20,267.0,485.0,12525.0,3300.0,9225.0,9.0,1.0,1.0,0.0,1503.0,143.0,-3023.0,-2756.0,510.0
9721139647,2022,moscow city,14.13,1528.0,86.0,126.0,124.0,2.0,1.0,1.0,1.0,0.0,126.0,0.0,-1372.0,156.0,100.0
6658272290,2022,sverdlovsk,96.04,1301.0,26.0,58.0,-223.0,281.0,15.0,1.0,1.0,0.0,58.0,2.0,-1055.0,246.0,65.0
3665003399,2022,voronezh,15.20,20300.0,2749.0,57345.0,40665.0,16680.0,24.0,1.0,1.0,0.0,8636.0,1025.0,-14680.0,5620.0,4307.0
2540259940,2022,primorsky terr.,46.74.20,27067.0,1077.0,17634.0,9730.0,6283.0,1.0,1.0,1.0,0.0,17633.0,330.0,-25657.0,1410.0,1373.0
7805515171,2022,sankt-petersburg,43.99,10610.0,559.0,20672.0,2716.0,14837.0,12.0,1.0,1.0,0.0,12835.0,167.0,-9052.0,-1624.0,613.0
7715254711,2022,moscow city,41.20,18235.0,654.0,50879.0,157.0,50645.0,22.0,1.0,1.0,0.0,50497.0,763.0,-17402.0,833.0,818.0
7720556669,2022,moscow city,46.69,252599.0,13559.0,268109.0,62015.0,206094.0,16.0,1.0,1.0,0.0,266750.0,2466.0,-226044.0,-12659.0,17020.0
7802882938,2022,sankt-petersburg,15.12,2377.0,38.0,485.0,110.0,375.0,2.0,1.0,1.0,0.0,485.0,2.0,-2558.0,-181.0,77.0
7722154556,2022,moscow city,26.60.50,42389.0,3.0,47691.0,12040.0,35649.0,24.0,1.0,1.0,0.0,47472.0,275.0,-29349.0,842.0,53.0
5835119037,2022,penza,68.32.10,8415.0,-950.0,3773.0,-844.0,4617.0,6.0,1.0,1.0,0.0,3773.0,1200.0,-8008.0,407.0,-869.0
0268067922,2022,bashkortostan,25.11,14520.0,8.0,1532.0,645.0,887.0,9.0,1.0,1.0,0.0,1532.0,147.0,-14494.0,26.0,10.0
5037002765,2022,moscow reg.,33.14,6385.0,550.0,990.0,570.0,420.0,17.0,1.0,1.0,0.0,990.0,826.0,-5533.0,852.0,692.0
5914204905,2022,perm,52.21.24,0.0,0.0,0.0,984.0,1909.0,30.0,1.0,1.0,0.0,4065.0,241.0,0.0,263.0,0.0
2204091850,2022,altai terr.,69.20,1462.0,53.0,127.0,88.0,39.0,2.0,1.0,1.0,0.0,127.0,114.0,-1453.0,9.0,102.0
3100010135,2022,belgorod,62.02,8629.0,-41.0,110.0,10.0,100.0,0.0,0.0,1.0,0.0,69.0,69.0,-41.0,-41.0,-41.0
5249157930,2022,nizhni novgorod,46.75.20,3287.0,2.0,579.0,59.0,520.0,5.0,1.0,1.0,0.0,579.0,4.0,-3283.0,4.0,3.0
7743388900,2022,moscow city,23.63,1520.0,-5.0,127.0,5.0,77.0,0.0,1.0,1.0,0.0,127.0,31.0,-1516.0,4.0,-5.0
7726680334,2022,moscow city,47.90,8629.0,-4.0,303.0,193.0,110.0,11.0,1.0,1.0,0.0,303.0,0.0,-6422.0,263.0,-4.0
7715538174,2022,moscow city,73.10,10680.0,724.0,1030.0,961.0,69.0,18.0,1.0,1.0,0.0,1030.0,282.0,-9823.0,857.0,839.0
6685120667,2022,sverdlovsk,69.20,40708.0,2046.0,9652.0,8210.0,1442.0,6.0,1.0,1.0,0.0,9652.0,4715.0,-35671.0,5037.0,2465.0
7326041862,2022,ulyanovsk,45.20,140.0,-714.0,1.0,-638.0,0.0,10.0,1.0,1.0,0.0,1.0,0.0,-721.0,-581.0,-710.0
9729311561,2022,moscow city,62.01,0.0,0.0,106635.0,20756.0,85879.0,1.0,1.0,1.0,0.0,88045.0,97.0,0.0,263.0,0.0
2373019431,2022,krasnodar,41.20,1000.0,77.0,1522.0,675.0,60.0,1.0,1.0,1.0,0.0,1522.0,194.0,-910.0,90.0,85.0
7805624710,2022,sankt-petersburg,47.75,1261.0,278.0,1229.0,922.0,307.0,9.0,1.0,1.0,0.0,1229.0,317.0,-941.0,320.0,299.0
6942008260,2022,tver,43.21,6795.0,98.0,5960.0,5960.0,0.0,17.0,1.0,1.0,0.0,5960.0,140.0,-6697.0,98.0,98.0
6150072277,2022,rostov,49.41,1627.0,1.0,11639.0,9871.0,1584.0,9.0,1.0,1.0,0.0,2424.0,4.0,-1381.0,246.0,1.0
5605000647,2022,orenburg,71.12.30,2676.0,123.0,24971.0,24843.0,128.0,22.0,1.0,1.0,0.0,5197.0,782.0,-1192.0,308.0,229.0
3629005217,2022,voronezh,46.30,30917.0,-1144.0,6772.0,6198.0,74.0,21.0,1.0,1.0,0.0,6651.0,113.0,-27618.0,-752.0,-818.0
6660095715,2022,sverdlovsk,49.41.20,217103.0,4652.0,62557.0,45864.0,16603.0,26.0,1.0,1.0,0.0,50268.0,455.0,-207451.0,9652.0,5886.0
9704094851,2022,moscow city,70.22,8629.0,-101.0,3.0,-91.0,1909.0,1.0,1.0,1.0,0.0,3.0,3.0,-89.0,-89.0,-101.0
7017448812,2022,tomsk,46.71,113282.0,423.0,17132.0,3082.0,14051.0,4.0,1.0,1.0,0.0,16643.0,2705.0,-112848.0,434.0,541.0
7713489860,2022,moscow city,73.11,8629.0,453.0,4676.0,453.0,4223.0,0.0,1.0,1.0,0.0,4676.0,137.0,-7457.0,1172.0,1146.0
6647005014,2022,sverdlovsk,68.32.10,8629.0,0.0,3759.0,-664.0,4423.0,11.0,1.0,1.0,0.0,3759.0,241.0,-6422.0,263.0,0.0
9701205901,2022,moscow city,69.10,399.0,-34.0,34.0,0.0,1909.0,0.0,1.0,1.0,0.0,34.0,241.0,-6422.0,-34.0,-34.0
7017407245,2022,tomsk,68.20,2303.0,-19.0,2122.0,19.0,2103.0,6.0,1.0,1.0,0.0,313.0,202.0,-2322.0,-19.0,-19.0
3253000053,2022,bryansk,01.13.30,18011.0,861.0,14236.0,13338.0,898.0,19.0,1.0,1.0,0.0,8183.0,51.0,-16301.0,1710.0,959.0
6168072239,2022,rostov,46.73,7080.0,2600.0,2600.0,750.0,1850.0,8.0,1.0,1.0,0.0,2600.0,728.0,-4270.0,2810.0,2810.0
5263046597,2022,nizhni novgorod,43.11,26857.0,1319.0,5354.0,-2716.0,7925.0,18.0,1.0,1.0,0.0,5229.0,610.0,-23706.0,3151.0,1588.0
7720287536,2022,moscow city,45.11.20,1636.0,84.0,16419.0,12555.0,1035.0,11.0,1.0,1.0,0.0,371.0,10.0,-1507.0,129.0,97.0
3123367928,2022,belgorod,46.69.50,906.0,72.0,463.0,98.0,365.0,7.0,1.0,1.0,0.0,463.0,188.0,-815.0,91.0,90.0
1644100045,2022,tatarstan,43.22,9340.0,59.0,3090.0,59.0,2651.0,0.0,1.0,1.0,0.0,919.0,371.0,-9261.0,79.0,74.0
2901303156,2022,arkhangelsk,46.90,5835.0,54.0,2757.0,179.0,2578.0,2.0,1.0,1.0,0.0,2757.0,11.0,-5763.0,72.0,68.0
2311308151,2022,krasnodar,77.12,10477.0,114.0,5683.0,164.0,5444.0,2.0,1.0,1.0,0.0,5683.0,1256.0,-11137.0,-660.0,143.0
7802324972,2022,sankt-petersburg,43.20,361848.0,8291.0,124506.0,11606.0,101789.0,17.0,1.0,1.0,0.0,122466.0,512.0,-300697.0,10630.0,10558.0
7804537461,2022,sankt-petersburg,41.20,36303.0,105.0,245889.0,-51263.0,296436.0,8.0,1.0,1.0,0.0,245226.0,19420.0,-36112.0,191.0,105.0
2320076066,2022,krasnodar,68.20.20,2820.0,53.0,797.0,439.0,358.0,23.0,1.0,1.0,0.0,315.0,4.0,-6422.0,111.0,83.0
5321201043,2022,novgorod,02.20,58948.0,-57533.0,302069.0,-54035.0,356103.0,3.0,1.0,1.0,0.0,264628.0,71706.0,-39992.0,18956.0,-57533.0
7728368667,2022,moscow city,46.69.50,36196.0,962.0,4668.0,2255.0,577.0,5.0,1.0,1.0,0.0,1611.0,59.0,-35194.0,1002.0,962.0
6324107403,2022,samara,46.72.20,26068.0,58.0,12141.0,186.0,11955.0,3.0,1.0,1.0,0.0,12141.0,147.0,-25908.0,160.0,88.0
2459012597,2022,krasnoyarsk,41.20,13193.0,49.0,4971.0,710.0,4041.0,18.0,1.0,1.0,0.0,4971.0,3203.0,-12856.0,337.0,275.0
0572021819,2022,dagestan,46.73,1571.0,125.0,11481.0,10234.0,1247.0,4.0,1.0,1.0,0.0,11335.0,555.0,-1308.0,139.0,139.0
6320051140,2022,samara,29.32.30,64556.0,1032.0,30060.0,6088.0,23972.0,2.0,1.0,1.0,0.0,28840.0,0.0,-62974.0,1582.0,1487.0
3665815312,2022,voronezh,46.65,85916.0,0.0,96.0,79.0,17.0,1.0,1.0,1.0,0.0,96.0,11.0,-69753.0,0.0,0.0
0716008522,2022,kabardino-balkaria,46.71,1940241.0,19582.0,582480.0,204025.0,103771.0,12.0,1.0,1.0,0.0,350770.0,2340.0,-1892098.0,48143.0,24477.0
0326499233,2022,buryatia,68.30,0.0,0.0,0.0,0.0,0.0,11.0,1.0,1.0,0.0,4065.0,241.0,-6422.0,0.0,0.0
7733311105,2022,moscow city,70.22,6973.0,-1918.0,2124.0,1408.0,716.0,6.0,1.0,1.0,0.0,1599.0,1398.0,-6422.0,5036.0,-1658.0
7703773039,2022,moscow city,69,8629.0,-308.0,121.0,-607.0,729.0,10.0,1.0,1.0,0.0,121.0,22.0,-324.0,-324.0,-307.0
5257084837,2022,nizhni novgorod,41.20,51827.0,1074.0,71903.0,1193.0,70710.0,7.0,1.0,1.0,0.0,42504.0,509.0,-46444.0,5383.0,1342.0
5405203270,2022,novosibirsk,68.20,20691.0,9317.0,137414.0,107400.0,30014.0,22.0,1.0,1.0,0.0,6989.0,1476.0,-10535.0,10156.0,10121.0
6670410596,2022,sverdlovsk,26.20,97058.0,9152.0,34348.0,17834.0,16514.0,6.0,1.0,1.0,0.0,31831.0,24334.0,-67780.0,12593.0,11253.0
5507245416,2022,omsk,69.10,2085.0,125.0,30.0,10.0,20.0,8.0,1.0,1.0,0.0,30.0,30.0,-1928.0,157.0,125.0
7325089220,2022,ulyanovsk,85.42.90,3721.0,23.0,23.0,23.0,0.0,13.0,1.0,1.0,0.0,23.0,23.0,-3698.0,23.0,23.0
2124048658,2022,chuvashia,45.20,407.0,5.0,417.0,417.0,0.0,1.0,1.0,1.0,0.0,417.0,407.0,-401.0,6.0,6.0
5036062754,2022,moscow reg.,47.59,11425.0,0.0,2960.0,984.0,2960.0,18.0,1.0,1.0,0.0,2960.0,2960.0,-11425.0,0.0,0.0
7728355548,2022,moscow city,81.21,13361.0,8959.0,618.0,618.0,0.0,6.0,1.0,1.0,0.0,618.0,93.0,-3981.0,9380.0,9348.0
2222881353,2022,altai terr.,46.33,7745.0,-3581.0,18669.0,-4081.0,6485.0,3.0,1.0,1.0,0.0,14333.0,7.0,-11157.0,-3412.0,-3581.0
2543163467,2022,primorsky terr.,52.29,63708.0,5602.0,28010.0,5612.0,15342.0,0.0,1.0,1.0,0.0,19666.0,8456.0,-54718.0,6766.0,6723.0
7715067648,2022,moscow city,68.20,9465.0,2911.0,27100.0,26317.0,783.0,29.0,1.0,1.0,0.0,359.0,287.0,-6037.0,3428.0,3365.0
9705142339,2022,moscow city,47.99,8629.0,0.0,10.0,-25.0,1909.0,2.0,1.0,1.0,0.0,10.0,10.0,0.0,0.0,0.0
3525394030,2022,vologda,16.10,18409.0,-145.0,61.0,-1577.0,1638.0,5.0,1.0,1.0,0.0,61.0,0.0,-18370.0,39.0,39.0
3129002440,2022,belgorod,41.20,6551.0,336.0,7742.0,2086.0,5656.0,24.0,1.0,1.0,0.0,7742.0,52.0,-6036.0,515.0,432.0
7801475591,2022,sankt-petersburg,29.32.30,610011.0,-65050.0,2867367.0,-1851950.0,4574059.0,14.0,1.0,1.0,0.0,1085159.0,40974.0,-789588.0,-269210.0,-209092.0
1657271425,2022,tatarstan,42.21,3498.0,10.0,2751.0,20.0,2731.0,1.0,1.0,1.0,0.0,2751.0,18.0,-3478.0,20.0,12.0
5260452752,2022,nizhni novgorod,46.49.40,854191.0,58494.0,148905.0,130735.0,18170.0,4.0,1.0,1.0,0.0,146224.0,7134.0,-775944.0,78247.0,75817.0
1839007175,2022,udmurtia,28.99.90,68081.0,12344.0,31094.0,15086.0,7082.0,7.0,1.0,1.0,0.0,31094.0,1358.0,-52449.0,15632.0,15436.0
2369002964,2022,krasnodar,46.49.20,201.0,-244.0,4302.0,-2547.0,6739.0,8.0,1.0,1.0,0.0,3384.0,11.0,-430.0,-229.0,-239.0
7743604372,2022,moscow city,47.20,12680.0,-1778.0,27838.0,21418.0,5279.0,16.0,1.0,1.0,0.0,1993.0,783.0,-14058.0,-1378.0,-1626.0
4405006960,2022,kostroma,43.22,1128.0,7.0,814.0,802.0,12.0,16.0,1.0,1.0,0.0,814.0,61.0,-1096.0,32.0,7.0
3706025041,2022,ivanovo,10.32,83603.0,527.0,34436.0,4165.0,23770.0,5.0,1.0,1.0,0.0,30045.0,395.0,-81672.0,1931.0,838.0
5405432664,2022,novosibirsk,46.90,1508.0,25.0,317.0,315.0,2.0,11.0,1.0,1.0,0.0,317.0,38.0,-1429.0,41.0,31.0
2538129460,2022,primorsky terr.,31.01,35432.0,3811.0,16148.0,14880.0,1268.0,13.0,1.0,1.0,0.0,14613.0,4600.0,-25174.0,3850.0,3811.0
2903010211,2022,arkhangelsk,86,53622.0,-4118.0,11424.0,1091.0,10313.0,10.0,1.0,1.0,0.0,5803.0,2755.0,-48875.0,-4715.0,-5099.0
4004021383,2022,kaluga,46.90,13666.0,347.0,1586.0,846.0,741.0,2.0,1.0,1.0,0.0,1466.0,573.0,-13255.0,411.0,403.0
5029166819,2022,moscow reg.,68.32,10390.0,737.0,18933.0,1993.0,4649.0,10.0,1.0,1.0,0.0,4207.0,2105.0,-9226.0,1164.0,953.0
7017488910,2022,tomsk,41.20,4930.0,24.0,34.0,34.0,1909.0,1.0,1.0,1.0,0.0,34.0,241.0,-4900.0,30.0,30.0
5042154530,2022,moscow reg.,46.46.20,10137.0,2121.0,7146.0,6908.0,238.0,2.0,1.0,1.0,0.0,7146.0,238.0,-7648.0,2008.0,2451.0
6164129879,2022,rostov,45.32,0.0,0.0,8868.0,707.0,8161.0,3.0,1.0,1.0,0.0,8868.0,708.0,0.0,0.0,0.0
8608060840,2022,khanty-mansijsk,01.13.12,8629.0,-1595.0,3391.0,-7277.0,10668.0,3.0,1.0,1.0,0.0,1817.0,9.0,-6422.0,-2619.0,-2643.0
6319069907,2022,samara,46.90,1833.0,123.0,4109.0,156.0,3969.0,22.0,1.0,1.0,0.0,4109.0,26.0,-1688.0,145.0,142.0
6229054913,2022,ryazan,43.22,375.0,2.0,7666.0,3402.0,4264.0,16.0,1.0,1.0,0.0,2541.0,34.0,-342.0,33.0,9.0
7720639097,2022,moscow city,26.20,1268.0,-872.0,1752.0,-741.0,2492.0,14.0,1.0,1.0,0.0,1752.0,1367.0,-1347.0,-866.0,-872.0
4205200801,2022,kemerovo,33.14,268134.0,24457.0,142485.0,105153.0,34242.0,12.0,1.0,1.0,0.0,104069.0,77.0,-205827.0,37263.0,32902.0
3662248792,2022,voronezh,46.71,4522.0,12.0,271.0,102.0,169.0,5.0,1.0,1.0,0.0,271.0,40.0,-4447.0,75.0,15.0
6501297667,2022,sakhalin,46.39,113292.0,3430.0,27914.0,15560.0,12354.0,4.0,1.0,1.0,0.0,21871.0,1397.0,-100350.0,12942.0,4425.0
6161094071,2022,rostov,96.02,1227.0,67.0,283.0,195.0,88.0,1.0,1.0,1.0,0.0,284.0,59.0,-1276.0,-49.0,79.0
3811997663,2022,irkutsk,41.20,76396.0,37.0,56780.0,17203.0,39577.0,10.0,1.0,1.0,0.0,53968.0,7350.0,-74302.0,2094.0,46.0
7524187990,2022,zabaikalsk terr.,49.41,3190.0,-88.0,2910.0,-78.0,2988.0,5.0,1.0,1.0,0.0,2910.0,10.0,-6422.0,-80.0,-88.0
6321453074,2022,samara,81.10,2289.0,162.0,4890.0,2839.0,2051.0,4.0,1.0,1.0,0.0,4890.0,60.0,-2016.0,273.0,237.0
5638078536,2022,orenburg,49.41,7070.0,83.0,6079.0,184.0,5895.0,1.0,1.0,1.0,0.0,6080.0,2.0,-6915.0,155.0,104.0
3435056117,2022,volgograd,52.29,96872.0,6368.0,11457.0,963.0,9293.0,12.0,1.0,1.0,0.0,10201.0,1718.0,-88425.0,8447.0,8012.0
5401998378,2022,novosibirsk,17.29,6805.0,118.0,7417.0,803.0,6614.0,2.0,1.0,1.0,0.0,7283.0,4.0,-6623.0,182.0,148.0
5003024954,2022,moscow reg.,11.07,5320433.0,299767.0,3541069.0,854797.0,2098102.0,25.0,1.0,1.0,0.0,2667220.0,19084.0,-4570373.0,441454.0,388171.0
6318004880,2022,samara,68.20.21,196136.0,31446.0,1286760.0,838860.0,447899.0,7.0,1.0,1.0,0.0,323009.0,9342.0,-155106.0,40219.0,39764.0
1215223601,2022,marij el,45.20,143748.0,2404.0,14556.0,12004.0,2552.0,4.0,1.0,1.0,0.0,11434.0,5071.0,-138693.0,5055.0,4235.0
7702380613,2022,moscow city,96.01,1506.0,107.0,18699.0,378.0,18322.0,7.0,1.0,1.0,0.0,18699.0,273.0,-1739.0,-233.0,136.0
7716879201,2022,moscow city,77.32,0.0,0.0,9027.0,3261.0,5766.0,5.0,1.0,1.0,0.0,9027.0,819.0,0.0,263.0,0.0
1658122730,2022,tatarstan,38.32.53,5070.0,3836.0,4509.0,2289.0,2220.0,12.0,1.0,1.0,0.0,3150.0,727.0,-929.0,4141.0,4087.0
7840079908,2022,sankt-petersburg,88.99,0.0,0.0,0.0,0.0,0.0,4.0,1.0,1.0,0.0,0.0,0.0,0.0,263.0,0.0
5005032693,2022,moscow reg.,47.25,2303.0,164.0,3383.0,3383.0,0.0,21.0,1.0,1.0,0.0,6.0,6.0,-2069.0,234.0,231.0
9717039590,2022,moscow city,75,3754.0,195.0,272.0,107.0,165.0,6.0,1.0,1.0,0.0,272.0,75.0,-3438.0,316.0,195.0
3110023415,2022,belgorod,15.20,280.0,0.0,40.0,10.0,30.0,1.0,1.0,1.0,0.0,40.0,241.0,-280.0,0.0,0.0
1716002547,2022,tuva,84.11.35,0.0,0.0,3858105.0,984.0,3858105.0,28.0,0.0,1.0,0.0,3841173.0,0.0,0.0,263.0,0.0
5504154665,2022,omsk,56.30,197329.0,1823.0,16704.0,10254.0,6450.0,4.0,1.0,0.0,0.0,16023.0,1813.0,-191612.0,5717.0,6499.0
4500000849,2022,kurgan,68.20,496.0,404.0,478.0,412.0,65.0,0.0,1.0,1.0,0.0,477.0,54.0,-55.0,441.0,436.0
2232009536,2022,altai terr.,68.32,8629.0,1.0,0.0,0.0,1909.0,13.0,1.0,1.0,0.0,4065.0,241.0,-6422.0,263.0,152.0
3525343050,2022,vologda,43.22,2084.0,2382.0,16368.0,12080.0,6645.0,7.0,1.0,1.0,0.0,16368.0,4064.0,-97.0,1987.0,2730.0
7716922591,2022,moscow city,73.11,5974.0,-430.0,1481.0,58.0,1229.0,4.0,1.0,1.0,0.0,1480.0,104.0,-6303.0,-329.0,-368.0
1004017230,2022,karelia,33.14,3064.0,77.0,7365.0,6538.0,827.0,10.0,1.0,1.0,0.0,7365.0,346.0,-2876.0,188.0,169.0
2464119722,2022,krasnoyarsk,46.71,8629.0,-1140.0,45902.0,2391.0,43510.0,7.0,1.0,1.0,0.0,41078.0,19.0,-935.0,-935.0,-950.0
7451459978,2022,chelyabinsk,45.31,1820.0,43.0,267.0,43.0,223.0,0.0,1.0,1.0,0.0,267.0,21.0,-1607.0,213.0,54.0
3441037610,2022,volgograd,62.02,3158.0,1552.0,10583.0,10312.0,271.0,13.0,1.0,1.0,0.0,10583.0,2.0,0.0,1846.0,1644.0
2459016707,2022,krasnoyarsk,46.14.20,1643.0,-305.0,7132.0,6811.0,321.0,13.0,1.0,1.0,0.0,940.0,468.0,-1865.0,-222.0,-225.0
9703092139,2022,moscow city,46.90,8629.0,-426.0,87.0,74.0,13.0,0.0,1.0,1.0,0.0,87.0,8.0,-6422.0,-426.0,-426.0
5410095301,2022,novosibirsk,46.73,32396.0,3861.0,62764.0,3961.0,36720.0,0.0,1.0,1.0,0.0,37728.0,7277.0,-28100.0,4296.0,4113.0
6623122921,2022,sverdlovsk,47.59.10,5615.0,779.0,16289.0,2330.0,13959.0,5.0,1.0,1.0,0.0,16289.0,1988.0,-4754.0,861.0,837.0
3666254606,2022,voronezh,46.77,1546.0,-334.0,252.0,-639.0,0.0,1.0,1.0,1.0,0.0,252.0,57.0,-1843.0,-297.0,-329.0
0268086523,2022,bashkortostan,47.59.40,147.0,133.0,473.0,440.0,29.0,3.0,1.0,1.0,0.0,473.0,425.0,0.0,147.0,142.0
6950030068,2022,tver,71.11.10,5720.0,-372.0,7382.0,4410.0,2972.0,7.0,1.0,1.0,0.0,4623.0,592.0,-5087.0,633.0,-172.0
2124048714,2022,chuvashia,46.73,44745.0,1431.0,6446.0,1440.0,5006.0,0.0,1.0,1.0,0.0,6446.0,3365.0,-37814.0,2128.0,2109.0
0573003636,2022,dagestan,86.90.90,18158.0,7435.0,7815.0,7445.0,370.0,8.0,1.0,1.0,0.0,7815.0,1668.0,-10332.0,7826.0,7826.0
9701062883,2022,moscow city,18.12,49787.0,1954.0,13709.0,7186.0,6523.0,5.0,1.0,1.0,0.0,12624.0,3613.0,-47289.0,2498.0,2465.0
9705161772,2022,moscow city,46.73,4665.0,0.0,3550.0,10.0,3540.0,1.0,1.0,1.0,0.0,3550.0,241.0,-4665.0,0.0,0.0
5402148616,2022,novosibirsk,46.51,2657.0,17.0,655.0,506.0,149.0,22.0,1.0,1.0,0.0,655.0,291.0,-2613.0,44.0,44.0
4401186906,2022,kostroma,70.22,44.0,31.0,6.0,5.0,0.0,4.0,1.0,1.0,0.0,6.0,3.0,-10.0,34.0,34.0
2543064441,2022,primorsky terr.,75.00.10,5760.0,36.0,253.0,164.0,89.0,7.0,1.0,1.0,0.0,253.0,28.0,-5099.0,661.0,135.0
5010054646,2022,moscow reg.,22.23,8629.0,-458.0,316837.0,-2224.0,29145.0,4.0,1.0,1.0,0.0,16189.0,44.0,-6422.0,-152.0,-467.0
7327086947,2022,ulyanovsk,45.31.10,12148.0,15.0,31166.0,2059.0,15438.0,4.0,1.0,1.0,0.0,25567.0,544.0,-11808.0,340.0,19.0
3908004478,2022,kaliningrad,42.11,0.0,101.5,100.0,13.0,1909.0,24.0,1.0,1.0,0.0,100.0,241.0,0.0,263.0,0.0
9701225993,2022,moscow city,46.90,111422.0,342.0,134293.0,852.0,133441.0,0.0,0.0,1.0,0.0,134293.0,241.0,-110995.0,427.0,427.0
9102166570,2022,crimea,68.32,8629.0,13.0,1193.0,1189.0,4.0,24.0,1.0,1.0,0.0,1154.0,1038.0,-6422.0,263.0,13.0
9701190885,2022,moscow city,46.90,13160.0,3.0,55.0,55.0,0.0,1.0,1.0,1.0,0.0,55.0,4.0,-13156.0,4.0,4.0
7813566437,2022,sankt-petersburg,45.10,873492.0,41703.0,300146.0,63307.0,235763.0,9.0,1.0,1.0,0.0,293930.0,4949.0,-791821.0,81671.0,51609.0
1001355914,2022,karelia,43.99,6018.0,936.0,1160.0,946.0,154.0,1.0,1.0,1.0,0.0,1160.0,241.0,-4284.0,1134.0,1022.0
7610131399,2022,yaroslavl,79.11,8629.0,0.0,19.0,-2.0,21.0,3.0,1.0,1.0,0.0,19.0,2.0,0.0,0.0,0.0
7604240054,2022,yaroslavl,77.30,8267.0,8.0,7495.0,349.0,6538.0,9.0,1.0,1.0,0.0,7495.0,549.0,-8259.0,8.0,8.0
5047211817,2022,moscow reg.,41.20,18736.0,198.0,1562.0,217.0,1345.0,4.0,1.0,1.0,0.0,1562.0,84.0,-18459.0,277.0,248.0
5047128157,2022,moscow reg.,74.10,1038.0,234.0,2359.0,16.0,2343.0,11.0,1.0,1.0,0.0,2359.0,17.0,-780.0,258.0,247.0
3623006863,2022,voronezh,47.73,35616.0,5.0,3237.0,3237.0,1909.0,16.0,1.0,1.0,0.0,3237.0,335.0,-31727.0,5.0,5.0
1650385582,2022,tatarstan,46.90,24641.0,180.0,22671.0,430.0,22241.0,3.0,1.0,1.0,0.0,22671.0,8.0,-24401.0,240.0,226.0
7717681243,2022,moscow city,46.46,0.0,-3074.0,8053.0,-13021.0,17274.0,12.0,1.0,1.0,0.0,465.0,28.0,-2.0,-2663.0,-3842.0
6451016068,2022,saratov,43.21,16650.0,-4220.0,10342.0,-6529.0,16862.0,3.0,1.0,1.0,0.0,9252.0,359.0,-19048.0,-2398.0,-4217.0
6163130889,2022,rostov,62.09,1041.0,-133.0,300.0,298.0,2.0,9.0,1.0,1.0,0.0,300.0,197.0,-1139.0,-98.0,-122.0
5404224380,2022,novosibirsk,43.39,979.0,103.0,191.0,144.0,46.0,1.0,1.0,1.0,0.0,191.0,33.0,-830.0,149.0,132.0
6829092491,2022,tambov,71.20.30,1587.0,770.0,1029.0,1014.0,15.0,9.0,1.0,1.0,0.0,1029.0,748.0,-737.0,850.0,770.0
7701253404,2022,moscow city,68.20.20,8475.0,486.0,3117.0,1826.0,1291.0,22.0,1.0,1.0,0.0,1557.0,274.0,-209.0,1043.0,607.0
5916035522,2022,perm,31.01,103998.0,9716.0,25027.0,22635.0,2391.0,2.0,1.0,1.0,0.0,24178.0,3706.0,-92804.0,11194.0,11106.0
7719436511,2022,moscow city,47.99,0.0,0.0,0.0,0.0,1909.0,6.0,1.0,1.0,0.0,0.0,241.0,0.0,263.0,0.0
4011033407,2022,kaluga,45.19,451.0,-19.0,27.0,10.0,17.0,1.0,1.0,1.0,0.0,4065.0,241.0,-460.0,-9.0,-19.0
5072724033,2022,moscow reg.,86.23,8868.0,-110.0,383.0,218.0,165.0,15.0,1.0,1.0,0.0,169.0,18.0,-6422.0,326.0,156.0
1001304324,2022,karelia,77.39.11,10744.0,1897.0,38635.0,2796.0,35836.0,7.0,1.0,1.0,0.0,24901.0,1763.0,-3479.0,2024.0,2000.0
5903103422,2022,perm,68.32.10,26.0,24.0,664.0,984.0,56.0,10.0,1.0,1.0,0.0,664.0,288.0,-6422.0,26.0,26.0
2308266840,2022,krasnodar,47.19,0.0,0.0,10.0,10.0,0.0,3.0,1.0,1.0,0.0,10.0,0.0,0.0,0.0,0.0
5406611240,2022,novosibirsk,47.52,3387.0,244.0,3775.0,1866.0,1909.0,6.0,1.0,1.0,0.0,3775.0,10.0,-3042.0,345.0,287.0
5003144828,2022,moscow reg.,68.32.10,209655.0,47712.0,99173.0,88885.0,10258.0,1.0,1.0,1.0,0.0,92411.0,99.0,-161584.0,48071.0,48810.0
2301064611,2022,krasnodar,41.20,109129.0,2033.0,78352.0,11649.0,66703.0,15.0,1.0,1.0,0.0,38733.0,1117.0,-106036.0,3093.0,2582.0
7727081943,2022,moscow city,14.14,331027.0,52224.0,1830500.0,1731423.0,36500.0,30.0,1.0,1.0,0.0,1678378.0,8113.0,-99178.0,42540.0,73264.0
7449134147,2022,chelyabinsk,41.20,175737.0,0.0,47739.0,58.0,47181.0,5.0,1.0,1.0,0.0,44981.0,1430.0,-175798.0,-61.0,0.0
2632099823,2022,stavropol,46.69.80,15443.0,2224.0,12543.0,-1901.0,14444.0,12.0,1.0,1.0,0.0,11483.0,1491.0,-12940.0,2503.0,2395.0
0278972707,2022,bashkortostan,33.12,1218.0,2.0,526.0,13.0,513.0,0.0,1.0,1.0,0.0,526.0,366.0,-1211.0,7.0,3.0
7816282803,2022,sankt-petersburg,46.46,69.0,-228.0,153.0,-436.0,143.0,7.0,1.0,1.0,0.0,153.0,241.0,-291.0,-222.0,-226.0
2366018758,2022,krasnodar,93.29,45092.0,1085.0,10796.0,2216.0,8579.0,2.0,1.0,1.0,0.0,4776.0,9.0,-43953.0,1139.0,1102.0
7729763236,2022,moscow city,46.74.30,1706030.0,66393.0,604876.0,161784.0,439838.0,8.0,1.0,1.0,0.0,598310.0,14946.0,-1369484.0,200376.0,83298.0
3808188133,2022,irkutsk,94.12,8629.0,-6.0,12.0,-630.0,642.0,11.0,1.0,1.0,0.0,12.0,0.0,-6422.0,263.0,-6.0
2617013973,2022,stavropol,47.59,8629.0,-103.0,18.0,-448.0,2.0,7.0,1.0,1.0,0.0,18.0,17.0,-93.0,-93.0,-103.0
6732153623,2022,smolensk,38.32.30,0.0,-239.0,10450.0,10450.0,0.0,5.0,1.0,1.0,0.0,10450.0,1.0,-215.0,-215.0,-231.0
6829149469,2022,tambov,47.51,53624.0,-1008.0,51.0,51.0,0.0,3.0,1.0,1.0,0.0,51.0,1.0,-54095.0,-471.0,-471.0
3257015195,2022,bryansk,71.10,4190.0,649.0,4190.0,10.0,4180.0,8.0,1.0,1.0,0.0,4190.0,4190.0,-2977.0,649.0,649.0
7805706352,2022,sankt-petersburg,46.69,22642.0,1654.0,29968.0,2553.0,27415.0,5.0,1.0,1.0,0.0,29967.0,659.0,-20581.0,2061.0,2067.0
1639048801,2022,tatarstan,68.20,20069.0,9688.0,167316.0,43371.0,18645.0,9.0,1.0,1.0,0.0,101317.0,4765.0,-9715.0,10354.0,10271.0
6832001060,2022,tambov,10.61,2065566.0,59329.0,722587.0,302802.0,419785.0,25.0,1.0,1.0,0.0,644262.0,218320.0,-1756946.0,107602.0,75652.0
7722396210,2022,moscow city,80.10,92123.0,1859.0,22889.0,6899.0,15990.0,5.0,1.0,1.0,0.0,22889.0,1541.0,-88661.0,2752.0,2361.0
2466104954,2022,krasnoyarsk,69.20.20,25690.0,14118.0,53301.0,47668.0,5633.0,20.0,1.0,1.0,0.0,53301.0,53.0,-10795.0,14895.0,14836.0
8603229148,2022,khanty-mansijsk,81.10,6785.0,836.0,1345.0,627.0,718.0,5.0,1.0,1.0,0.0,1345.0,66.0,-5225.0,1560.0,1463.0
2511121714,2022,primorsky terr.,88.91,59.0,4.0,14.0,10.0,4.0,0.0,0.0,1.0,0.0,14.0,10.0,-34.0,13.0,4.0
5044124475,2022,moscow reg.,43.12.30,8629.0,-19.0,17.0,-9.0,26.0,0.0,1.0,1.0,0.0,17.0,17.0,-6422.0,263.0,-19.0
7840370708,2022,sankt-petersburg,68.30,108194.0,1730.0,309255.0,-618284.0,927539.0,15.0,1.0,1.0,0.0,237028.0,1730.0,-104491.0,3703.0,1730.0
7718792387,2022,moscow city,46.69,194372.0,17651.0,72896.0,24275.0,43523.0,12.0,1.0,1.0,0.0,35897.0,3143.0,-106293.0,22437.0,21997.0
7816086622,2022,sankt-petersburg,68.20,3148.0,1874.0,3912.0,3632.0,280.0,28.0,1.0,1.0,0.0,492.0,43.0,-1147.0,2001.0,1989.0
7203382407,2022,tyumen,82.91,6180.0,5467.0,91849.0,18468.0,73381.0,6.0,1.0,1.0,0.0,66163.0,2352.0,-4931.0,-34296.0,28695.0
3906281170,2022,kaliningrad,68.20,8629.0,0.0,1845.0,-318.0,2163.0,10.0,1.0,1.0,0.0,1845.0,241.0,-6422.0,263.0,0.0
2801234886,2022,amur,22.23,20558.0,1843.0,1986.0,1863.0,123.0,5.0,1.0,1.0,0.0,1986.0,34.0,-18429.0,2129.0,2116.0
7817070255,2022,sankt-petersburg,68.20,22346.0,14339.0,86751.0,79122.0,2871.0,5.0,1.0,1.0,0.0,56114.0,186.0,-1810.0,18120.0,17994.0
5010057870,2022,moscow reg.,46.38,12487.0,1307.0,1984.0,1818.0,166.0,2.0,1.0,1.0,0.0,1983.0,369.0,-10900.0,1587.0,1539.0
7717565254,2022,moscow city,46.41,62337.0,9538.0,69064.0,60865.0,8199.0,16.0,1.0,1.0,0.0,69064.0,797.0,-51073.0,11264.0,11242.0
6154143514,2022,rostov,49.42,34982.0,3750.0,19571.0,4174.0,15397.0,6.0,1.0,1.0,0.0,14619.0,716.0,-15604.0,3762.0,4167.0
5405496509,2022,novosibirsk,46.73.60,7915.0,698.0,5751.0,2826.0,2925.0,8.0,1.0,1.0,0.0,5751.0,46.0,-6170.0,927.0,872.0
2724249476,2022,khabarovsk,46.73,20886.0,1.0,25183.0,26.0,25157.0,0.0,1.0,1.0,0.0,25183.0,241.0,-3251.0,1.0,1.0
7801635140,2022,sankt-petersburg,46.73,41135.0,209.0,6534.0,208.0,5137.0,8.0,1.0,1.0,0.0,5563.0,176.0,-41048.0,87.0,261.0
6320062952,2022,samara,78.30,815.0,75.0,306.0,75.0,68.0,1.0,1.0,1.0,0.0,306.0,5.0,-738.0,77.0,75.0
2411000177,2022,krasnoyarsk,10.71,17072.0,-1026.0,10577.0,8679.0,1898.0,20.0,1.0,1.0,0.0,4705.0,224.0,-21540.0,-4468.0,-404.0
7805720043,2022,sankt-petersburg,41.20,20040.0,122.0,8545.0,384.0,6033.0,5.0,1.0,1.0,0.0,6155.0,665.0,-632.0,410.0,152.0
9725040504,2022,moscow city,46.38,63259.0,488.0,26461.0,901.0,25255.0,2.0,1.0,1.0,0.0,26460.0,1610.0,-62613.0,646.0,610.0
7730269159,2022,moscow city,68.10,8629.0,-2.0,15.0,8.0,1909.0,1.0,1.0,1.0,0.0,15.0,2.0,-6422.0,263.0,-2.0
7718839532,2022,moscow city,46.90,46399.0,260.0,87537.0,7089.0,80448.0,11.0,1.0,1.0,0.0,84587.0,1072.0,-45987.0,412.0,325.0
2302038163,2022,krasnodar,01.11.10,5549.0,795.0,9317.0,9187.0,130.0,23.0,1.0,1.0,0.0,9236.0,15.0,-4446.0,1103.0,795.0
2465179298,2022,krasnoyarsk,86.90,40649.0,7008.0,17750.0,13970.0,3780.0,4.0,1.0,1.0,0.0,17750.0,3446.0,-32950.0,7699.0,7495.0
7424011440,2022,chelyabinsk,46.72,34407.0,22.0,23470.0,208.0,23262.0,3.0,1.0,1.0,0.0,23470.0,0.0,-34357.0,50.0,28.0
6452921520,2022,saratov,28.90,47033.0,9169.0,49820.0,47963.0,1857.0,16.0,1.0,1.0,0.0,28545.0,16666.0,-36395.0,10638.0,10593.0
6205000771,2022,ryazan,68.20,8629.0,0.0,0.0,0.0,1909.0,4.0,1.0,1.0,0.0,0.0,0.0,-6422.0,263.0,152.0
5904648806,2022,perm,46.90,43169.0,-456.0,19604.0,18414.0,1190.0,8.0,1.0,1.0,0.0,18431.0,2094.0,-43243.0,-74.0,-9.0
0277957079,2022,bashkortostan,62.01,8629.0,-825.0,131.0,-996.0,1909.0,1.0,1.0,1.0,0.0,128.0,1.0,-814.0,-814.0,-825.0
5038052173,2022,moscow reg.,47.20,777.0,54.0,419.0,-202.0,622.0,16.0,1.0,1.0,0.0,419.0,0.0,-655.0,122.0,101.0
7727326745,2022,moscow city,43.21,52298.0,163.0,58573.0,1815.0,56758.0,5.0,1.0,1.0,0.0,58573.0,2630.0,-51938.0,360.0,204.0
2806006160,2022,amur,41.20,29978.0,4467.0,11751.0,11528.0,223.0,15.0,1.0,1.0,0.0,6165.0,2716.0,-23982.0,5996.0,5996.0
7716666034,2022,moscow city,77.39.20,8629.0,-14794.0,2639057.0,-377391.0,2729004.0,12.0,1.0,1.0,0.0,2425827.0,185.0,-6422.0,-398.0,-14792.0
4710012329,2022,leningrad,16.10.10,345159.0,3576.0,304582.0,178094.0,126488.0,7.0,1.0,1.0,0.0,170900.0,14072.0,-341099.0,4060.0,3576.0
6670123577,2022,sverdlovsk,68.32,578.0,-823.0,334.0,84.0,250.0,16.0,1.0,1.0,0.0,170.0,0.0,-1276.0,-698.0,-816.0
9717078110,2022,moscow city,49.20,32218.0,779.0,14960.0,1036.0,5753.0,3.0,1.0,1.0,0.0,10688.0,1158.0,-33878.0,-1660.0,974.0
2309068061,2022,krasnodar,56.10.10,127912.0,8581.0,33467.0,33467.0,1909.0,23.0,1.0,1.0,0.0,33467.0,4497.0,-119331.0,8581.0,8581.0
1832072190,2022,udmurtia,71.12.40,12596.0,2416.0,9461.0,3560.0,2289.0,13.0,1.0,1.0,0.0,7380.0,103.0,-9649.0,2947.0,2741.0
7203309291,2022,tyumen,71.10,349.0,1.0,329.0,323.0,6.0,8.0,1.0,1.0,0.0,329.0,329.0,-322.0,27.0,8.0
1686008612,2022,tatarstan,47.52,1055.0,43.0,348.0,53.0,295.0,0.0,1.0,1.0,0.0,348.0,143.0,-1005.0,49.0,54.0
6319244210,2022,samara,46.73.60,0.0,0.0,206.0,194.0,12.0,3.0,1.0,1.0,0.0,206.0,206.0,0.0,263.0,152.0
3664253396,2022,voronezh,49.41,1776.0,24.0,2460.0,34.0,2426.0,0.0,0.0,1.0,0.0,2460.0,558.0,-6422.0,80.0,30.0
4501054893,2022,kurgan,41.20,16325.0,1753.0,12341.0,6263.0,5307.0,25.0,1.0,1.0,0.0,5064.0,1200.0,-13948.0,2377.0,2347.0
0547006912,2022,dagestan,19.20,27208.0,224.0,182198.0,14743.0,76374.0,16.0,1.0,1.0,0.0,158398.0,154.0,-27642.0,-2018.0,280.0
6625053938,2022,sverdlovsk,61.10.40,2604.0,1601.0,1544.0,1316.0,228.0,13.0,1.0,1.0,0.0,1544.0,634.0,-366.0,1706.0,1678.0
2312271560,2022,krasnodar,46.73.60,21339.0,620.0,18208.0,916.0,17286.0,4.0,1.0,1.0,0.0,18209.0,849.0,-20559.0,780.0,772.0
6722020529,2022,smolensk,96.09,9437.0,495.0,21447.0,21379.0,68.0,15.0,1.0,1.0,0.0,19702.0,788.0,-8620.0,817.0,615.0
7707737105,2022,moscow city,68.32,127019.0,15421.0,57277.0,33797.0,23479.0,12.0,1.0,1.0,0.0,28655.0,660.0,-106332.0,20687.0,21082.0
5020059361,2022,moscow reg.,23.10,315329.0,-38790.0,315629.0,100254.0,213562.0,13.0,1.0,1.0,0.0,207367.0,32998.0,-344087.0,-51645.0,-47660.0
2224197029,2022,altai terr.,41.20,50.0,-10.0,155.0,-16.0,161.0,3.0,1.0,1.0,0.0,155.0,241.0,-48.0,2.0,-7.0
6950207212,2022,tver,93.29.20,38108.0,1186.0,5339.0,-424.0,5763.0,5.0,1.0,1.0,0.0,4364.0,803.0,-35653.0,2455.0,1565.0
5029150760,2022,moscow reg.,46.13.20,22318.0,6908.0,248292.0,26837.0,214555.0,11.0,1.0,1.0,0.0,247868.0,21681.0,-15301.0,7017.0,7590.0
9201005005,2022,sevastopol,43.21,1314.0,5.0,4353.0,4353.0,0.0,17.0,1.0,1.0,0.0,4353.0,1082.0,-1283.0,31.0,31.0
7810488935,2022,sankt-petersburg,68.30,8629.0,0.0,99.0,95.0,4.0,15.0,1.0,1.0,0.0,99.0,0.0,-6422.0,263.0,0.0
6439037978,2022,saratov,29.32,792213.0,46043.0,250377.0,178799.0,71578.0,24.0,1.0,1.0,0.0,173528.0,23841.0,-738017.0,54196.0,54405.0
3812131813,2022,irkutsk,20.15,22291.0,-4.0,973.0,14.0,959.0,11.0,1.0,1.0,0.0,973.0,14.0,-20338.0,-11.0,-4.0
7701258603,2022,moscow city,68.20,8023.0,-1509.0,73521.0,-15243.0,63734.0,21.0,1.0,1.0,0.0,18027.0,6.0,-1105.0,5094.0,-1391.0
5047184708,2022,moscow reg.,52.29,15295.0,2887.0,6355.0,5360.0,995.0,6.0,1.0,1.0,0.0,6355.0,2690.0,-6738.0,3622.0,3613.0
7724471286,2022,moscow city,73.11,16022.0,110.0,3412.0,203.0,3209.0,3.0,1.0,1.0,0.0,3412.0,728.0,-15762.0,260.0,137.0
7840026776,2022,sankt-petersburg,58.14,48160.0,-2818.0,35806.0,13408.0,14256.0,7.0,1.0,1.0,0.0,35806.0,71.0,-40617.0,1736.0,-2698.0
0274971974,2022,bashkortostan,28.29.13,25968.0,8484.0,23013.0,10484.0,10469.0,0.0,1.0,1.0,0.0,8781.0,232.0,-15081.0,10887.0,10156.0
1901104021,2022,khakasia,46.46,52935.0,7080.0,8037.0,7130.0,907.0,11.0,1.0,1.0,0.0,8037.0,6033.0,-45281.0,7654.0,7654.0
2305026247,2022,krasnodar,11.07.10,0.0,0.0,788.0,44.0,744.0,13.0,1.0,1.0,0.0,788.0,0.0,-334.0,-334.0,0.0
1674002366,2022,tatarstan,20.41,271.0,0.0,1194.0,10.0,1129.0,0.0,1.0,1.0,0.0,899.0,6.0,-258.0,13.0,0.0
9719006329,2022,moscow city,81.22,34178.0,879.0,2289.0,1496.0,793.0,2.0,1.0,1.0,0.0,2289.0,5.0,-33021.0,1157.0,1099.0
2308124669,2022,krasnodar,35.12,31525.0,2904.0,23033.0,20925.0,2108.0,16.0,1.0,1.0,0.0,23004.0,2581.0,-21710.0,9815.0,3918.0
7729089056,2022,moscow reg.,64.99.10,8629.0,-17695.0,820984.0,375170.0,241909.0,28.0,1.0,1.0,0.0,820984.0,0.0,0.0,0.0,-17695.0
5603038740,2022,orenburg,49.41,156271.0,8680.0,142290.0,28855.0,41129.0,10.0,1.0,1.0,0.0,77652.0,5300.0,-143971.0,12300.0,10806.0
7733846767,2022,moscow city,95.11,4999.0,3226.0,2773.0,2379.0,394.0,9.0,1.0,1.0,0.0,2773.0,1722.0,-6422.0,3441.0,3391.0
7709895724,2022,moscow city,73.11,263.0,-52.0,58926.0,23965.0,34790.0,10.0,1.0,0.0,0.0,58926.0,4033.0,-265.0,-2.0,-49.0
1834055143,2022,udmurtia,68.20,4653.0,1282.0,12134.0,5175.0,6959.0,11.0,1.0,1.0,0.0,1183.0,418.0,-2878.0,1775.0,1565.0
7730222672,2022,moscow city,73.11,8629.0,-647793.0,881432.0,787299.0,64133.0,6.0,1.0,1.0,0.0,880931.0,928.0,-212.0,-212.0,-647772.0
6449086251,2022,saratov,74.20,241.0,-394.0,290.0,-837.0,143.0,5.0,1.0,1.0,0.0,290.0,177.0,-625.0,-384.0,-386.0
6829163551,2022,tambov,82.92,9.0,0.0,10.0,10.0,1909.0,0.0,1.0,1.0,0.0,10.0,10.0,-9.0,0.0,0.0
7720474254,2022,moscow city,41.20,729305.0,534.0,481665.0,7747.0,473917.0,3.0,1.0,1.0,0.0,472472.0,11532.0,-701160.0,-45956.0,2528.0
1004019300,2022,karelia,45.31,28104.0,797.0,21234.0,1115.0,1831.0,4.0,1.0,1.0,0.0,15418.0,-297.0,-26827.0,1277.0,871.0
3662295249,2022,voronezh,43.29,0.0,0.0,10.0,10.0,0.0,1.0,1.0,1.0,0.0,10.0,0.0,0.0,263.0,0.0
5257149690,2022,nizhni novgorod,73.11,6602.0,280.0,3711.0,499.0,3209.0,8.0,1.0,1.0,0.0,3654.0,158.0,-6266.0,336.0,312.0
3327836180,2022,vladimir,41.20,48774.0,-19.0,70.0,10.0,60.0,14.0,1.0,1.0,0.0,70.0,241.0,-48793.0,-19.0,-19.0
8602206003,2022,khanty-mansijsk,47.59,1497.0,33.0,1490.0,473.0,1017.0,9.0,1.0,1.0,0.0,1490.0,454.0,-1451.0,46.0,48.0
7203253842,2022,tyumen,69.10,1596.0,134.0,328.0,-966.0,1294.0,12.0,1.0,1.0,0.0,326.0,34.0,-1406.0,190.0,160.0
2311084783,2022,krasnodar,35.14,1323.0,-2658.0,881.0,520.0,361.0,17.0,1.0,1.0,0.0,870.0,44.0,-3370.0,-2047.0,-2657.0
7701707496,2022,moscow city,85.42.90,62964.0,-38844.0,128842.0,-85435.0,201511.0,15.0,1.0,1.0,0.0,108648.0,63967.0,-62554.0,-46586.0,-33705.0
9721099708,2022,moscow city,73.11,556.0,46.0,607.0,346.0,261.0,2.0,1.0,1.0,0.0,607.0,269.0,-6422.0,65.0,57.0
2334026019,2022,krasnodar,86.10,30921.0,11707.0,22741.0,2749.0,19992.0,6.0,1.0,1.0,0.0,17702.0,1105.0,-17631.0,13290.0,12881.0
5948026263,2022,perm,68.32.10,46.0,92.0,5047.0,984.0,197.0,18.0,1.0,1.0,0.0,5047.0,2203.0,-6422.0,46.0,96.0
7806100444,2022,sankt-petersburg,56.10,12408.0,692.0,1584.0,-174.0,1018.0,23.0,1.0,0.0,0.0,1584.0,155.0,-9993.0,1252.0,831.0
7839032430,2022,sankt-petersburg,72.19,8629.0,-918.0,214.0,-6310.0,6523.0,7.0,1.0,1.0,0.0,213.0,31.0,-875.0,-875.0,-918.0
7727388653,2022,moscow city,96.02,11927.0,7672.0,12104.0,7544.0,503.0,4.0,1.0,0.0,0.0,2712.0,1311.0,-2762.0,9165.0,7768.0
1657087539,2022,tatarstan,47.73,0.0,0.0,27880.0,407.0,27473.0,13.0,1.0,1.0,0.0,27044.0,0.0,0.0,263.0,0.0
7724365295,2022,moscow city,47.11,71285.0,4321.0,16940.0,10048.0,6892.0,6.0,1.0,1.0,0.0,16940.0,189.0,-53866.0,5902.0,5083.0
5257149185,2022,nizhni novgorod,41.20,40915.0,106.0,40969.0,1052.0,39817.0,8.0,1.0,1.0,0.0,40968.0,2861.0,-52470.0,-11555.0,132.0
5002093909,2022,moscow reg.,63.11.10,94244.0,682.0,53985.0,51283.0,2702.0,13.0,1.0,1.0,0.0,52956.0,25972.0,-88518.0,5726.0,3678.0
7713756530,2022,saratov,46.70,8629.0,0.0,11161.0,3219.0,7942.0,10.0,1.0,1.0,0.0,11161.0,241.0,-6422.0,263.0,0.0
5029259781,2022,moscow reg.,96.02,8629.0,-793.0,1957.0,-3275.0,2.0,2.0,1.0,1.0,0.0,1302.0,10.0,-786.0,-786.0,-793.0
2461218475,2022,krasnoyarsk,69.10,5115.0,287.0,10357.0,4993.0,5364.0,10.0,1.0,1.0,0.0,10357.0,112.0,-4648.0,450.0,337.0
9701136020,2022,moscow city,56.10,70380.0,2716.0,17201.0,-24779.0,14865.0,3.0,1.0,1.0,0.0,15425.0,3413.0,-60306.0,10074.0,3793.0
3123393491,2022,belgorod,41.20,19833.0,21.0,20478.0,1111.0,19367.0,6.0,1.0,1.0,0.0,14141.0,202.0,-14690.0,414.0,207.0
7447264091,2022,tyumen,46.71,0.0,0.0,3344.0,-742.0,249.0,6.0,1.0,1.0,0.0,3344.0,0.0,0.0,0.0,0.0
2462219680,2022,krasnoyarsk,68.20.20,20511.0,121.0,505502.0,-1070069.0,1125384.0,10.0,1.0,1.0,0.0,453149.0,35459.0,-20390.0,121.0,121.0
9201016430,2022,sevastopol,27.11,5202.0,33.0,1905.0,1776.0,129.0,26.0,1.0,1.0,0.0,1339.0,12.0,-4651.0,551.0,74.0
7811708397,2022,sankt-petersburg,71.11.10,0.0,0.0,138.0,5.0,133.0,4.0,1.0,1.0,0.0,138.0,138.0,0.0,0.0,0.0
1328013059,2022,mordovia,46.77,1424.0,-1416.0,3507.0,507.0,2604.0,6.0,1.0,1.0,0.0,2093.0,56.0,-6422.0,-10287.0,-860.0
7743692795,2022,moscow city,17.20,1992266.0,185162.0,510899.0,334142.0,146701.0,14.0,1.0,1.0,0.0,375750.0,226565.0,-1579125.0,237205.0,235198.0
7805794888,2022,sankt-petersburg,52.22.22,5278.0,1682.0,1904.0,1712.0,192.0,0.0,1.0,1.0,0.0,1904.0,1857.0,-3257.0,2021.0,1941.0
3257043940,2022,bryansk,41.20,10050.0,-9743.0,18526.0,-11306.0,29832.0,6.0,1.0,1.0,0.0,18526.0,265.0,-17741.0,-7987.0,-9743.0
7716947596,2022,moscow city,46.16,1763.0,-1120.0,1469.0,-2884.0,4353.0,2.0,1.0,1.0,0.0,1292.0,642.0,-2865.0,-1102.0,-1083.0
1655366079,2022,tatarstan,43.11,99110.0,876.0,27556.0,2259.0,25297.0,6.0,1.0,1.0,0.0,26073.0,2211.0,-96436.0,2062.0,1156.0
0229950683,2022,bashkortostan,46.31,53578.0,3109.0,3109.0,3109.0,1909.0,7.0,1.0,1.0,0.0,3109.0,2937.0,-49920.0,3658.0,3658.0
6679109506,2022,sverdlovsk,47.91,27.0,0.0,291.0,291.0,0.0,5.0,1.0,1.0,0.0,291.0,276.0,-23.0,4.0,0.0
5410094594,2022,novosibirsk,32.40,139.0,0.0,2.0,-76.0,78.0,0.0,1.0,1.0,0.0,2.0,2.0,-126.0,13.0,5.0
1648047882,2022,tatarstan,22.22,5343.0,100.0,39.0,39.0,1909.0,4.0,1.0,1.0,0.0,39.0,29.0,-5218.0,125.0,125.0
7106040599,2022,tula,43.21,28579.0,289.0,14170.0,1893.0,12277.0,21.0,1.0,1.0,0.0,12255.0,767.0,-17563.0,391.0,289.0
4824090955,2022,lipetzk,43.21,67083.0,536.0,72523.0,3044.0,27207.0,5.0,1.0,1.0,0.0,71654.0,10857.0,-61704.0,782.0,673.0
7536113633,2022,zabaikalsk terr.,46.73.50,92188.0,1257.0,26872.0,-2121.0,28993.0,12.0,1.0,1.0,0.0,25343.0,344.0,-92117.0,71.0,1257.0
7714833240,2022,moscow city,73.11,3052.0,109.0,36677.0,34502.0,2175.0,11.0,1.0,1.0,0.0,36677.0,457.0,-2995.0,57.0,231.0
3442054368,2022,volgograd,01.61,3037.0,431.0,2986.0,441.0,2545.0,22.0,1.0,1.0,0.0,2986.0,1511.0,-2223.0,814.0,613.0
4401070517,2022,kostroma,69.20,1453.0,49.0,691.0,297.0,394.0,16.0,1.0,1.0,0.0,691.0,42.0,-1358.0,95.0,75.0
5252041438,2022,nizhni novgorod,02.20,86115.0,1441.0,41471.0,37989.0,3482.0,5.0,1.0,1.0,0.0,24107.0,3998.0,-19518.0,6277.0,3905.0
7814648844,2022,sankt-petersburg,41.20,8629.0,-96.0,9717.0,5703.0,4013.0,6.0,1.0,1.0,0.0,9716.0,12.0,-6422.0,263.0,-96.0
9717045869,2022,moscow city,43.22,97820.0,-11571.0,75576.0,-12720.0,86819.0,6.0,1.0,1.0,0.0,45848.0,1943.0,-104475.0,-6655.0,-11334.0
7727271670,2022,moscow city,43.21,17646.0,-2314.0,9261.0,-314.0,9576.0,7.0,1.0,1.0,0.0,9261.0,1563.0,-18638.0,-992.0,-1328.0
3804050166,2022,irkutsk,71.10,33974.0,1327.0,11199.0,7345.0,1908.0,9.0,1.0,1.0,0.0,7781.0,1137.0,-31787.0,2187.0,1709.0
5904333355,2022,perm,68.20,1836.0,1189.0,5264.0,-2246.0,7510.0,6.0,1.0,1.0,0.0,1837.0,174.0,-1986.0,-150.0,1423.0
7721830459,2022,moscow reg.,82.99,0.0,0.0,4010.0,31.0,3978.0,8.0,1.0,1.0,0.0,4008.0,0.0,0.0,263.0,0.0
5262363392,2022,nizhni novgorod,43.21,6783.0,36.0,18545.0,149.0,18396.0,3.0,1.0,1.0,0.0,18520.0,2.0,-3620.0,65.0,50.0
5402055224,2022,novosibirsk,71.20.80,94.0,-71.0,1.0,-163.0,164.0,3.0,1.0,1.0,0.0,1.0,0.0,-148.0,-54.0,-70.0
7842123550,2022,sankt-petersburg,46.73,46201.0,5129.0,13026.0,10589.0,1243.0,6.0,1.0,1.0,0.0,11881.0,15.0,-35565.0,5344.0,5129.0
7807172829,2022,sankt-petersburg,79.11,89.0,13.0,50.0,47.0,3.0,5.0,1.0,1.0,0.0,50.0,2.0,-63.0,26.0,18.0
2634108880,2022,stavropol,45.11.39,8629.0,-7.0,2.0,-58.0,60.0,1.0,1.0,1.0,0.0,2.0,2.0,-7.0,-7.0,-7.0
3512004885,2022,vologda,16.10,169405.0,59984.0,98083.0,78255.0,4855.0,16.0,1.0,1.0,0.0,69017.0,36462.0,-6422.0,76866.0,64246.0
6658481865,2022,sverdlovsk,46.69,159290.0,6612.0,66113.0,11404.0,54569.0,6.0,1.0,1.0,0.0,66113.0,3299.0,-193671.0,-34381.0,8222.0
5911011373,2022,perm,71.20,18097.0,3224.0,23217.0,20533.0,2459.0,23.0,1.0,1.0,0.0,21200.0,13071.0,-12976.0,5121.0,4432.0
8602262431,2022,khanty-mansijsk,68.20,5797.0,2548.0,37676.0,11507.0,26169.0,7.0,1.0,1.0,0.0,724.0,250.0,-2822.0,2975.0,2607.0
9102186294,2022,crimea,68.32,8629.0,-111.0,0.0,984.0,1909.0,7.0,1.0,1.0,0.0,4065.0,241.0,-109.0,-109.0,-111.0
5638067164,2022,orenburg,49.41.10,990.0,-83.0,448.0,246.0,203.0,7.0,1.0,1.0,0.0,448.0,8.0,-461.0,529.0,-68.0
7723433190,2022,moscow city,13.30,0.0,-145.0,41.0,-255.0,0.0,6.0,1.0,1.0,0.0,42.0,1.0,-145.0,-145.0,-145.0
7811733971,2022,sankt-petersburg,25.62,8629.0,-61.0,164.0,-22.0,6.0,3.0,1.0,1.0,0.0,164.0,12.0,-60.0,-60.0,-61.0
0276946701,2022,bashkortostan,86.23,9326.0,-626.0,1150.0,494.0,656.0,3.0,1.0,1.0,0.0,1050.0,673.0,-9732.0,-406.0,-556.0
7715204742,2022,moscow city,55.90,0.0,-597.0,4244.0,2861.0,959.0,23.0,1.0,1.0,0.0,2116.0,31.0,-580.0,-580.0,-597.0
2463120620,2022,krasnoyarsk,43.21,0.0,0.0,4703.0,4156.0,547.0,2.0,1.0,1.0,0.0,4703.0,0.0,0.0,263.0,0.0
7602115812,2022,yaroslavl,46.90,2571.0,54.0,2776.0,507.0,2269.0,7.0,1.0,1.0,0.0,2776.0,17.0,-2500.0,71.0,67.0
9715316859,2022,moscow city,93.11,8629.0,0.0,394.0,984.0,1.0,4.0,1.0,1.0,0.0,394.0,288.0,-6422.0,263.0,0.0
1656108000,2022,tatarstan,43.21,23004.0,153.0,23292.0,277.0,18957.0,3.0,1.0,1.0,0.0,19610.0,564.0,-21857.0,271.0,191.0
7203119967,2022,tyumen,52.21.24,2840.0,19.0,16233.0,-151.0,16384.0,21.0,1.0,1.0,0.0,4621.0,53.0,-1692.0,1148.0,19.0
3017043255,2022,astrakhan,41.20,10148.0,2530.0,7245.0,6435.0,810.0,17.0,1.0,1.0,0.0,7245.0,1738.0,-6793.0,3355.0,3370.0
6901012394,2022,tver,86.90.90,5570.0,-1746.0,8222.0,3429.0,4793.0,20.0,1.0,1.0,0.0,7288.0,1261.0,-7129.0,-1559.0,-1585.0
9723088388,2022,moscow city,46.73.30,0.0,0.0,15.0,-2.0,9.0,3.0,1.0,1.0,0.0,15.0,1.0,0.0,263.0,0.0
2222865009,2022,altai terr.,49.41,47364.0,2019.0,6935.0,3534.0,3401.0,4.0,1.0,1.0,0.0,6935.0,110.0,-44650.0,2714.0,2493.0
5445106667,2022,novosibirsk,94.99,0.0,0.0,0.0,0.0,1909.0,21.0,1.0,1.0,0.0,4065.0,241.0,0.0,0.0,0.0
7733281517,2022,moscow city,46.47,33748.0,1518.0,17467.0,9691.0,7776.0,6.0,1.0,1.0,0.0,17325.0,247.0,-31807.0,1941.0,1898.0
5047199302,2022,moscow reg.,46.17,1667.0,-2.0,26607.0,958.0,25650.0,5.0,1.0,1.0,0.0,26608.0,46.0,-1598.0,69.0,-2.0
6686137840,2022,sverdlovsk,46.43,9379.0,318.0,911.0,337.0,574.0,1.0,1.0,1.0,0.0,911.0,452.0,-6287.0,389.0,398.0
6670494638,2022,sverdlovsk,49.42,30104.0,306.0,17748.0,739.0,11415.0,2.0,1.0,1.0,0.0,9808.0,1271.0,-29665.0,439.0,404.0
5107917582,2022,murmansk,49.41,2246.0,-1234.0,2694.0,-247.0,328.0,2.0,1.0,1.0,0.0,821.0,29.0,-3459.0,-1213.0,-1223.0
6671051340,2022,sverdlovsk,46.90,1712.0,26.0,4848.0,316.0,3730.0,6.0,1.0,1.0,0.0,4848.0,40.0,-1681.0,31.0,26.0
3662240232,2022,voronezh,41.20,329618.0,4869.0,399161.0,14716.0,120709.0,6.0,1.0,1.0,0.0,390053.0,3506.0,-255119.0,49094.0,6380.0
1101160644,2022,komi,02.40.10,7310.0,3830.0,16594.0,17176.0,1076.0,4.0,1.0,1.0,0.0,16595.0,84.0,-3351.0,3959.0,3948.0
2315190775,2022,krasnodar,85.42.90,262.0,-70.0,15.0,-47.0,62.0,8.0,1.0,1.0,0.0,15.0,3.0,-317.0,-55.0,-62.0
6417000727,2022,saratov,68.20,1286.0,-505.0,8775.0,-720.0,3163.0,5.0,1.0,1.0,0.0,3707.0,164.0,-1920.0,-634.0,-422.0
6164313638,2022,rostov,64.19,8629.0,-9.0,3607.0,3136.0,471.0,9.0,1.0,1.0,0.0,3607.0,24.0,-6422.0,263.0,-9.0
6432007460,2022,saratov,46.90,22444.0,292.0,18558.0,459.0,18099.0,13.0,1.0,1.0,0.0,18558.0,298.0,-22075.0,369.0,365.0
3245016701,2022,bryansk,16.10,33711.0,-16464.0,43197.0,-37332.0,77495.0,3.0,1.0,1.0,0.0,30232.0,60.0,-31628.0,-15461.0,-16464.0
5001119086,2022,moscow reg.,41.20,0.0,0.0,49.0,20.0,1909.0,4.0,1.0,1.0,0.0,49.0,2.0,0.0,263.0,0.0
4402005535,2022,kostroma,47.73,129745.0,6611.0,113917.0,110815.0,3102.0,23.0,1.0,1.0,0.0,29830.0,6949.0,-88941.0,9740.0,7990.0
6671014771,2022,sverdlovsk,31.01,5066.0,41.0,424.0,51.0,373.0,7.0,1.0,1.0,0.0,424.0,8.0,-4974.0,92.0,92.0
3810337375,2022,irkutsk,49.40,16075.0,33.0,22361.0,340.0,8051.0,8.0,1.0,1.0,0.0,20930.0,644.0,-3422.0,140.0,40.0
7728381820,2022,moscow city,10.11,182929.0,343.0,109956.0,680.0,32045.0,5.0,1.0,1.0,0.0,102478.0,3530.0,-167345.0,15584.0,557.0
5245017177,2022,nizhni novgorod,68.32.10,0.0,0.0,0.0,0.0,0.0,12.0,1.0,1.0,0.0,4065.0,241.0,-6422.0,0.0,0.0
4632120765,2022,kursk,18.10,25616.0,5175.0,7379.0,5105.0,2274.0,12.0,1.0,1.0,0.0,7380.0,2118.0,-19098.0,6518.0,6470.0
4706011033,2022,leningrad,68.32.20,8629.0,227.0,16172.0,13484.0,2688.0,27.0,1.0,1.0,0.0,1251.0,185.0,-6422.0,263.0,242.0
3435137782,2022,volgograd,52.29,10266.0,76.0,14555.0,295.0,12786.0,3.0,1.0,1.0,0.0,14555.0,404.0,-10033.0,233.0,95.0
2320078722,2022,krasnodar,41.20,2664.0,211.0,8706.0,5867.0,2839.0,24.0,1.0,1.0,0.0,1498.0,604.0,-2356.0,308.0,281.0
7726364681,2022,moscow city,26.52.10,253.0,-6.0,30805.0,1764.0,27906.0,7.0,1.0,1.0,0.0,29351.0,0.0,-258.0,-5.0,-5.0
5904206903,2022,perm,68.20.20,2887.0,-1492.0,6975.0,5393.0,1582.0,13.0,1.0,1.0,0.0,234.0,25.0,-2348.0,-1447.0,-1462.0
6950011019,2022,tver,70.22,8629.0,-3.0,3467.0,3466.0,1.0,16.0,1.0,1.0,0.0,301.0,241.0,-3.0,-3.0,-3.0
7715015181,2022,moscow city,15.12,82060.0,5381.0,42871.0,41484.0,1387.0,28.0,1.0,1.0,0.0,42536.0,5713.0,-75074.0,6986.0,7793.0
0105011095,2022,adygeya,47.11.20,91581.0,11215.0,97126.0,92388.0,4738.0,24.0,1.0,1.0,0.0,95997.0,6073.0,-70827.0,10970.0,10200.0
4345443850,2022,kirov,71.20.30,37707.0,382.0,9533.0,2339.0,7194.0,6.0,1.0,1.0,0.0,9082.0,79.0,-35464.0,572.0,483.0
7802620442,2022,sankt-petersburg,62.01,4299.0,1512.0,13290.0,13126.0,164.0,5.0,1.0,1.0,0.0,13290.0,8907.0,-2744.0,1555.0,1558.0
5536000033,2022,omsk,68.20.20,433.0,8.0,1650.0,1527.0,123.0,20.0,1.0,1.0,0.0,446.0,446.0,-425.0,8.0,8.0
2308184883,2022,krasnodar,46.71,14553.0,92.0,64109.0,11153.0,52956.0,10.0,1.0,1.0,0.0,63193.0,15490.0,-26552.0,-11999.0,115.0
7460051159,2022,chelyabinsk,35.30,56548.0,3799.0,31449.0,3629.0,27820.0,1.0,1.0,1.0,0.0,30623.0,382.0,-56423.0,125.0,4286.0
2112004286,2022,chuvashia,41.20,15778.0,288.0,2430.0,1632.0,799.0,8.0,1.0,1.0,0.0,2430.0,441.0,-12687.0,3091.0,3059.0
5507290578,2022,omsk,32.99.90,3294.0,163.0,1071.0,171.0,900.0,0.0,1.0,1.0,0.0,1071.0,1000.0,-2951.0,163.0,163.0
1623011299,2022,tatarstan,68.20,333.0,34.0,19.0,19.0,1909.0,12.0,1.0,1.0,0.0,19.0,2.0,-299.0,34.0,34.0
2720058640,2022,khabarovsk,43.22,8629.0,-20.0,6463.0,-166.0,6629.0,4.0,1.0,1.0,0.0,6463.0,103.0,-204.0,-204.0,-20.0
6829911398,2022,tambov,86.10,2322.0,105.0,251.0,217.0,34.0,9.0,1.0,1.0,0.0,251.0,251.0,-6422.0,105.0,105.0
6322021623,2022,samara,49.31,93036.0,-1802.0,73775.0,25202.0,30777.0,23.0,1.0,1.0,0.0,24109.0,722.0,-91111.0,1925.0,-1655.0
4825124565,2022,lipetzk,46.90,4780.0,108.0,2884.0,2884.0,0.0,5.0,1.0,1.0,0.0,2502.0,72.0,-4158.0,216.0,135.0
2312115138,2022,krasnodar,46.75.20,109639.0,650.0,59797.0,3187.0,56610.0,18.0,1.0,1.0,0.0,42184.0,7761.0,-93477.0,-361.0,813.0
7751168641,2022,moscow city,68.31,5927.0,158.0,3028.0,2498.0,165.0,3.0,1.0,1.0,0.0,2338.0,892.0,-5593.0,334.0,216.0
1001314795,2022,karelia,86.23,8861.0,1406.0,2640.0,2492.0,148.0,6.0,1.0,1.0,0.0,1469.0,138.0,-7258.0,1603.0,1603.0
7728273398,2022,moscow city,72.19,164769.0,51332.0,339871.0,10242.0,328874.0,20.0,1.0,1.0,0.0,322518.0,29851.0,-41714.0,52737.0,64261.0
5405063625,2022,novosibirsk,86.23,200684.0,6389.0,87209.0,5038.0,82171.0,1.0,1.0,1.0,0.0,83309.0,67706.0,-192709.0,7975.0,6389.0
5751059649,2022,oryol,47.73,12918.0,208.0,653.0,-1650.0,2303.0,6.0,1.0,1.0,0.0,653.0,224.0,-10932.0,443.0,208.0
6732220213,2022,smolensk,73.11,42119.0,9.0,15564.0,39.0,15525.0,1.0,1.0,1.0,0.0,15564.0,16.0,-39171.0,16.0,11.0
2411029680,2022,krasnoyarsk,43.29,0.0,0.0,39.0,12.0,27.0,3.0,1.0,1.0,0.0,39.0,0.0,0.0,263.0,152.0
7325160666,2022,ulyanovsk,71.12.20,0.0,-1505.0,86524.0,70170.0,10754.0,4.0,1.0,1.0,0.0,73285.0,21.0,-116.0,-1304.0,-1484.0
6453166566,2022,saratov,20.42,1294.0,93.0,2206.0,398.0,1808.0,1.0,1.0,1.0,0.0,2206.0,362.0,-1150.0,144.0,138.0
7451241026,2022,chelyabinsk,33.12,8629.0,-27.0,0.0,0.0,0.0,16.0,1.0,1.0,0.0,0.0,0.0,-23.0,-23.0,-27.0
4345413856,2022,kirov,43.31,44873.0,3187.0,12203.0,8621.0,3582.0,7.0,1.0,1.0,0.0,9885.0,4582.0,-39923.0,4950.0,4084.0
3702246650,2022,ivanovo,46.90,32709.0,66.0,6467.0,33.0,6434.0,2.0,1.0,1.0,0.0,6467.0,58.0,-32602.0,107.0,82.0
7602029264,2022,yaroslavl,41.20,8629.0,6.0,208.0,25.0,183.0,22.0,1.0,1.0,0.0,208.0,10.0,-26.0,-26.0,8.0
4317007066,2022,kirov,47.10,4239.0,129.0,3075.0,3004.0,71.0,9.0,1.0,1.0,0.0,3075.0,42.0,-3421.0,129.0,129.0
7220004853,2022,tyumen,01.11,19084.0,-24355.0,21065.0,-21425.0,32946.0,10.0,1.0,1.0,0.0,16730.0,1505.0,-39120.0,-21534.0,-24251.0
1215232941,2022,marij el,02.20,93049.0,2430.0,28955.0,17589.0,6442.0,2.0,1.0,1.0,0.0,11024.0,831.0,-87322.0,3758.0,3801.0
7709774399,2022,moscow city,64.99.10,70.0,262.0,886371.0,301871.0,584500.0,14.0,1.0,1.0,0.0,886371.0,1353.0,-224.0,-154.0,383.0
6315619236,2022,samara,82.99,1459247.0,350036.0,499079.0,253540.0,214151.0,14.0,1.0,1.0,0.0,451944.0,385.0,-989310.0,435243.0,438972.0
1001290270,2022,karelia,02.10,14528.0,9482.0,21008.0,14969.0,6039.0,8.0,1.0,1.0,0.0,14555.0,1716.0,-11194.0,3334.0,11007.0
3662251763,2022,voronezh,49.41,54756.0,1021.0,19707.0,5147.0,14412.0,5.0,1.0,1.0,0.0,16374.0,3.0,-53840.0,916.0,1276.0
3102049392,2022,belgorod,43.21,9020.0,618.0,1809.0,783.0,1017.0,1.0,1.0,1.0,0.0,1761.0,84.0,-8227.0,793.0,776.0
6623132694,2022,sverdlovsk,10.13.40,5.0,-42418.0,48197.0,-37741.0,60621.0,3.0,1.0,1.0,0.0,12671.0,183.0,-17257.0,-17252.0,-42418.0
6671215171,2022,sverdlovsk,79.11,8629.0,-211.0,102.0,102.0,1909.0,15.0,1.0,1.0,0.0,102.0,2.0,-6.0,-6.0,-211.0
7806311822,2022,sankt-petersburg,68.32.10,939.0,939.0,14726.0,984.0,14726.0,17.0,1.0,1.0,0.0,14726.0,134.0,-6422.0,939.0,939.0
2463059118,2022,krasnoyarsk,55.10,5895.0,-762.0,8439.0,7619.0,820.0,20.0,1.0,1.0,0.0,6747.0,1315.0,-6537.0,-642.0,-732.0
7840497341,2022,sankt-petersburg,47.59,0.0,-79.0,26025.0,11735.0,14290.0,9.0,1.0,1.0,0.0,26025.0,41.0,-66.0,-66.0,-79.0
9723164423,2022,moscow city,43.21,22630.0,1.0,300.0,50.0,150.0,0.0,1.0,1.0,0.0,50.0,50.0,-22629.0,1.0,1.0
7455025562,2022,chelyabinsk,95.11,36.0,-3.0,276.0,156.0,15.0,6.0,1.0,1.0,0.0,276.0,34.0,0.0,2.0,-3.0
1657237618,2022,tatarstan,41.20,0.0,0.0,18022.0,832.0,16702.0,5.0,1.0,1.0,0.0,18022.0,263.0,0.0,263.0,0.0
2308181770,2022,krasnodar,71.12.90,45637.0,5508.0,65034.0,55722.0,6251.0,11.0,1.0,1.0,0.0,40930.0,702.0,-39029.0,6608.0,6738.0
5917592244,2022,perm,68.32.10,81.0,81.0,2718.0,2150.0,568.0,17.0,1.0,1.0,0.0,2718.0,2020.0,-6422.0,81.0,81.0
4345503725,2022,kirov,02.40,43083.0,0.0,26817.0,11.0,26806.0,2.0,1.0,1.0,0.0,22217.0,1920.0,-19393.0,23690.0,23599.0
7726022180,2022,moscow city,47.19,8629.0,-125.0,73192.0,47531.0,1242.0,30.0,1.0,1.0,0.0,73191.0,56.0,-138.0,-138.0,-123.0
7801164645,2022,sankt-petersburg,41.20,9203.0,261.0,6885.0,3347.0,3538.0,22.0,1.0,1.0,0.0,6841.0,427.0,-8794.0,409.0,315.0
3438008087,2022,volgograd,47.19,10351.0,699.0,10.0,10.0,1909.0,14.0,1.0,1.0,0.0,10.0,10.0,-9652.0,699.0,699.0
5408025410,2022,novosibirsk,62.01,0.0,-879.0,299.0,-3461.0,3760.0,3.0,1.0,1.0,0.0,299.0,-218.0,-870.0,-870.0,-879.0
9717046809,2022,moscow city,73.20.10,2030754.0,9507.0,95460.0,3228.0,92226.0,6.0,1.0,1.0,0.0,95121.0,1135.0,-1978131.0,12853.0,11854.0
7709966615,2022,moscow city,68.10,370.0,-195.0,46.0,-1864.0,1910.0,8.0,1.0,1.0,0.0,46.0,13.0,-522.0,-152.0,-167.0
4826090140,2022,lipetzk,85.41,1169.0,-61.0,67.0,984.0,51.0,11.0,1.0,1.0,0.0,67.0,55.0,-1206.0,-37.0,-49.0
5246055908,2022,nizhni novgorod,68.31,517.0,11.0,110.0,21.0,89.0,1.0,1.0,1.0,0.0,110.0,42.0,-502.0,11.0,11.0
3461059844,2022,moscow reg.,46.77,79900.0,16.0,674.0,674.0,1909.0,6.0,1.0,1.0,0.0,609.0,39.0,-77334.0,2046.0,20.0
2631043151,2022,stavropol,41.20,8629.0,-40.0,198.0,-40.0,238.0,0.0,1.0,1.0,0.0,198.0,1.0,-9.0,-9.0,-40.0
2801190131,2022,amur,46.73.60,8629.0,-2.0,9143.0,628.0,8515.0,9.0,1.0,1.0,0.0,7067.0,0.0,-6422.0,263.0,-2.0
5074072778,2022,moscow reg.,43.21,3531.0,-77.0,484.0,10.0,474.0,1.0,1.0,1.0,0.0,484.0,484.0,-3305.0,-62.0,-77.0
2538091626,2022,primorsky terr.,11.07.10,8629.0,0.0,61985.0,2438.0,59547.0,17.0,1.0,0.0,0.0,60545.0,58105.0,-6422.0,263.0,0.0
2536266091,2022,primorsky terr.,62.02,2288.0,0.0,10.0,10.0,0.0,9.0,1.0,1.0,0.0,10.0,0.0,-2288.0,0.0,0.0
1612007188,2022,tatarstan,42.91.20,46973.0,1520.0,11915.0,7342.0,4573.0,14.0,1.0,1.0,0.0,11833.0,231.0,-44463.0,2510.0,2100.0
7602153896,2022,yaroslavl,81.22,1101.0,574.0,1203.0,1185.0,18.0,2.0,1.0,1.0,0.0,1183.0,76.0,-311.0,615.0,607.0
7743251945,2022,moscow city,43.22,51925.0,332.0,1515.0,342.0,1173.0,4.0,1.0,1.0,0.0,1515.0,1515.0,-50947.0,978.0,415.0
2823000786,2022,amur,49.41,56226.0,96.0,198.0,198.0,0.0,6.0,1.0,1.0,0.0,198.0,18.0,-56106.0,120.0,120.0
5036129247,2022,moscow reg.,79.10,8497.0,475.0,5023.0,2243.0,2759.0,9.0,1.0,1.0,0.0,5022.0,1248.0,-7804.0,693.0,713.0
7702436016,2022,moscow city,73.20,0.0,-751.0,138.0,138.0,0.0,4.0,1.0,1.0,0.0,18.0,0.0,-6422.0,-299.0,-740.0
7810168413,2022,sankt-petersburg,68.32.20,38.0,-1124.0,389.0,-7188.0,94.0,23.0,1.0,1.0,0.0,389.0,106.0,-1135.0,-1097.0,-1122.0
7724811630,2022,moscow city,43.99,0.0,0.0,0.0,0.0,0.0,11.0,1.0,1.0,0.0,0.0,0.0,0.0,0.0,0.0
5834128649,2022,penza,41.20,334.0,3.0,265.0,53.0,212.0,0.0,1.0,1.0,0.0,265.0,33.0,-317.0,17.0,4.0
9403025156,2022,luhansk,41.20,27224.0,1100.0,1818.0,3341.0,-1523.0,7.0,1.0,0.0,0.0,1818.0,115.0,-25658.0,1566.0,1519.0
5425002194,2022,altai terr.,01.47,94535.0,570.0,118275.0,30814.0,55524.0,13.0,1.0,1.0,0.0,68451.0,13189.0,-98153.0,-3618.0,2905.0
9705164879,2022,moscow city,62.01,0.0,0.0,10.0,10.0,0.0,0.0,1.0,1.0,0.0,10.0,10.0,-6422.0,0.0,0.0
7825096602,2022,sankt-petersburg,85.14,13642.0,1085.0,5062.0,984.0,1592.0,26.0,1.0,1.0,0.0,5062.0,3642.0,-12304.0,1338.0,1238.0
7203480250,2022,tyumen,46.39,540.0,2.0,889.0,10.0,404.0,3.0,1.0,1.0,0.0,889.0,13.0,-520.0,20.0,7.0
6165117611,2022,rostov,96.02,8838.0,690.0,5916.0,3214.0,2702.0,18.0,1.0,1.0,0.0,5785.0,168.0,-144.0,1027.0,790.0
7702434210,2022,moscow city,41.20,20942.0,2422.0,222212.0,61969.0,139538.0,4.0,1.0,1.0,0.0,138467.0,1124.0,-18283.0,2659.0,2596.0
7703122615,2022,moscow city,73.20.10,8629.0,-975.0,3342621.0,-59388.0,3391473.0,26.0,1.0,1.0,0.0,2729871.0,0.0,-6422.0,263.0,-979.0
9109007716,2022,crimea,25.11,80100.0,10689.0,31500.0,22896.0,8604.0,25.0,1.0,1.0,0.0,25865.0,9713.0,-67281.0,12819.0,12224.0
7720738034,2022,moscow city,66.20,272.0,0.0,1488.0,-1013.0,2501.0,11.0,1.0,1.0,0.0,1488.0,1.0,-254.0,18.0,3.0
3123367205,2022,belgorod,62.01,41347.0,868.0,42038.0,3563.0,6001.0,7.0,1.0,1.0,0.0,40317.0,294.0,-37878.0,1054.0,977.0
5262352295,2022,nizhni novgorod,93.29,18697.0,36.0,1719.0,1563.0,155.0,5.0,1.0,1.0,0.0,1719.0,115.0,-18470.0,227.0,223.0
2635248671,2022,stavropol,41.20,757.0,107.0,102965.0,87786.0,689.0,1.0,1.0,1.0,0.0,15079.0,20.0,-622.0,135.0,135.0
7714995788,2022,moscow city,62.01,8629.0,0.0,2.0,-1419.0,1421.0,5.0,1.0,0.0,0.0,2.0,241.0,-6422.0,263.0,0.0
4401129337,2022,kostroma,68.20,9920.0,5702.0,26677.0,15296.0,11381.0,11.0,1.0,1.0,0.0,1767.0,125.0,-3255.0,6665.0,6607.0
7604386590,2022,yaroslavl,46.90,12527.0,72.0,1083.0,122.0,961.0,0.0,1.0,1.0,0.0,1083.0,866.0,-12289.0,238.0,90.0
7841512585,2022,sankt-petersburg,69.10,2603.0,256.0,2370.0,2148.0,222.0,8.0,1.0,1.0,0.0,2327.0,216.0,-6422.0,448.0,392.0
6732080196,2022,smolensk,46.66,33526.0,20916.0,22379.0,21372.0,1008.0,8.0,1.0,1.0,0.0,10428.0,1296.0,-11025.0,22501.0,22383.0
5836695001,2022,penza,43.21,668.0,60.0,184.0,184.0,1909.0,2.0,1.0,1.0,0.0,184.0,0.0,-595.0,73.0,70.0
8622005351,2022,khanty-mansijsk,85.41,3.0,3.0,3.0,984.0,0.0,4.0,1.0,1.0,0.0,3.0,0.0,-6422.0,3.0,3.0
6672316648,2022,sverdlovsk,46.90,87785.0,39007.0,47560.0,39017.0,1449.0,12.0,1.0,1.0,0.0,47560.0,1635.0,-47122.0,40663.0,40456.0
3301020599,2022,vladimir,47.52,192.0,-3.0,1098.0,62.0,876.0,16.0,1.0,1.0,0.0,1098.0,0.0,-192.0,0.0,0.0
5029272447,2022,moscow reg.,86.23,8629.0,-5.0,10.0,5.0,5.0,0.0,1.0,1.0,0.0,10.0,10.0,-5.0,-5.0,-5.0
5024199881,2022,moscow reg.,45.31,9242.0,159.0,4076.0,777.0,3299.0,3.0,1.0,1.0,0.0,4076.0,380.0,-9025.0,217.0,199.0
7810688765,2022,sankt-petersburg,52.21,6468.0,188.0,509.0,259.0,250.0,5.0,1.0,1.0,0.0,509.0,14.0,-6130.0,338.0,253.0
7736296720,2022,moscow city,46.71,203696.0,12013.0,36094.0,12031.0,24063.0,5.0,1.0,1.0,0.0,36094.0,328.0,-180370.0,15316.0,15016.0
5260162556,2022,nizhni novgorod,96.02,708.0,265.0,96.0,-596.0,92.0,17.0,1.0,1.0,0.0,96.0,82.0,-415.0,293.0,287.0
2724220156,2022,khabarovsk,56.10,28018.0,-2816.0,28488.0,6288.0,21553.0,5.0,1.0,1.0,0.0,28488.0,4764.0,-29798.0,-1780.0,-2405.0
6154157323,2022,rostov,71.20.20,6895.0,-3515.0,3238.0,984.0,28.0,2.0,1.0,1.0,0.0,99.0,99.0,-9963.0,-3068.0,-3133.0
4726002196,2022,leningrad,68.20.20,8629.0,-46.0,1.0,-198.0,10.0,7.0,1.0,1.0,0.0,1.0,1.0,-46.0,-46.0,-46.0
9727004212,2022,moscow city,95.22.10,3070.0,215.0,314.0,225.0,89.0,0.0,1.0,1.0,0.0,314.0,171.0,-2780.0,290.0,269.0
4826070746,2022,lipetzk,79.11,510.0,46.0,64.0,56.0,8.0,12.0,1.0,1.0,0.0,54.0,54.0,-456.0,54.0,54.0
5259024350,2022,nizhni novgorod,46.90,5575.0,22.0,4807.0,3206.0,1601.0,23.0,1.0,1.0,0.0,4807.0,439.0,-5509.0,66.0,28.0
9718074492,2022,moscow city,22.23,167733.0,8548.0,30829.0,10339.0,20490.0,5.0,1.0,1.0,0.0,24974.0,884.0,-157337.0,10396.0,10709.0
9102246120,2022,crimea,46.73.60,5297.0,0.0,53550.0,10.0,22875.0,4.0,1.0,1.0,0.0,53550.0,86.0,-5297.0,0.0,0.0
7100017434,2022,tula,41.20,48791.0,1722.0,13525.0,1732.0,1613.0,0.0,1.0,1.0,0.0,2992.0,76.0,-46529.0,2262.0,2215.0
9204009262,2022,sevastopol,56.30,0.0,-4.0,2.0,-161.0,163.0,8.0,1.0,1.0,0.0,2.0,2.0,0.0,263.0,-4.0
5034052782,2022,moscow reg.,32.12.10,83468.0,90.0,26975.0,5826.0,6979.0,6.0,1.0,1.0,0.0,25032.0,1593.0,-83278.0,190.0,90.0
3702244317,2022,ivanovo,46.90,135804.0,1850.0,21995.0,3846.0,18149.0,2.0,1.0,1.0,0.0,21995.0,3455.0,-133252.0,2552.0,2313.0
5024178730,2022,moscow reg.,43.21,3033.0,-183.0,985.0,948.0,37.0,5.0,1.0,1.0,0.0,985.0,3.0,-3104.0,-71.0,-39.0
7728731993,2022,moscow reg.,46.73,8629.0,0.0,334.0,333.0,1.0,12.0,1.0,1.0,0.0,334.0,262.0,-6422.0,263.0,0.0
6027194964,2022,pskov,68.20,8629.0,0.0,1002.0,-34.0,736.0,4.0,1.0,1.0,0.0,2.0,0.0,-6422.0,263.0,0.0
6671009404,2022,sverdlovsk,41.20,20236.0,685.0,12345.0,-1136.0,10581.0,7.0,1.0,1.0,0.0,8394.0,568.0,-19102.0,1134.0,697.0
5220000870,2022,nizhni novgorod,01.41,27.0,0.0,12562.0,11971.0,591.0,20.0,1.0,1.0,0.0,10314.0,241.0,-27.0,0.0,0.0
1215137053,2022,marij el,55.10,1053.0,270.0,836.0,651.0,185.0,14.0,1.0,1.0,0.0,809.0,52.0,-716.0,337.0,302.0
0278114145,2022,bashkortostan,71.20.90,3721.0,9.0,3449.0,3436.0,13.0,17.0,1.0,1.0,0.0,3449.0,196.0,-3718.0,3.0,98.0
5903013994,2022,perm,94.20,8629.0,4.0,686.0,0.0,686.0,26.0,1.0,1.0,0.0,686.0,686.0,-6422.0,263.0,4.0
2814005192,2022,amur,46.61,26302.0,1848.0,15478.0,10.0,5629.0,1.0,1.0,1.0,0.0,15478.0,1382.0,-24034.0,2268.0,2226.0
5262362409,2022,nizhni novgorod,46.61.20,41402.0,184.0,17681.0,927.0,16754.0,3.0,1.0,1.0,0.0,17641.0,1353.0,-40912.0,490.0,230.0
7447267695,2022,chelyabinsk,73.11,15138.0,915.0,6461.0,3150.0,2286.0,6.0,1.0,1.0,0.0,5823.0,7.0,-13935.0,1203.0,1144.0
0101012179,2022,adygeya,47.11,0.0,0.0,10.0,10.0,0.0,7.0,1.0,1.0,0.0,10.0,0.0,0.0,263.0,0.0
7724949678,2022,moscow city,46.71,9080603.0,62788.0,617194.0,243204.0,215690.0,8.0,1.0,1.0,0.0,616068.0,8129.0,-8636780.0,107004.0,79658.0
7703421291,2022,moscow city,62.09,8629.0,-1289.0,6066.0,6066.0,1909.0,6.0,1.0,1.0,0.0,4489.0,45.0,-913.0,-913.0,-1289.0
7903528919,2022,jewish ao,16.10,25.0,-16443.0,121362.0,-49599.0,56959.0,8.0,1.0,1.0,0.0,107700.0,241.0,-5513.0,-5488.0,-15231.0
2225224074,2022,altai terr.,68.10.11,50510.0,6926.0,15717.0,6926.0,8792.0,0.0,1.0,1.0,0.0,13342.0,5361.0,-42631.0,7879.0,7391.0
5009113833,2022,moscow reg.,41.20,8629.0,-28.0,11.0,-73.0,84.0,4.0,1.0,1.0,0.0,4.0,241.0,-20.0,-20.0,-28.0
7814385786,2022,sankt-petersburg,42.22,556904.0,31800.0,337869.0,96625.0,181957.0,15.0,1.0,1.0,0.0,301521.0,12480.0,-474400.0,40342.0,40429.0
6625038376,2022,sverdlovsk,41.20,3543.0,10.0,4444.0,2874.0,1570.0,16.0,1.0,1.0,0.0,4444.0,152.0,-3189.0,354.0,111.0
7713428987,2022,moscow city,47.19,37.0,-4.0,27.0,-96.0,0.0,5.0,1.0,1.0,0.0,27.0,8.0,-6422.0,-2.0,-2.0
6672331269,2022,sverdlovsk,62.09,7481.0,269.0,1533.0,732.0,1909.0,11.0,1.0,1.0,0.0,1533.0,1097.0,-6763.0,718.0,718.0
7811262507,2022,sankt-petersburg,58.11.10,5654.0,1616.0,4998.0,4794.0,204.0,7.0,1.0,1.0,0.0,4998.0,1986.0,-3956.0,1698.0,1738.0
7725748639,2022,moscow city,46.40,44688.0,441.0,3803.0,1453.0,2350.0,10.0,1.0,1.0,0.0,3555.0,1792.0,-42732.0,787.0,551.0
2315208535,2022,krasnodar,46.73,680.0,-13.0,383.0,-358.0,741.0,4.0,1.0,1.0,0.0,383.0,19.0,-472.0,49.0,31.0
4704054987,2022,leningrad,46.39,8629.0,-27.0,1472.0,1036.0,436.0,18.0,1.0,1.0,0.0,1472.0,0.0,-6422.0,263.0,-25.0
7449134450,2022,chelyabinsk,33.12,12580.0,138.0,5376.0,1122.0,4254.0,5.0,1.0,1.0,0.0,5376.0,77.0,-12533.0,47.0,176.0
6220006143,2022,ryazan,45.30,22838.0,3217.0,17578.0,17387.0,191.0,18.0,1.0,1.0,0.0,17578.0,391.0,-15868.0,3217.0,3217.0
5029240886,2022,moscow reg.,46.90,38654.0,0.0,100.0,100.0,1909.0,3.0,1.0,1.0,0.0,4065.0,241.0,-38654.0,0.0,0.0
6513000198,2022,sakhalin,03.11,8629.0,-138.0,1170.0,1170.0,1909.0,23.0,1.0,1.0,0.0,4065.0,241.0,-138.0,-138.0,-138.0
8603233345,2022,khanty-mansijsk,42.21,11260.0,41.0,280.0,19.0,261.0,4.0,1.0,1.0,0.0,280.0,216.0,-11162.0,98.0,51.0
7729717705,2022,moscow city,46.52.20,1336.0,17.0,3636.0,1053.0,2583.0,10.0,1.0,1.0,0.0,3636.0,540.0,-1206.0,20.0,17.0
0268092870,2022,bashkortostan,49.42,40672.0,121.0,13909.0,435.0,12334.0,1.0,1.0,1.0,0.0,13908.0,836.0,-40155.0,517.0,185.0
7203379250,2022,tyumen,43.21,1671.0,1456.0,2323.0,1589.0,732.0,6.0,1.0,1.0,0.0,2323.0,22.0,-127.0,1544.0,1534.0
9305006846,2022,donetsk,68.20,8629.0,0.0,12000.0,12000.0,1909.0,0.0,1.0,0.0,0.0,12000.0,12000.0,-6422.0,263.0,152.0
6330080189,2022,samara,68.20,15296.0,-4737.0,104213.0,99617.0,4596.0,5.0,1.0,1.0,0.0,5491.0,5.0,-19451.0,-4155.0,-4253.0
3702571064,2022,yaroslavl,46.12.22,5017.0,2363.0,1130.0,1012.0,118.0,14.0,1.0,1.0,0.0,1089.0,317.0,-2425.0,2592.0,2574.0
5902156460,2022,perm,46.74.20,305.0,5.0,14178.0,15.0,848.0,16.0,1.0,1.0,0.0,14178.0,56.0,-231.0,6.0,6.0
2317081965,2022,krasnodar,28.25,4690.0,1230.0,5805.0,1865.0,3940.0,6.0,1.0,1.0,0.0,5805.0,1421.0,-3164.0,1526.0,1495.0
3303007321,2022,vladimir,49.41.20,1257.0,-74.0,914.0,642.0,272.0,19.0,1.0,1.0,0.0,798.0,571.0,-1237.0,20.0,-36.0
5018200289,2022,moscow reg.,42.21,8629.0,-832.0,12278.0,-709.0,12987.0,3.0,1.0,0.0,0.0,12278.0,3.0,-808.0,-808.0,-832.0
5018192278,2022,moscow reg.,46.46.20,21116.0,-3000.0,12283.0,4499.0,5333.0,5.0,1.0,1.0,0.0,6247.0,4344.0,-23699.0,-2583.0,-2323.0
3811147419,2022,irkutsk,33.12,2202.0,337.0,92.0,92.0,0.0,11.0,1.0,1.0,0.0,92.0,77.0,-325.0,1877.0,388.0
5406799778,2022,novosibirsk,46.52.20,10052.0,368.0,1641.0,765.0,876.0,3.0,1.0,1.0,0.0,1641.0,2.0,-9549.0,479.0,469.0
2508138725,2022,primorsky terr.,47.52.50,8485.0,17.0,1587.0,27.0,1560.0,2.0,1.0,1.0,0.0,1587.0,80.0,-8386.0,99.0,88.0
5904371625,2022,perm,52.29,26468.0,1206.0,21356.0,3363.0,17993.0,3.0,1.0,1.0,0.0,21329.0,358.0,-21677.0,1507.0,1507.0
7717285218,2022,moscow city,46.72.20,13945.0,746.0,28132.0,2791.0,25341.0,7.0,1.0,0.0,0.0,28132.0,368.0,-12980.0,965.0,933.0
7811755478,2022,sankt-petersburg,46.73,10657.0,58.0,3549.0,132.0,3417.0,1.0,1.0,1.0,0.0,2389.0,60.0,-10590.0,67.0,70.0
5034055494,2022,moscow reg.,70.22,1446.0,0.0,36.0,-156.0,192.0,4.0,1.0,1.0,0.0,36.0,36.0,-1387.0,59.0,43.0
6829160286,2022,tambov,46.71,2421810.0,609.0,1117417.0,709.0,1116708.0,1.0,1.0,1.0,0.0,1117417.0,25941.0,-2421370.0,440.0,761.0
2508119673,2022,primorsky terr.,52.22,2079.0,-577.0,3759.0,3750.0,0.0,8.0,1.0,1.0,0.0,3759.0,0.0,-2350.0,-271.0,-422.0
9725034081,2022,moscow city,46.46.20,8629.0,-293.0,61.0,-535.0,596.0,2.0,1.0,1.0,0.0,47.0,23.0,-6422.0,263.0,-292.0
7326051677,2022,ulyanovsk,46.73,29127.0,455.0,7378.0,523.0,6855.0,6.0,1.0,1.0,0.0,7378.0,1.0,-12523.0,-79.0,568.0
2311285666,2022,krasnodar,46.13,18496.0,460.0,4910.0,1327.0,3584.0,3.0,1.0,1.0,0.0,4412.0,1197.0,-17936.0,560.0,570.0
7203279689,2022,tyumen,47.43,8629.0,-1088.0,507.0,-1209.0,1715.0,10.0,1.0,1.0,0.0,507.0,0.0,-845.0,-845.0,-1088.0
9701182348,2022,moscow city,69.10,8867.0,4190.0,4360.0,4205.0,155.0,1.0,1.0,1.0,0.0,4360.0,29.0,-3825.0,5042.0,4358.0
3453005549,2022,volgograd,08.12,2054.0,-509.0,155.0,-4212.0,4367.0,4.0,1.0,1.0,0.0,155.0,5.0,-1331.0,723.0,-443.0
5406753910,2022,novosibirsk,41.20,0.0,-61.0,185.0,-54.0,24.0,9.0,1.0,1.0,0.0,185.0,10.0,-58.0,-58.0,-61.0
0107000652,2022,adygeya,58.13,308.0,0.0,441.0,441.0,0.0,19.0,1.0,1.0,0.0,416.0,17.0,-578.0,-4966.0,0.0
7728854064,2022,moscow city,63.11.10,8629.0,0.0,2915.0,984.0,1258.0,9.0,1.0,1.0,0.0,1260.0,1090.0,-6422.0,263.0,0.0
5405021054,2022,novosibirsk,46.73,5708.0,68.0,78.0,78.0,0.0,4.0,1.0,1.0,0.0,78.0,38.0,-5640.0,68.0,68.0
6677008848,2022,sverdlovsk,52.29,4025.0,-664.0,4320.0,-935.0,5255.0,7.0,1.0,1.0,0.0,4320.0,89.0,-4298.0,-273.0,-646.0
7609038532,2022,yaroslavl,25.61,1252.0,176.0,2162.0,1553.0,608.0,4.0,1.0,1.0,0.0,2131.0,1055.0,-702.0,216.0,191.0
2456016025,2022,krasnoyarsk,47.30,75178.0,-860.0,19596.0,7313.0,1322.0,5.0,1.0,1.0,0.0,2787.0,576.0,-72569.0,2609.0,-108.0
1832153096,2022,udmurtia,43.22,9108.0,-212.0,1878.0,5.0,1223.0,3.0,1.0,1.0,0.0,1798.0,114.0,-9306.0,-198.0,-197.0
6450611152,2022,saratov,68.20.20,4059.0,-8633.0,77718.0,-8721.0,86439.0,17.0,1.0,1.0,0.0,1722.0,808.0,-9354.0,-5315.0,-8580.0
7806450343,2022,sankt-petersburg,41.20,11553.0,1465.0,320.0,-857.0,979.0,11.0,1.0,1.0,0.0,320.0,51.0,-9977.0,1576.0,1546.0
7805463283,2022,sankt-petersburg,20.30,6626.0,1023.0,4997.0,2600.0,2397.0,14.0,1.0,1.0,0.0,4997.0,451.0,-5031.0,1073.0,1023.0
4345368201,2022,kirov,95.22.10,1670.0,661.0,4753.0,4720.0,33.0,9.0,1.0,1.0,0.0,4753.0,27.0,-624.0,746.0,661.0
7705798254,2022,moscow city,43.22,10855.0,838.0,2027.0,1677.0,350.0,15.0,1.0,1.0,0.0,2027.0,1566.0,-9796.0,1059.0,948.0
6685140303,2022,sverdlovsk,16.10,0.0,0.0,2749.0,-2003.0,4752.0,5.0,1.0,1.0,0.0,2661.0,273.0,0.0,263.0,0.0
1655291352,2022,tatarstan,50.30,7852.0,5081.0,12913.0,5115.0,298.0,8.0,1.0,1.0,0.0,10663.0,906.0,-978.0,6874.0,5484.0
5252040508,2022,nizhni novgorod,46.71,306528.0,214.0,229574.0,-15494.0,142446.0,6.0,1.0,1.0,0.0,229546.0,1822.0,-275703.0,9781.0,494.0
5260153985,2022,nizhni novgorod,68.32,27292.0,1194.0,105259.0,46317.0,8726.0,17.0,1.0,1.0,0.0,7496.0,96.0,-6422.0,10012.0,1701.0
3528287501,2022,vologda,46.72,34479.0,107.0,9260.0,1928.0,7332.0,4.0,1.0,1.0,0.0,9260.0,1009.0,-33381.0,1078.0,459.0
6659149589,2022,sverdlovsk,86.90,3868.0,684.0,1175.0,1089.0,86.0,15.0,1.0,1.0,0.0,897.0,842.0,-3064.0,804.0,721.0
7727271550,2022,moscow city,46.49.43,25536.0,1028.0,4669.0,1385.0,3284.0,7.0,1.0,1.0,0.0,2905.0,469.0,-24014.0,1522.0,1292.0
7840100250,2022,sankt-petersburg,56.10,2239.0,-30480.0,16942.0,-30470.0,3242.0,0.0,1.0,1.0,0.0,16831.0,86.0,-33082.0,-30843.0,-30444.0
3019021708,2022,astrakhan,47.41,7095.0,108.0,9096.0,-127.0,7107.0,5.0,1.0,1.0,0.0,9096.0,923.0,-6901.0,194.0,141.0
2312272772,2022,krasnodar,86.90,24279.0,9508.0,25238.0,3955.0,11987.0,4.0,1.0,1.0,0.0,23459.0,99.0,-13372.0,10907.0,10498.0
6670446994,2022,sverdlovsk,42.21,25661.0,987.0,22345.0,1645.0,20700.0,5.0,1.0,1.0,0.0,22345.0,453.0,-19699.0,1277.0,1233.0
7814725866,2022,sankt-petersburg,45.31,0.0,-1.0,500.0,268.0,232.0,4.0,1.0,1.0,0.0,500.0,0.0,0.0,263.0,-1.0
3662293001,2022,voronezh,46.13,4205.0,0.0,15.0,15.0,0.0,1.0,1.0,1.0,0.0,15.0,12.0,-4141.0,1.0,0.0
7714553363,2022,moscow city,59.11,9367.0,-6562.0,11832.0,9131.0,855.0,18.0,1.0,1.0,0.0,11832.0,1009.0,-14612.0,-5245.0,-6083.0
7806599551,2022,sankt-petersburg,46.18.99,13997.0,212.0,6748.0,223.0,6525.0,0.0,1.0,1.0,0.0,6748.0,248.0,-13632.0,365.0,265.0
1658115612,2022,tatarstan,68.20,5577.0,-854.0,10600.0,3924.0,6676.0,12.0,1.0,1.0,0.0,2104.0,32.0,-6371.0,-794.0,-795.0
0270021026,2022,bashkortostan,77.39.20,8629.0,0.0,0.0,0.0,0.0,11.0,1.0,1.0,0.0,0.0,0.0,-6422.0,263.0,0.0
2630050452,2022,stavropol,86.22,2436.0,549.0,476.0,447.0,29.0,3.0,1.0,1.0,0.0,365.0,10.0,-1858.0,578.0,578.0
4909113785,2022,magadan,64.90,385.0,-53.0,617112.0,-106896.0,634678.0,10.0,1.0,1.0,0.0,213916.0,52.0,-342.0,43.0,-53.0
7720776907,2022,moscow city,45.20,38417.0,7142.0,3822.0,3548.0,274.0,9.0,1.0,1.0,0.0,3622.0,638.0,-29102.0,9315.0,8644.0
5043072270,2022,moscow reg.,41.20,0.0,-92.0,606.0,516.0,91.0,1.0,1.0,1.0,0.0,607.0,2.0,-72.0,-72.0,-73.0
3812019667,2022,irkutsk,71.12.30,8629.0,-1.0,832.0,-175.0,1007.0,5.0,1.0,1.0,0.0,832.0,289.0,-6422.0,263.0,-1.0
6123013240,2022,rostov,10.51.30,1176.0,2.0,8982.0,8944.0,38.0,18.0,1.0,1.0,0.0,5965.0,0.0,-1162.0,14.0,14.0
3015083774,2022,astrakhan,94.20,0.0,0.0,16.0,984.0,1909.0,14.0,1.0,1.0,0.0,16.0,16.0,0.0,263.0,0.0
7017456027,2022,tomsk,73.11,8732.0,1025.0,1087.0,867.0,220.0,3.0,1.0,1.0,0.0,1087.0,101.0,-7707.0,1025.0,1025.0
5022053936,2022,moscow reg.,46.42,6187.0,109.0,5463.0,-910.0,3443.0,5.0,1.0,1.0,0.0,5463.0,25.0,-6006.0,181.0,136.0
2014013557,2022,chechnya,37,1511.0,1055.0,10.0,984.0,10.0,6.0,1.0,1.0,0.0,10.0,241.0,-456.0,1055.0,1055.0
6382088485,2022,samara,82.11,2347.0,1155.0,2324.0,1185.0,989.0,0.0,1.0,1.0,0.0,2324.0,5.0,-1182.0,1165.0,1164.0
7702732784,2022,moscow city,70.22,6174.0,929.0,9315.0,5330.0,3985.0,12.0,1.0,1.0,0.0,9315.0,1896.0,-6267.0,-93.0,929.0
3123328559,2022,belgorod,49.41,3030.0,257.0,3841.0,2004.0,1837.0,9.0,1.0,1.0,0.0,1215.0,40.0,-6422.0,359.0,257.0
8911031456,2022,yamal-nenets ao,41.20,77389.0,1743.0,162455.0,-1640.0,124667.0,2.0,1.0,1.0,0.0,34952.0,2625.0,-74344.0,3045.0,2179.0
7714978260,2022,moscow city,46.47,17584.0,1489.0,10496.0,10370.0,126.0,5.0,1.0,1.0,0.0,10293.0,81.0,-13327.0,1516.0,1489.0
6685192319,2022,sverdlovsk,70.10.10,0.0,0.0,319.0,319.0,1909.0,1.0,1.0,1.0,0.0,319.0,0.0,0.0,263.0,152.0
1001274461,2022,karelia,08.11,169309.0,71410.0,87276.0,43099.0,44177.0,9.0,1.0,1.0,0.0,78517.0,59141.0,-82097.0,78875.0,77777.0
3917056419,2022,kaliningrad,68.32,8629.0,-287.0,335.0,984.0,335.0,0.0,1.0,1.0,0.0,330.0,4.0,-287.0,-287.0,-287.0
7720829732,2022,moscow city,45.31.10,54085.0,3828.0,51444.0,4248.0,22417.0,8.0,1.0,1.0,0.0,41334.0,1602.0,-34198.0,1348.0,4769.0
7453347099,2022,chelyabinsk,52.29,27808.0,4023.0,3940.0,3089.0,851.0,0.0,1.0,1.0,0.0,3940.0,1267.0,-22637.0,5171.0,4383.0
5024225059,2022,moscow reg.,62.01,1053.0,41.0,102.0,91.0,11.0,0.0,1.0,1.0,0.0,102.0,52.0,-992.0,61.0,52.0
5034058294,2022,moscow reg.,46.73,1626.0,-157.0,8767.0,585.0,8182.0,3.0,1.0,1.0,0.0,8767.0,0.0,-1748.0,-122.0,-157.0
5256146738,2022,nizhni novgorod,45.30,10202.0,-1605.0,2346.0,-1742.0,2246.0,7.0,1.0,1.0,0.0,2346.0,106.0,-11747.0,-1712.0,-1508.0
4715031484,2022,leningrad,52.29,23984.0,56.0,2083.0,1168.0,440.0,5.0,1.0,1.0,0.0,2062.0,302.0,-23520.0,464.0,91.0
1108019464,2022,komi,75,6654.0,450.0,301.0,95.0,206.0,13.0,1.0,1.0,0.0,280.0,241.0,-6422.0,6654.0,450.0
5505223664,2022,omsk,86.23,7055.0,571.0,2146.0,1943.0,204.0,8.0,1.0,1.0,0.0,2142.0,658.0,-3413.0,801.0,658.0
1841036222,2022,udmurtia,46.90,38481.0,513.0,52726.0,2569.0,3073.0,9.0,1.0,1.0,0.0,52726.0,2406.0,-37770.0,711.0,616.0
2465175864,2022,krasnoyarsk,47.52.50,7912.0,462.0,1861.0,1627.0,234.0,4.0,1.0,1.0,0.0,1861.0,247.0,-7288.0,624.0,577.0
9715362929,2022,moscow city,49.41,19848.0,1767.0,7928.0,848.0,1957.0,3.0,1.0,1.0,0.0,2032.0,185.0,-12683.0,2378.0,1923.0
7703406590,2022,moscow city,73.20,203713.0,7906.0,72458.0,48176.0,24281.0,6.0,1.0,1.0,0.0,67801.0,14739.0,-6422.0,17298.0,12053.0
2320136928,2022,krasnodar,68.10,4056.0,-612.0,4414.0,4414.0,0.0,16.0,1.0,1.0,0.0,1505.0,1505.0,-3933.0,123.0,-490.0
0800003770,2022,kalmykia,41.20,127.0,2.0,170.0,11.0,11.0,0.0,1.0,1.0,0.0,170.0,4.0,-123.0,4.0,3.0
9102188580,2022,crimea,62.01,0.0,0.0,0.0,0.0,0.0,10.0,1.0,1.0,0.0,0.0,0.0,0.0,263.0,0.0
6321221059,2022,samara,62.01,203.0,13.0,120.0,120.0,0.0,14.0,1.0,1.0,0.0,120.0,113.0,-182.0,21.0,20.0
4703152269,2022,leningrad,86.23,59894.0,13505.0,45103.0,35269.0,9834.0,5.0,1.0,1.0,0.0,40377.0,36176.0,-45678.0,14216.0,14216.0
6165228640,2022,rostov,25.11,0.0,0.0,0.0,0.0,1909.0,1.0,1.0,1.0,0.0,4065.0,241.0,0.0,263.0,0.0
2724247817,2022,khabarovsk,46.90,8629.0,-17.0,3.0,-7.0,10.0,0.0,1.0,1.0,0.0,3.0,2.0,-6422.0,263.0,-17.0
2912006518,2022,arkhangelsk,41.20,306038.0,113503.0,272681.0,217775.0,54906.0,8.0,1.0,1.0,0.0,198099.0,1235.0,-192479.0,113559.0,113546.0
7444041675,2022,chelyabinsk,46.72.21,6122.0,2929.0,10512.0,9782.0,730.0,18.0,1.0,1.0,0.0,3848.0,10.0,-2728.0,3394.0,3368.0
8603163049,2022,khanty-mansijsk,71.12.53,9412.0,7914.0,21013.0,20836.0,177.0,13.0,1.0,1.0,0.0,21013.0,1113.0,-5214.0,4198.0,8032.0
2461212748,2022,krasnoyarsk,52.29,7655.0,1022.0,10276.0,2815.0,7461.0,11.0,1.0,1.0,0.0,10276.0,218.0,-6190.0,1465.0,1462.0
